## 그래프
WF																													THD																													R&B

## SET GRAPH(전체)
〔bg=#FFF2CC,b〕WF																													〔bg=#FFF2CC,b〕THD																													〔bg=#FFF2CC,b〕R&B

## SET MASK
〔bg=#E2EFDA〕WF Mask							〔bg=#E2EFDA〕THD Mask			〔bg=#E2EFDA〕RnB Crest Mask			〔bg=#E2EFDA〕FFT MASK										〔bg=#E2EFDA〕MIC MASK				〔bg=#E2EFDA〕LOOP MASK		
	REF	UP	LOW	UP	LOW			Mask			Mask			Mask			REF	UP	LOW	+	-			UP	LOW			UP	LOW
19.2307692307692	129.764673820521	133.764673820521	125.764673820521	4	-4		100	10		30	20		80	85		7998.39743589744	92.7776232087475		87.7776232087475	5	-5		100	-33	-39.5		100	-33	-41
22.4358974358974	130.784691118334	134.784691118334	126.784691118334	4	-4		700	10		100	20		100	72		8013.10123495891	92.7999709355378		87.7999709355378	5	-5		200	-33	-39.5		3000	-33	-41
25.6410256410256	131.537312019851	135.537312019851	127.537312019851	4	-4		1,500	20		1,000	11		200	67		8027.83206464853	92.8233248326287		87.8233248326287	5	-5		300	-33	-41		4000	-33	-41
28.8461538461539	132.098300898872	136.098300898872	128.098300898872	4	-4		10,000	20		3,000	9		300	67		8042.58997465786	92.8476602846353		87.8476602846353	5	-5		3000	-33	-41		9500	-33	-41
32.0512820512821	132.51001397384	136.51001397384	128.51001397384	4	-4								400	50		8057.37501476982	92.8729607930025		87.8729607930025	5	-5		4000	-33	-42		10000		-41
35.2564102564103	132.818629103432	136.818629103432	128.818629103432	4	-4								900	50		8072.18723485886	92.8992197293042		87.8992197293042	5	-5		10000	-33	-42				
38.4615384615385	133.070734432976	137.070734432976	129.070734432976	4	-4								2,000	31		8087.02668489109	92.9264453724094		87.9264453724094	5	-5		20000	-33					
41.6666666666667	133.300631949351	136.300631949351	130.300631949351	3	-3								3,000	31		8101.8934149245	92.9546699617868		87.9546699617868	5	-5								
44.8717948717949	133.525105880236	136.525105880236	130.525105880236	3	-3								4,000	31		8116.78747510909	92.983963183914		87.983963183914	5	-5								
48.0769230769231	133.740355477148	136.740355477148	130.740355477148	3	-3								6,000	18		8131.70891568705	93.014449486433		88.014449486433	5	-5								
51.2820512820513	133.926828793411	136.926828793411	130.926828793411	3	-3											8146.65778699295	93.0463262549609		88.0463262549609	5	-5								
54.4871794871795	134.065953093754	137.065953093754	131.065953093754	3	-3											8161.63413945387	93.0798761360133		88.0798761360133	5	-5								
57.6923076923077	134.154079547425	137.154079547425	131.154079547425	3	-3											8176.6380235896	93.1154631645104		88.1154631645104	5	-5								
60.8974358974359	134.20284150422	137.20284150422	131.20284150422	3	-3											8191.66949001282	93.1535028446048		88.1535028446048	5	-5								
64.1025641025641	134.231319355738	137.231319355738	131.231319355738	3	-3											8206.72858942923	93.1944055160488		88.1944055160488	5	-5								
67.3076923076923	134.256317075245	137.256317075245	131.256317075245	3	-3											8221.81537263775	93.2385086550372		88.2385086550372	5	-5								
70.5128205128205	134.284116284841	137.284116284841	131.284116284841	3	-3											8236.9298905307	93.286025039352		88.286025039352	5	-5								
73.7179487179487	134.309365866282	137.309365866282	131.309365866282	3	-3											8252.07219409394	93.3370272571663		88.3370272571663	5	-5								
76.9230769230769	134.322182501049	137.322182501049	131.322182501049	3	-3											8267.24233440707	93.3914685790733		88.3914685790733	5	-5								
80.1282051282052	134.31669541472	136.81669541472	131.81669541472	2.5	-2.5											8282.44036264358	93.4492234267185		88.4492234267185	5	-5								
83.3333333333334	134.294877262305	136.794877262305	131.794877262305	2.5	-2.5											8297.66633007105	93.5101285216689		88.5101285216689	5	-5								
84.1181107331997	134.286495957825	136.786495957825	131.786495957825	2.5	-2.5											8312.92028805129	93.5740138445971		88.5740138445971	5	-5								
85.2973755703375	134.278580351117	136.778580351117	131.778580351117	2.5	-2.5											8328.20228804056	93.640721249243		88.640721249243	5	-5								
86.4931727040757	134.264947451409	136.764947451409	131.764947451409	2.5	-2.5											8343.51238158968	93.7101132641482		88.7101132641482	5	-5								
87.7057339032437	134.251324721338	136.751324721338	131.751324721338	2.5	-2.5											8358.85062034426	93.782075675514		88.782075675514	5	-5								
88.9352941858743	134.243227216129	136.743227216129	131.743227216129	2.5	-2.5											8374.21705604484	93.8565168038401		88.8565168038401	5	-5								
90.182091864754	134.226482020079	136.726482020079	131.726482020079	2.5	-2.5											8389.61174052708	93.9333653003814		88.9333653003814	5	-5								
91.4463685936138	134.217131228238	136.717131228238	131.717131228238	2.5	-2.5											8405.03472572195	94.0125673956586		89.0125673956586	5	-5								
92.7283694139654	134.204746870684	136.704746870684	131.704746870684	2.5	-2.5											8420.48606365585	94.0940840165936		89.0940840165936	5	-5								
94.0283428025956	134.188909607259	136.688909607259	131.688909607259	2.5	-2.5											8435.96580645085	94.1778880072554		89.1778880072554	5	-5								
95.3465407197259	134.180802574569	136.680802574569	131.680802574569	2.5	-2.5											8451.47400632484	94.2639616565514		89.2639616565514	5	-5								
96.683218657847	134.159672743095	136.659672743095	131.659672743095	2.5	-2.5											8467.01071559169	94.3522946732807		89.3522946732807	5	-5								
98.0386356912387	134.149066659255	136.649066659255	131.649066659255	2.5	-2.5											8482.57598666145	94.4428826268524		89.4428826268524	5	-5								
99.4130545261829	134.127415134953	136.627415134953	131.627415134953	2.5	-2.5											8498.1698720405	94.5357257881601		89.5357257881601	5	-5								
100.806741551882	134.107692495672	136.107692495672	132.107692495672	2	-2											8513.79242433178	94.630828300926		89.630828300926	5	-5								
102.21996689209	134.088903227075	136.088903227075	132.088903227075	2	-2											8529.4436962349	94.7281976233537		89.7281976233537	5	-5								
103.653004457467	134.057882543698	136.057882543698	132.057882543698	2	-2											8545.12374054637	94.8278441641199		89.8278441641199	5	-5								
105.10613199867	134.041157304646	136.041157304646	132.041157304646	2	-2											8560.83261015973	94.9297810335201		89.9297810335201	5	-5								
106.579631160185	134.003023345024	136.003023345024	132.003023345024	2	-2											8576.5703580658	95.0340238566954		90.0340238566954	5	-5								
108.073787534916	133.985597062809	135.985597062809	131.985597062809	2	-2											8592.33703735277	95.1405906188062		90.1405906188062	5	-5								
109.588890719538	133.946274581676	135.946274581676	131.946274581676	2	-2											8608.13270120647	95.2495015238744		90.2495015238744	5	-5								
111.125234370626	133.926631994059	135.926631994059	131.926631994059	2	-2											8623.95740291046	95.3607788683253		90.3607788683253	5	-5								
112.683116261573	133.88872345865	135.88872345865	131.88872345865	2	-2											8639.81119584627	95.474446947904		90.474446947904	5	-5								
114.262838340304	133.866784792341	135.866784792341	131.866784792341	2	-2											8655.69413349358	95.590532015838		90.590532015838	5	-5								
115.864706787798	133.829151815561	135.829151815561	131.829151815561	2	-2											8671.60626943037	95.709062298638		90.709062298638	5	-5								
117.489032077431	133.804732773458	135.804732773458	131.804732773458	2	-2											8687.54765733311	95.8300680616952		90.8300680616952	5	-5								
119.136129035157	133.764745809309	135.764745809309	131.764745809309	2	-2											8703.51835097694	95.9535817020831		90.9535817020831	5	-5								
120.80631690052	133.7369139199	135.7369139199	131.7369139199	2	-2											8719.51840423589	96.0796378419283		91.0796378419283	5	-5								
122.499919388536	133.692971000113	135.692971000113	131.692971000113	2	-2											8735.547871083	96.2082734080142		91.2082734080142	5	-5								
124.217264752429	133.660592468224	135.660592468224	131.660592468224	2	-2											8751.60680559053	96.3395276935635		91.3395276935635	5	-5								
125.958685847258	133.613730308978	135.613730308978	131.613730308978	2	-2											8767.69526193015	96.4734423815501		91.4734423815501	5	-5								
127.724520194428	133.576130005865	135.576130005865	131.576130005865	2	-2											8783.81329437313	96.6100614810232		91.6100614810232	5	-5								
129.515110047109	133.529342604054	135.529342604054	131.529342604054	2	-2											8799.96095729049	96.74943114223		91.74943114223	5	-5								
131.330802456572	133.486896613219	135.486896613219	131.486896613219	2	-2											8816.13830515321	96.8915993767015		91.8915993767015	5	-5								
133.171949339451	133.441842417392	135.441842417392	131.441842417392	2	-2											8832.3453925324	97.0366157424838		92.0366157424838	5	-5								
135.038907545957	133.396118876044	135.396118876044	131.396118876044	2	-2											8848.58227409951	97.1845310255799		92.1845310255799	5	-5								
136.932038929037	133.350570616038	135.350570616038	131.350570616038	2	-2											8864.84900462647	97.3353969067196		92.3353969067196	5	-5								
138.851710414512	133.302749354251	135.302749354251	131.302749354251	2	-2											8881.14563898591	97.4892655919355		92.4892655919355	5	-5								
140.798294072194	133.253812483118	135.253812483118	131.253812483118	2	-2											8897.47223215134	97.6461893996295		92.6461893996295	5	-5								
142.772167187996	133.202070195208	135.202070195208	131.202070195208	2	-2											8913.82883919732	97.8062203140396		92.8062203140396	5	-5								
144.773712337063	133.15046232142	135.15046232142	131.15046232142	2	-2											8930.21551529967	97.9694095094375		92.9694095094375	5	-5								
146.803317457921	133.092966864655	135.092966864655	131.092966864655	2	-2											8946.63231573563	98.1358068190949		93.1358068190949	5	-5								
148.861375927665	133.037584497925	135.037584497925	131.037584497925	2	-2											8963.07929588406	98.3054601098986		93.3054601098986	5	-5								
150.948286638204	132.981027115119	134.981027115119	130.981027115119	2	-2											8979.55651122562	98.4784145515968		93.4784145515968	5	-5								
153.064454073576	132.918823523244	134.918823523244	130.918823523244	2	-2											8996.06401734299	98.654711810115		93.654711810115	5	-5								
155.210288388343	132.862032120676	134.862032120676	130.862032120676	2	-2											9012.60186992099	98.8343892217986		93.8343892217986	5	-5								
157.386205487087	132.802701170632	134.802701170632	130.802701170632	2	-2											9029.17012474684	99.0174790306739		94.0174790306739	5	-5								
159.592627105021	132.737096211998	134.737096211998	130.737096211998	2	-2											9045.76883771029	99.2040078021047		94.2040078021047	5	-5								
161.829980889728	132.675777706024	134.675777706024	130.675777706024	2	-2											9062.39806480387	99.3939961415988		94.3939961415988	5	-5								
164.098700484052	132.613256518601	134.613256518601	130.613256518601	2	-2											9079.05786212301	99.5874588128551		94.5874588128551	5	-5								
166.399225610141	132.542622162164	134.542622162164	130.542622162164	2	-2											9095.74828586627	99.7844052496448		94.7844052496448	5	-5								
168.732002154676	132.472494070939	134.472494070939	130.472494070939	2	-2											9112.46939233553	99.9848403270711		94.9848403270711	5	-5								
171.097482255293	132.40554087845	134.40554087845	130.40554087845	2	-2											9129.22123793616	100.188765180578		95.1887651805783	5	-5								
173.496124388215	132.334154516123	134.334154516123	130.334154516123	2	-2											9146.00387917726	100.396177893778		95.396177893778	5	-5								
175.928393457116	132.25864454495	134.25864454495	130.25864454495	2	-2											9162.81737267175	100.607073989351		95.6070739893512	5	-5								
178.394760883224	132.184543650695	134.184543650695	130.184543650695	2	-2											9179.66177513668	100.821446761525		95.8214467615246	5	-5								
180.895704696696	132.111635469107	134.111635469107	130.111635469107	2	-2											9196.53714339334	101.039287517734		96.0392875177344	5	-5								
183.431709629269	132.035627980028	134.035627980028	130.035627980028	2	-2											9213.44353436748	101.26058575133		96.2605857513295	5	-5								
186.003267208206	131.955415512243	133.955415512243	129.955415512243	2	-2											9230.38100508949	101.485329190334		96.4853291903344	5	-5								
188.610875851571	131.873232010236	133.873232010236	129.873232010236	2	-2											9247.34961269463	101.713503608165		96.7135036081655	5	-5								
191.255040964824	131.790812142899	133.790812142899	129.790812142899	2	-2											9264.34941442316	101.945092271665		96.9450922716648	5	-5								
193.936275038786	131.70784997944	133.70784997944	129.70784997944	2	-2											9281.38046762058	102.180074943455		97.1800749434547	5	-5								
196.655097748964	131.623438099895	133.623438099895	129.623438099895	2	-2											9298.44282973783	102.418426427478		97.4184264274776	5	-5								
199.412036056278	131.5373158691	133.5373158691	129.5373158691	2	-2											9315.53655833144	102.66011471456		97.6601147145603	5	-5								
202.207624309194	131.449488223155	133.449488223155	129.449488223155	2	-2											9332.66171106376	102.905098827877		97.9050988278775	5	-5								
205.042404347292	131.359820055387	133.359820055387	129.359820055387	2	-2											9349.81834570313	103.153326485048		98.1533264850484	5	-5								
207.916925606286	131.268205474829	133.268205474829	129.268205474829	2	-2											9367.0065201241	103.404731676132		98.4047316761317	5	-5								
210.831745224512	131.174763080548	133.174763080548	129.174763080548	2	-2											9384.22629230762	103.659232198021		98.6592321980211	5	-5								
213.787428150918	131.07979837701	133.07979837701	129.07979837701	2	-2											9401.47772034121	103.916727124088		98.9167271240876	5	-5								
216.784547254558	130.983591917874	132.983591917874	128.983591917874	2	-2											9418.7608624192	104.177094180784		99.1770941807841	5	-5								
219.823683435623	130.886165081223	132.886165081223	128.886165081223	2	-2											9436.07577684287	104.440187047212		99.4401870472124	5	-5								
222.905425738038	130.787244617441	132.787244617441	128.787244617441	2	-2											9453.4225220207	104.705832626664		99.7058326266642	5	-5								
226.030371463624	130.686499562903	132.686499562903	128.686499562903	2	-2											9470.80115646853	104.97382832062		99.9738283206204	5	-5								
229.19912628787	130.583852470425	132.583852470425	128.583852470425	2	-2											9488.2117388098	105.243939294259		100.243939294259	5	-5								
232.412304377321	130.479570860149	132.479570860149	128.479570860149	2	-2											9505.65432777569	105.515895718849		100.515895718849	5	-5								
235.670528508622	130.37401843041	132.37401843041	128.37401843041	2	-2											9523.12898220535	105.789390032224		100.789390032224	5	-5								
238.974430189217	130.267273843455	132.267273843455	128.267273843455	2	-2											9540.63576104612	106.06407433423		101.06407433423	5	-5								
242.324649779752	130.159000132262	132.159000132262	128.159000132262	2	-2											9558.17472335368	106.339558084822		101.339558084822	5	-5								
245.721836618189	130.048726768083	132.048726768083	128.048726768083	2	-2											9575.74592829229	106.615406302749		101.615406302749	5	-5								
249.166649145658	129.936295195081	131.936295195081	127.936295195081	2	-2											9593.34943513498	106.891138501177		101.891138501177	5	-5								
252.659755034078	129.822046120827	131.822046120827	127.822046120826	2	-2											9610.98530326371	107.166228634177		102.166228634177	5	-5								
256.201831315565	129.706544989065	131.706544989065	127.706544989065	2	-2											9628.65359216965	107.440106316663		102.440106316663	5	-5								
259.793564513651	129.590074798002	131.590074798002	127.590074798002	2	-2											9646.3543614533	107.712159499262		102.712159499262	5	-5								
263.435650776351	129.472370351734	131.472370351734	127.472370351734	2	-2											9664.08767082475	107.981738665977		102.981738665977	5	-5								
267.128796011084	129.352828156411	131.352828156411	127.352828156411	2	-2											9681.85358010384	108.248162525986		103.248162525986	5	-5								
270.873716021496	129.230983821976	131.230983821976	127.230983821976	2	-2											9699.65214922038	108.510725104606		103.510725104606	5	-5								
274.671136646195	129.1068156049	131.1068156049	127.1068156049	2	-2											9717.48343821438	108.768704090019		103.768704090019	5	-5								
278.521793899434	128.980509084558	130.980509084558	126.980509084558	2	-2											9735.34750723618	109.021370249908		104.021370249908	5	-5								
282.426434113762	128.85188139643	130.85188139643	126.85188139643	2	-2											9753.24441654673	109.26799768013		104.26799768013	5	-5								
286.38581408468	128.720351877104	130.720351877104	126.720351877104	2	-2											9771.17422651775	109.507874563777		104.507874563777	5	-5								
290.400701217325	128.585797600363	130.585797600363	126.585797600363	2	-2											9789.13699763194	109.740314019405		104.740314019405	5	-5								
294.471873675204	128.448919747122	130.448919747122	126.448919747122	2	-2											9807.13279048319	109.964664573469		104.964664573469	5	-5								
298.600120531016	128.310212922139	130.310212922139	126.310212922139	2	-2											9825.16166577679	110.180319852341		105.180319852341	5	-5								
302.786241919598	128.169746682556	130.169746682556	126.169746682556	2	-2											9843.22368432961	110.386727206272		105.386727206272	5	-5								
307.031049192997	128.028209557469	130.028209557469	126.028209557469	2	-2											9861.31890707035	110.583395061136		105.583395061136	5	-5								
311.335365077732	127.886089060051	129.886089060051	125.886089060051	2	-2											9879.44739503969	110.769898798462		105.769898798462	5	-5								
315.700023834253	127.743185846616	129.743185846616	125.743185846616	2	-2											9897.60920939053	110.94588490311		105.94588490311	5	-5								
320.125871418635	127.599913068358	129.599913068358	125.599913068358	2	-2											9915.80441138821	111.111073046656		106.111073046656	5	-5								
324.613765646543	127.456201257325	129.456201257325	125.456201257325	2	-2											9934.03306241067	111.265255778171		106.265255778171	5	-5								
329.164576359494	127.311469632296	129.311469632296	125.311469632296	2	-2											9952.29522394869	111.408295633883		106.408295633883	5	-5								
333.779185593447	127.165584082482	129.165584082482	125.165584082482	2	-2											9970.59095760611	111.540119732023		106.540119732023	5	-5								
338.45848774976	127.018455226947	129.018455226947	125.018455226947	2	-2											9988.92032510001	111.660712199207		106.660712199207	5	-5								
343.203389768542	126.869818225895	128.869818225895	124.869818225895	2	-2											10007.2833882609	111.77010499033	116.77010499033	106.77010499033	5	-5								
348.014811304437	126.719737028817	128.719737028817	124.719737028817	2	-2											10025.680209033	111.86836777096	116.86836777096	106.86836777096	5	-5								
352.89368490487	126.568043054292	128.568043054292	124.568043054292	1.99999999999999	-1.99999999999999											10044.1108494744	111.955597530289	116.955597530289	106.955597530289	5	-5								
357.840956190791	126.414832259665	128.414832259665	124.414832259665	2.00000000000001	-2.00000000000001											10062.5753717572	112.031908512936	117.031908512936	107.031908512936	5	-5								
362.857584039959	126.259957459274	128.259957459274	124.259957459274	2	-2											10081.0738381678	112.09742294318	117.09742294318	107.09742294318	5	-5								
367.944540772788	126.103639147591	128.103639147591	124.103639147591	2	-2											10099.6063111074	112.152262905391	117.152262905391	107.152262905391	5	-5								
373.102812340802	125.94555035322	127.94555035322	123.94555035322	2	-2											10118.1728530914	112.196543656268	117.196543656268	107.196543656268	5	-5								
378.333398517734	125.785685712529	127.785685712529	123.785685712529	2	-2											10136.7735267505	112.230368573575	117.230368573575	107.230368573575	5	-5								
383.637313093299	125.624046263024	127.624046263024	123.624046263024	2.00000000000001	-2.00000000000001											10155.4083948305	112.25382588307	117.25382588307	107.25382588307	5	-5								
389.015584069687	125.460637766663	127.460637766663	123.460637766663	2.00000000000001	-2.00000000000001											10174.0775201923	112.266987243921	117.266987243921	107.266987243921	5	-5								
394.46925386081	125.295648021574	127.295648021574	123.295648021574	2	-2											10192.7809658127	112.269908208922	117.269908208922	107.269908208922	5	-5								
399.999379494343	125.12906249253	127.12906249253	123.12906249253	1.99999999999999	-1.99999999999999											10211.5187947841	112.262630510394	117.262630510394	107.262630510394	5	-5								
405.607032816595	124.960829356909	126.960829356909	122.960829356909	2.00000000000001	-2.00000000000001											10230.2910703148	112.245186059543	117.245186059543	107.245186059543	5	-5								
411.293300700256	124.791144815284	126.791144815284	122.791144815284	2	-2											10249.0978557295	112.217602485096	117.217602485096	107.217602485096	5	-5								
417.059285255051	124.62001744712	126.62001744712	122.62001744712	2	-2											10267.9392144692	112.179909976853	117.179909976853	107.179909976853	5	-5								
422.906104041352	124.447274769547	126.447274769547	122.447274769547	2	-2											10286.8152100914	112.132149154223	117.132149154223	107.132149154223	5	-5								
428.834890286787	124.273007474943	126.273007474943	122.273007474943	2	-2											10305.7259062707	112.074379657904	117.074379657904	107.074379657904	5	-5								
434.846793105872	124.097410435541	126.097410435541	122.097410435541	2	-2											10324.6713667986	112.006689143098	117.006689143098	107.006689143098	5	-5								
440.942977722741	123.920435447682	125.920435447682	121.920435447682	2	-2											10343.651655584	111.92920229789	116.92920229789	106.92920229789	5	-5								
447.124625696987	123.742039884942	125.742039884942	121.742039884942	2	-2											10362.666836653	111.842089410539	116.842089410539	106.842089410539	5	-5								
453.392935152667	123.562523009735	125.562523009735	121.562523009735	2	-2											10381.7169741497	111.745573899525	116.745573899525	106.745573899525	5	-5								
459.749121010527	123.381721190086	125.381721190086	121.381721190086	2	-2											10400.802132336	111.63993816201	116.63993816201	106.63993816201	5	-5								
466.194415223474	123.199289851689	125.199289851689	121.199289851689	2	-2											10419.9223755919	111.525527146611	116.525527146611	106.525527146611	5	-5								
472.730067015354	123.01550503393	125.01550503393	121.01550503393	2	-2											10439.0777684159	111.402749235927	116.402749235927	106.402749235927	5	-5								
479.357343123078	122.830282899427	124.830282899427	120.830282899427	2	-2											10458.2683754249	111.272074302141	116.272074302141	106.272074302141	5	-5								
486.077528042135	122.643457881802	124.643457881802	120.643457881802	2	-2											10477.4942613546	111.134029113089	116.134029113089	106.134029113089	5	-5								
492.891924275558	122.455257858123	124.455257858123	120.455257858123	2	-2											10496.7554910598	110.989190553174	115.989190553174	105.989190553174	5	-5								
499.801852586369	122.265266081496	124.265266081496	120.265266081496	2	-2											10516.0521295146	110.838177320671	115.838177320671	105.838177320671	5	-5								
506.808652253576	122.072322559618	124.072322559618	120.072322559618	2	-2											10535.3842418123	110.681640809306	115.681640809306	105.681640809306	5	-5								
513.913681331742	121.875651933788	123.875651933788	119.875651933788	2	-2											10554.751893166	110.52025575979	115.52025575979	105.52025575979	5	-5								
521.118316914212	121.675070251482	123.675070251482	119.675070251482	2	-2											10574.1551489087	110.354711046301	115.354711046301	105.354711046301	5	-5								
528.423955400013	121.471237684312	123.471237684312	119.471237684312	2	-2											10593.5940744936	110.185700768994	115.185700768994	105.185700768994	5	-5								
535.832012764509	121.265965192374	123.265965192374	119.265965192374	2	-2											10613.0687354939	110.013915738474	115.013915738474	105.013915738474	5	-5								
543.343924833838	121.061216415558	123.061216415558	119.061216415558	2	-2											10632.5791976037	109.840035446992	114.840035446992	104.840035446992	5	-5								
550.961147563213	120.857835902908	122.857835902908	118.857835902908	2	-2											10652.1255266377	109.664720657842	114.664720657842	104.664720657842	5	-5								
558.685157319104	120.65558129739	122.65558129739	118.65558129739	2	-2											10671.7077885316	109.488606762676	114.488606762676	104.488606762676	5	-5								
566.517451165395	120.453582048188	122.453582048188	118.453582048188	2	-2											10691.3260493424	109.3122980464	114.3122980464	104.3122980464	5	-5								
574.459547153537	120.250878559483	122.250878559483	118.250878559483	2	-2											10710.9803752483	109.136362970237	114.136362970237	104.136362970237	5	-5								
582.512984616783	120.047076991945	122.047076991945	118.047076991945	2	-2											10730.6708325494	108.961330549783	113.961330549783	103.961330549783	5	-5								
590.679324468537	119.841983315168	121.841983315168	117.841983315168	2	-2											10750.3974876677	108.787687872477	113.787687872477	103.787687872477	5	-5								
598.960149504888	119.635731470344	121.635731470344	117.635731470344	2	-2											10770.160407147	108.615878759433	113.615878759433	103.615878759433	5	-5								
607.357064711391	119.428214278595	121.428214278595	117.428214278595	2	-2											10789.9596576538	108.446303516252	113.446303516252	103.446303516252	5	-5								
615.871697574141	119.219277785579	121.219277785579	117.219277785579	2	-2											10809.795305977	108.279319632533	113.279319632533	103.279319632533	5	-5								
624.505698395214	119.00910983348	121.00910983348	117.00910983348	2	-2											10829.6674190283	108.115243198375	113.115243198375	103.115243198375	5	-5								
633.260740612525	118.797931021473	120.797931021473	116.797931021473	2	-2											10849.5760638422	107.954350741567	112.954350741567	102.954350741567	5	-5								
642.138521124177	118.586130238182	120.586130238182	116.586130238182	2	-2											10869.5213075767	107.796881177357	112.796881177357	102.796881177357	5	-5								
651.140760617349	118.373899182762	120.373899182762	116.373899182762	2	-2											10889.5032175133	107.643037612301	112.643037612301	102.643037612301	5	-5								
660.2692039018	118.161666673962	120.161666673962	116.161666673962	2	-2											10909.521861057	107.492988850108	112.492988850108	102.492988850108	5	-5								
669.525620248048	117.949432050883	119.949432050883	115.949432050883	2	-2											10929.5773057366	107.346870588433	112.346870588433	102.346870588433	5	-5								
678.911803730291	117.737183390747	119.737183390747	115.737183390747	2	-2											10949.6696192055	107.20478643497	112.20478643497	102.20478643497	5	-5								
688.429573574126	117.525022605	119.525022605	115.525022605	2	-2											10969.798869241	107.066808986116	112.066808986116	102.066808986116	5	-5								
698.080774509163	117.312716729357	119.312716729357	115.312716729357	2	-2											10989.9651237452	106.932981297045	111.932981297045	101.932981297045	5	-5								
707.867277126555	117.100325236582	119.100325236582	115.100325236582	2	-2											11010.168450745	106.803319095694	111.803319095694	101.803319095694	5	-5								
717.790978241568	116.887953973641	118.887953973641	114.887953973641	2	-2											11030.4089183924	106.677813975454	111.677813975454	101.677813975454	5	-5								
727.853801261212	116.675852100734	118.675852100734	114.675852100734	2	-2											11050.6865949648	106.556437494673	111.556437494673	101.556437494673	5	-5								
738.057696557039	116.464417071188	118.464417071188	114.464417071188	2	-2											11071.0015488647	106.439145710518	111.439145710518	101.439145710518	5	-5								
748.404641843164	116.254276288321	118.254276288321	114.254276288321	2	-2											11091.3538486208	106.325883402573	111.325883402573	101.325883402573	5	-5								
758.896642559581	116.045656069278	118.045656069278	114.045656069278	2	-2											11111.7435628875	106.216587283387	111.216587283387	101.216587283387	5	-5								
769.535732260857	115.838863426265	117.838863426265	113.838863426265	2	-2											11132.1707604456	106.111187839465	111.111187839465	101.111187839465	5	-5								
780.323973010279	115.634076926279	117.634076926279	113.634076926279	2	-2											11152.6355102022	106.009609896672	111.009609896672	101.009609896672	5	-5								
791.263455779517	115.431347481261	117.431347481261	113.431347481261	2	-2											11173.1378811912	105.911772325343	110.911772325343	100.911772325343	5	-5								
802.356300853897	115.230992143049	117.230992143049	113.230992143049	2	-2											11193.6779425732	105.817587387773	110.817587387773	100.817587387773	5	-5								
813.604658243354	115.033483923023	117.033483923023	113.033483923023	2	-2											11214.2557636362	105.726960135805	110.726960135805	100.726960135805	5	-5								
825.010708099145	114.839326753885	116.839326753885	112.839326753885	2	-2											11234.8714137954	105.63978810518	110.63978810518	100.63978810518	5	-5								
836.576661136408	114.64873763634	116.64873763634	112.64873763634	2	-2											11255.5249625936	105.555961408428	110.555961408428	100.555961408428	5	-5								
848.304759062637	114.461901664627	116.461901664627	112.461901664627	2	-2											11276.2164797016	105.475363221368	110.475363221368	100.475363221368	5	-5								
860.19727501217	114.279227046918	116.279227046918	112.279227046918	2	-2											11296.9460349181	105.397870584953	110.397870584953	100.397870584953	5	-5								
872.256513986771	114.100944335917	116.100944335917	112.100944335917	2	-2											11317.7136981703	105.32335540644	110.32335540644	100.32335540644	5	-5								
884.484813302378	113.927291275442	115.927291275442	111.927291275442	2	-2											11338.5195395137	105.251685548039	110.251685548039	100.251685548039	5	-5								
896.884543042126	113.75830270066	115.75830270066	111.75830270066	2	-2											11359.3636291329	105.182725930994	110.182725930994	100.182725930994	5	-5								
909.458106515712	113.593323752681	115.593323752681	111.593323752681	2	-2											11380.2460373412	105.116339639159	110.116339639159	100.116339639159	5	-5								
922.207940725202	113.432805121361	115.432805121361	111.432805121361	2	-2											11401.1668345815	105.052389057103	110.052389057103	100.052389057103	5	-5								
935.136516837376	113.278345871835	115.278345871835	111.278345871835	2	-2											11422.1260914258	104.990737103686	109.990737103686	99.9907371036856	5	-5								
948.246340662682	113.131802332008	115.131802332008	111.131802332008	2	-2											11443.1238785762	104.931248608473	109.931248608473	99.9312486084727	5	-5								
961.539953140913	112.995360982495	114.995360982495	110.995360982495	2	-2											11464.1602668645	104.873791829772	109.873791829772	99.8737918297723	5	-5								
975.019930833691	112.870077601476	114.870077601476	110.870077601476	2	-2											11485.235327253	104.818240053761	109.818240053761	99.8182400537608	5	-5								
988.688886423856	112.754656330801	114.754656330801	110.754656330801	2	-2											11506.3491308341	104.76447316887	109.76447316887	99.7644731688705	5	-5								
1002.54946922185	112.647839727177	114.647839727177	110.647839727177	2	-2											11527.5017488313	104.712379091685	109.712379091685	99.7123790916847	5	-5								
1016.60436567922	112.549173140031	114.549173140031	110.549173140031	2	-2											11548.6932525986	104.661854935095	109.661854935095	99.6618549350949	5	-5								
1030.85629990928	112.457966211845	114.457966211845	110.457966211845	2	-2											11569.9237136216	104.612807855087	109.612807855087	99.6128078550871	5	-5								
1045.30803421511	112.37477043353	114.37477043353	110.37477043353	2	-2											11591.1932035169	104.565155576528	109.565155576528	99.5651555765276	5	-5								
1059.96236962497	112.300026293115	114.300026293115	110.300026293115	2	-2											11612.5017940331	104.518826654035	109.518826654035	99.5188266540347	5	-5								
1074.82214643513	112.23341945693	114.23341945693	110.23341945693	2	-2											11633.8495570505	104.473760544516	109.473760544516	99.4737605445162	5	-5								
1089.89024476045	112.174914670271	114.174914670271	110.174914670271	2	-2											11655.2365645816	104.429907553316	109.429907553316	99.4299075533165	5	-5								
1105.16958509254	112.124488201065	114.124488201065	110.124488201065	2	-2											11676.6628887713	104.387228697597	109.387228697597	99.3872286975975	5	-5								
1120.66312886586	112.082092674929	114.082092674929	110.082092674929	2	-2											11698.128601897	104.345695532325	109.345695532325	99.3456955323255	5	-5								
1136.37387903166	112.048510093437	114.048510093437	110.048510093437	2	-2											11719.6337763693	104.305289992339	109.305289992339	99.3052899923387	5	-5								
1152.30488064003	112.024849791307	114.024849791307	110.024849791307	2	-2											11741.1784847316	104.266004293855	109.266004293855	99.2660042938551	5	-5								
1168.45922143011	112.011390524202	114.011390524202	110.011390524202	2	-2											11762.7627996607	104.227840912058	109.227840912058	99.2278409120576	5	-5								
1184.84003242849	112.008373297701	114.008373297701	110.008373297701	2	-2											11784.386793967	104.190812629272	109.190812629272	99.1908126292719	5	-5								
1201.45048855616	112.015424799639	114.015424799639	110.015424799639	2	-2											11806.050540595	104.154942644213	109.154942644213	99.154942644213	5	-5								
1218.29380924378	112.031206395551	114.031206395551	110.031206395551	2	-2											11827.754112623	104.120264743365	109.120264743365	99.1202647433655	5	-5								
1235.37325905573	112.054919290296	114.054919290296	110.054919290296	2	-2											11849.4975832638	104.08682355012	109.08682355012	99.0868235501196	5	-5								
1252.69214832282	112.086217478096	114.086217478096	110.086217478096	2	-2											11871.2810258646	104.054674878777	109.054674878777	99.0546748787767	5	-5								
1270.25383378389	112.124344562296	114.124344562296	110.124344562296	2	-2											11893.1045139077	104.023886224898	109.023886224898	99.0238862248978	5	-5								
1288.06171923643	112.168698447634	114.168698447634	110.168698447634	2	-2											11914.9681210104	103.994537412814	108.994537412814	98.9945374128135	5	-5								
1306.11925619629	112.21917717712	114.21917717712	110.21917717712	2	-2											11936.8719209253	103.966721389112	108.966721389112	98.9667213891118	5	-5								
1324.42994456667	112.275936326832	114.275936326832	110.275936326832	2	-2											11958.8159875404	103.940545111017	108.940545111017	98.9405451110167	5	-5								
1342.99733331644	112.339971465609	114.339971465609	110.339971465609	2	-2											11980.8003948799	103.916130453254	108.916130453254	98.9161304532535	5	-5								
1361.82502116803	112.412851361845	114.412851361845	110.412851361845	2	-2											12002.8252171038	103.893615040233	108.893615040233	98.8936150402326	5	-5								
1380.9166572949	112.496336588267	114.496336588267	110.496336588267	2	-2											12024.8905285086	103.873152877709	108.873152877709	98.8731528777091	5	-5								
1400.27594202885	112.592281280981	114.592281280981	110.592281280981	2	-2											12046.9964035272	103.854914619934	108.854914619934	98.8549146199336	5	-5								
1419.90662757719	112.702808806624	114.702808806624	110.702808806624	2	-2											12069.1429167296	103.839087306587	108.839087306587	98.8390873065865	5	-5								
1439.81251875004	112.830017501213	114.830017501213	110.830017501213	2	-2											12091.3301428226	103.825873445211	108.825873445211	98.8258734452108	5	-5								
1459.99747369771	112.974993311259	114.974993311259	110.974993311259	2	-2											12113.5581566504	103.815489358468	108.815489358468	98.8154893584678	5	-5								
1480.46540465853	113.137258649977	115.137258649977	111.137258649977	2	-2											12135.8270331951	103.808162743844	108.808162743844	98.808162743844	5	-5								
1501.22027871711	113.314271003093	115.314271003093	111.314271003093	2	-2											12158.1368475761	103.804129439989	108.804129439989	98.804129439989	5	-5								
1522.26611857321	113.501142135193	115.501142135193	111.501142135193	2	-2											12180.4876750514	103.803629470768	108.803629470768	98.8036294707679	5	-5								
1543.60700332149	113.691913000658	115.691913000658	111.691913000658	2	-2											12202.8795910171	103.806902487973	108.806902487973	98.8069024879733	5	-5								
1565.24706924201	113.883621753556	115.883621753556	111.883621753556	2	-2											12225.3126710079	103.814182706401	108.814182706401	98.8141827064008	5	-5								
1587.19051060204	114.078220457583	116.078220457583	112.078220457583	2	-2											12247.7869906974	103.825693373834	108.825693373834	98.8256933738338	5	-5								
1609.44158046889	114.279229246067	116.279229246067	112.279229246067	2	-2											12270.3026258984	103.841640846826	108.841640846826	98.8416408468258	5	-5								
1632.00459153429	114.49037252029	116.49037252029	112.49037252029	2	-2											12292.8596525629	103.862208458489	108.862208458489	98.8622084584887	5	-5								
1654.88391695029	114.714098590885	116.714098590885	112.714098590885	2	-2											12315.4581467826	103.887550467692	108.887550467692	98.887550467692	5	-5								
1678.08399117681	114.949064581117	116.949064581117	112.949064581117	2	-2											12338.0981847891	103.917786395909	108.917786395909	98.9177863959087	5	-5								
1701.60931084114	115.192433012937	117.192433012937	113.192433012937	2	-2											12360.7798429543	103.952996004613	108.952996004613	98.9529960046135	5	-5								
1725.46443560953	115.442247770264	117.442247770264	113.442247770264	2	-2											12383.5031977901	103.993215101583	108.993215101583	98.9932151015829	5	-5								
1749.65398907085	115.697320743232	117.697320743232	113.697320743232	2	-2											12406.2683259494	104.038432322129	109.038432322129	99.0384323221292	5	-5								
1774.18265963281	115.957598507978	117.957598507978	113.957598507978	2	-2											12429.0753042259	104.088586995499	109.088586995499	99.0885869954995	5	-5								
1799.05520143062	116.224386066442	118.224386066442	114.224386066442	2	-2											12451.9242095545	104.143568153421	109.143568153421	99.1435681534208	5	-5								
1824.27643524846	116.499114627153	118.499114627153	114.499114627153	2	-2											12474.8151190115	104.203214670866	109.203214670866	99.2032146708656	5	-5								
1849.85124945382	116.782112690974	118.782112690974	114.782112690974	2	-2											12497.7481098148	104.267316458892	109.267316458892	99.2673164588923	5	-5								
1875.78460094498	117.072455132913	119.072455132913	115.072455132913	2	-2											12520.7232593245	104.335616560727	110.335616560727	98.3356165607268	6	-6								
1902.08151611174	117.368284214289	119.368284214289	115.368284214289	2	-2											12543.7406450427	104.407813956261	110.407813956261	98.4078139562612	6	-6								
1928.74709180963	117.668035996224	119.668035996224	115.668035996224	2	-2											12566.800344614	104.483566880061	110.483566880061	98.4835668800609	6	-6								
1955.78649634782	117.97091479331	119.97091479331	115.97091479331	2	-2											12589.9024358259	104.562496487809	110.562496487809	98.5624964878091	6	-6								
1983.20497049077	118.276581581524	120.276581581524	116.276581581524	2	-2											12613.0469966087	104.644190728038	110.644190728038	98.6441907280375	6	-6								
2011.00782847404	118.584931593567	121.584931593567	115.584931593567	3	-3											12636.234105036	104.728208285206	110.728208285206	98.7282082852056	6	-6								
2039.2004590343	118.896003412648	121.896003412648	115.896003412648	3	-3											12659.463839325	104.814082481247	110.814082481247	98.8140824812467	6	-6								
2067.78832645374	119.209695097012	122.209695097012	116.209695097012	3	-3											12682.7362778368	104.901325061254	110.901325061254	98.9013250612538	6	-6								
2096.77697161917	119.525618059172	122.525618059172	116.525618059172	3	-3											12706.0514990762	104.989429824023	110.989429824023	98.9894298240228	6	-6								
2126.17201309595	119.843445471696	122.843445471696	116.843445471696	3	-3											12729.4095816927	105.077876075193	111.077876075193	99.0778760751932	6	-6								
2155.97914821698	120.162369039794	123.162369039794	117.162369039794	3	-3											12752.8106044801	105.166131882407	111.166131882407	99.1661318824071	6	-6								
2186.20415418696	120.480921250341	123.480921250341	117.480921250341	3	-3											12776.2546463773	105.253657102942	111.253657102942	99.2536571029424	6	-6								
2216.85288920212	120.797218170725	123.797218170725	117.797218170725	3	-3											12799.7417864681	105.339906146697	111.339906146697	99.3399061466965	6	-6								
2247.93129358563	121.109317968961	124.109317968961	118.109317968961	3	-3											12823.2721039817	105.424330466152	111.424330466152	99.4243304661524	6	-6								
2279.44539093899	121.415808218647	124.415808218647	118.415808218647	3	-3											12846.8456782931	105.506380864396	111.506380864396	99.506380864396	6	-6								
2311.40128930951	121.714809304327	124.714809304327	118.714809304327	3	-3											12870.4625889232	105.585509858674	111.585509858674	99.5855098586735	6	-6								
2343.80518237415	122.003187414729	125.003187414729	119.003187414729	3	-3											12894.1229155389	105.661174429786	111.661174429786	99.6611744297863	6	-6								
2376.66335063997	122.278692616325	125.278692616325	119.278692616325	3	-3											12917.8267379538	105.732839427492	111.732839427492	99.7328394274919	6	-6								
2409.98216266148	122.543043791693	125.543043791693	119.543043791693	3	-3											12941.574136128	105.799981696732	111.799981696732	99.7999816967323	6	-6								
2443.7680762749	122.802803274217	125.802803274217	119.802803274217	3	-3											12965.3651901687	105.862094751022	111.862094751022	99.8620947510225	6	-6								
2478.02763984988	123.05639948114	126.05639948114	120.05639948114	3	-3											12989.1999803305	105.918693662145	111.918693662145	99.9186936621446	6	-6								
2512.76749355866	123.292898130891	126.292898130891	120.292898130891	3	-3											13013.0785870152	105.969319797315	111.969319797315	99.9693197973149	6	-6								
2547.9943706631	123.500656880202	126.500656880202	120.500656880202	3	-3											13037.0010907728	106.0135450782	112.0135450782	100.0135450782	6	-6								
2583.71509881971	123.668553021499	126.668553021499	120.668553021499	3	-3											13060.967572301	106.050975503188	112.050975503188	100.050975503188	6	-6								
2619.93660140295	123.792440792639	126.792440792639	120.792440792639	3	-3											13084.9781124461	106.081253736105	112.081253736105	100.081253736105	6	-6								
2656.66589884716	123.877308812194	126.877308812194	120.877308812194	3	-3											13109.0327922031	106.10406061855	112.10406061855	100.10406061855	6	-6								
2693.91011000723	123.935889222336	126.935889222336	120.935889222336	3	-3											13133.1316927155	106.119115518572	112.119115518572	100.119115518572	6	-6								
2731.67645353838	123.983490582202	126.983490582202	120.983490582202	3	-3											13157.2748952765	106.126175500818	112.126175500818	100.126175500818	6	-6								
2769.97224929529	124.029696920539	127.029696920539	121.029696920539	3	-3											13181.4624813282	106.125033393634	112.125033393634	100.125033393634	6	-6								
2808.80491975078	124.075258851294	127.075258851294	121.075258851294	3	-3											13205.6945324628	106.115514910948	112.115514910948	100.115514910948	6	-6								
2848.18199143452	124.116420651994	127.116420651994	121.116420651994	3	-3											13229.9711304224	106.097475033458	112.097475033458	100.097475033458	6	-6								
2888.11109639173	124.146428807948	127.146428807948	121.146428807948	3	-3											13254.2923570994	106.070793865657	112.070793865657	100.070793865657	6	-6								
2928.59997366245	124.162392122807	127.162392122807	121.162392122807	3	-3											13278.6582945365	106.035372183275	112.035372183275	100.035372183275	6	-6								
2969.65647078157	124.168084299909	127.168084299909	121.168084299909	3	-3											13303.0690249277	105.991126883496	111.991126883496	99.9911268834962	6	-6								
3011.28854529972	124.167450314665	127.167450314665	121.167450314665	3	-3											13327.5246306176	105.937986544971	111.937986544971	99.9379865449706	6	-6								
3053.50426632573	124.161580498325	127.161580498325	121.161580498325	3	-3											13352.0251941025	105.875887288326	111.875887288326	99.8758872883255	6	-6								
3096.31181609048	124.150527453357	127.150527453357	121.150527453357	3	-3											13376.5707980301	105.804769103254	111.804769103254	99.8047691032539	6	-6								
3139.71949153283	124.136181604967	127.136181604967	121.136181604967	3	-3											13401.1615252004	105.724572791783	111.724572791783	99.7245727917828	6	-6								
3183.73570590769	124.121470277727	127.121470277727	121.121470277727	3	-3											13425.7974585654	105.635237684039	111.635237684039	99.6352376840385	6	-6								
3228.36899041672	124.109605269279	127.109605269279	121.109605269279	3	-3											13450.4786812294	105.536700311123	111.536700311123	99.5367003111235	6	-6								
3273.6279958618	124.103832160013	127.103832160013	121.103832160013	3	-3											13475.2052764498	105.428894247776	111.428894247776	99.4288942477755	6	-6								
3319.52149432177	124.107147806013	127.107147806013	121.107147806013	3	-3											13499.9773276369	105.311751330364	111.311751330364	99.3117513303639	6	-6								
3366.05838085258	124.121897973495	127.121897973495	121.121897973495	3	-3											13524.7949183544	105.185204381334	111.185204381334	99.1852043813343	6	-6								
3413.24767521135	124.149778006864	127.149778006864	121.149778006864	3	-3											13549.6581323196	105.049191421738	111.049191421738	99.0491914217382	6	-6								
3461.09852360457	124.191969276184	127.191969276184	121.191969276184	3	-3											13574.5670534036	104.90366116289	110.90366116289	98.9036611628903	6	-6								
3509.62020046084	124.24956605551	127.24956605551	121.24956605551	3	-3											13599.5217656318	104.748579404682	110.748579404682	98.7485794046818	6	-6								
3558.8221102284	124.323579626478	127.323579626478	121.323579626478	3	-3											13624.522353184	104.583935892107	110.583935892107	98.583935892107	6	-6								
3608.71378919789	124.414993108956	127.414993108956	121.414993108956	3	-3											13649.568900395	104.409751198991	110.409751198991	98.4097511989912	6	-6								
3659.30490735071	124.525438875237	127.525438875237	121.525438875237	3	-3											13674.6614917541	104.226083269741	110.226083269741	98.2260832697415	6	-6								
3710.60527023322	124.655698501036	127.655698501036	121.655698501036	3	-3											13699.8002119065	104.033033303648	110.033033303648	98.0330333036476	6	-6								
3762.62482085726	124.806525521098	127.806525521098	121.806525521098	3	-3											13724.9851456526	103.830750698846	109.830750698846	97.8307506988457	6	-6								
3815.37364162728	124.978805460427	127.978805460427	121.978805460427	3	-3											13750.2163779489	103.619436802812	109.619436802812	97.6194368028116	6	-6								
3868.86195629455	125.172780558256	128.172780558256	122.172780558256	3	-3											13775.493993908	103.399347262219	109.399347262219	97.3993472622193	6	-6								
3923.10013193866	125.388879040283	128.388879040283	122.388879040283	3	-3											13800.8180787991	103.170792832608	109.170792832608	97.1707928326078	6	-6								
3978.09868097693	125.626967273942	128.626967273941	122.626967273942	3	-3											13826.1887180478	102.934138586733	108.934138586733	96.9341385867332	6	-6								
4033.86826320185	125.886324407619	128.886324407619	122.886324407619	3	-3											13851.6059972373	102.689801529758	108.689801529758	96.6898015297582	6	-6								
4090.41968784722	126.16552889945	129.16552889945	123.16552889945	3	-3											13877.0700021075	102.438246684371	108.438246684371	96.438246684371	6	-6								
4147.76391568317	126.461890018273	129.461890018273	123.461890018273	3	-3											13902.5808185565	102.179981768986	108.179981768986	96.1799817689863	6	-6								
4205.91206114055	126.771379412137	129.771379412137	123.771379412137	3	-3											13928.1385326399	101.915550672215	107.915550672215	95.915550672215	6	-6								
4264.87539446515	127.088383202474	130.088383202474	124.088383202474	3	-3											13953.7432305716	101.645526008929	107.645526008929	95.6455260089292	6	-6								
4324.66534390206	127.406095541939	130.406095541939	124.406095541939	3	-3											13979.3949987242	101.370501094579	107.370501094579	95.3705010945788	6	-6								
4385.29349791075	127.716920376942	130.716920376942	124.716920376942	3	-3											14005.0939236288	101.091081685525	107.091081685525	95.0910816855251	6	-6								
4446.77160741106	128.012563916879	131.012563916879	125.012563916879	3	-3											14030.8400919757	100.807877825801	106.807877825801	94.807877825801	6	-6								
4509.11158806082	128.284189840406	131.284189840406	125.284189840406	3	-3											14056.6335906146	100.521496129371	106.521496129371	94.5214961293709	6	-6								
4572.32552256532	128.523012007219	131.523012007219	125.523012007219	3	-3											14082.4745065547	100.232532782371	106.232532782371	94.232532782371	6	-6								
4636.42566301915	128.720894030528	131.720894030528	125.720894030528	3	-3											14108.3629269655	99.9415674387347	105.941567438735	93.9415674387347	6	-6								
4701.42443328092	128.871269753123	131.871269753123	125.871269753123	3	-3											14134.2989391763	99.6491580451515	105.649158045151	93.6491580451515	6	-6								
4767.33443138126	128.970097498307	131.970097498307	125.970097498307	3	-3											14160.2826306773	99.3558365571083	105.355836557108	93.3558365571083	6	-6								
4834.1684319645	129.016120431232	132.016120431232	126.016120431232	3	-3											14186.3140891193	99.0621055213143	105.062105521314	93.0621055213143	6	-6								
4901.93938876474	129.010813671709	132.010813671709	126.010813671709	3	-3											14212.3934023143	98.7684355302713	104.768435530271	92.7684355302713	6	-6								
4970.66043711645	128.957985390103	131.957985390103	125.957985390103	3	-3											14238.5206582359	98.4752635369818	104.475263536982	92.4752635369818	6	-6								
5040.34489650041	128.862856453862	131.862856453862	125.862856453862	3	-3											14264.6959450192	98.1829919670459	104.182991967046	92.1829919670459	6	-6								
5111.00627312527	128.731136160355	131.731136160355	125.731136160354	3	-3											14290.9193509614	97.8919885342107	103.891988534211	91.8919885342107	6	-6								
5182.65826254528	128.568789457129	131.568789457129	125.568789457129	3	-3											14317.190964522	97.6025866733556	103.602586673356	91.6025866733556	6	-6								
5255.31475231484	128.380078647358	131.380078647358	125.380078647358	3	-3											14343.5108743232	97.31508651922	103.31508651922	91.31508651922	6	-6								
5328.98982468009	128.165610357067	131.165610357067	125.165610357067	3	-3											14369.8791691501	97.0297563275056	103.029756327506	91.0297563275056	6	-6								
5403.69775930837	127.922713768538	130.922713768538	124.922713768538	3	-3											14396.2959379508	96.7468341509633	102.746834150963	90.7468341509633	6	-6								
5479.45303605589	127.644289318699	130.644289318699	124.644289318699	3	-3											14422.7612698373	96.4665295253004	102.4665295253	90.4665295253004	6	-6								
5556.27033777423	127.319822614966	130.319822614966	124.319822614966	3	-3											14449.2752540852	96.1890250087238	102.189025008724	90.1890250087238	6	-6								
5634.16455315611	126.938459104674	129.938459104674	123.938459104674	3	-3											14475.8379801341	95.9144776883074	101.914477688307	89.9144776883074	6	-6								
5713.15077962116	126.489839341204	129.489839341204	123.489839341204	3	-3											14502.4495375882	95.6430210429371	101.643021042937	89.6430210429371	6	-6								
5793.24432624209	125.965844242195	128.965844242195	122.965844242195	3	-3											14529.1100162164	95.3747675433721	101.374767543372	89.3747675433721	6	-6								
5874.46071671184	125.362650574086	128.362650574086	122.362650574086	3	-3											14555.8195059526	95.1098119500406	101.109811950041	89.1098119500406	6	-6								
5956.81569235243	124.681366379357	127.681366379357	121.681366379357	3	-3											14582.5780968961	94.8482346918991	100.848234691899	88.8482346918991	6	-6								
6040.32521516592	123.92838168733	127.92838168733	119.92838168733	3.99999999999999	-3.99999999999999											14609.3858793117	94.5901044841748	100.590104484175	88.5901044841748	6	-6								
6125.00547092814	123.114481525768	127.114481525768	119.114481525768	3.99999999999999	-3.99999999999999											14636.2429436302	94.335479738176	100.335479738176	88.335479738176	6	-6								
6210.87287232581	122.254874879746	126.254874879746	118.254874879746	4	-4											14663.1493804487	94.0844090190093	100.084409019009	88.0844090190093	6	-6								
6297.94406213769	121.371466844804	125.371466844804	117.371466844804	4	-4											14690.1052805307	93.8369312449133	99.8369312449133	87.8369312449133	6	-6								
6386.23591646019	120.489701936985	124.489701936985	116.489701936985	4	-4											14717.1107348068	93.5930762199625	99.5930762199625	87.5930762199625	6	-6								
6475.76554797835	119.626834275746	123.626834275746	115.626834275746	4	-4											14744.1658343745	93.352865645425	99.352865645425	87.352865645425	6	-6								
6566.55030928262	118.792340259042	122.792340259042	114.792340259042	4	-4											14771.2706704988	93.1163143685702	99.1163143685702	87.1163143685702	6	-6								
6658.60779623206	117.98638179786	121.98638179786	113.98638179786	4	-4											14798.4253346128	92.8834315466594	98.8834315466594	86.8834315466594	6	-6								
6751.95585136484	117.198720216887	121.198720216887	113.198720216887	4	-4											14825.6299183172	92.654221577029	98.654221577029	86.654221577029	6	-6								
6846.61256735642	116.431359207258	120.431359207258	112.431359207258	4	-4											14852.8845133815	92.4286848515227	98.4286848515227	86.4286848515227	6	-6								
6942.59629052631	115.694898657493	119.694898657493	111.694898657493	4	-4											14880.1892117437	92.206818478914	98.206818478914	86.206818478914	6	-6								
7039.92562439388	114.995238295598	118.495238295598	111.495238295598	3.5	-3.5											14907.5441055108	91.9886170800789	97.9886170800789	85.9886170800789	6	-6								
7138.61943328415	114.331063712624	117.831063712624	110.831063712624	3.5	-3.5											14934.9492869593	91.774073641026	97.774073641026	85.774073641026	6	-6								
7238.69684598402	113.687213145537	117.187213145537	110.187213145537	3.5	-3.5											14962.404848535	91.5631802585003	97.5631802585003	85.5631802585003	6	-6								
7340.17725944985	113.030972756354	116.530972756354	109.530972756354	3.5	-3.5											14989.9108828541	91.3559285451548	97.3559285451548	85.3559285451548	6	-6								
7443.08034256689	112.324393860593	115.824393860593	108.824393860593	3.5	-3.5											15017.4674827027	91.1523095629525	97.1523095629525	85.1523095629525	6	-6								
7547.4260399616	111.545892918066	115.045892918066	108.045892918066	3.5	-3.5											15045.0747410375	90.9523133209788	96.9523133209788	84.9523133209788	6	-6								
7653.23457586719	110.714519043122	114.214519043122	107.214519043122	3.5	-3.5											15072.7327509864	90.7559279067735	96.7559279067735	84.7559279067735	6	-6								
7760.52645804359	109.901889299319	113.401889299319	106.401889299319	3.5	-3.5											15100.4416058481	90.5631382310564	96.5631382310564	84.5631382310564	6	-6								
7869.32248175214	109.205857947922	112.705857947922	105.705857947922	3.5	-3.5											15128.2013990931	90.3739244446083	96.3739244446083	84.3739244446083	6	-6								
7979.64373378622	108.696677436325	112.196677436325	105.196677436325	3.5	-3.5											15156.0122243636	90.1882605374818	96.1882605374818	84.1882605374818	6	-6								
8091.51159655822	108.386411068566	111.886411068566	104.886411068566	3.5	-3.5											15183.874175474	90.0061141377907	96.0061141377907	84.0061141377907	6	-6								
8204.94775224386	108.245540183717	111.745540183717	104.745540183717	3.5	-3.5											15211.7873464111	89.8274483274182	95.8274483274182	83.8274483274182	6	-6								
8319.97418698469	108.238738096384	111.738738096384	104.738738096384	3.5	-3.5											15239.7518313345	89.6522250205676	95.6522250205676	83.6522250205676	6	-6								
8436.61319514934	108.347620974801	111.847620974801	104.847620974801	3.5	-3.5											15267.7677245769	89.4804078955946	95.4804078955946	83.4804078955946	6	-6								
8554.88738365469	108.56891081523	112.06891081523	105.06891081523	3.5	-3.5											15295.8351206445	89.3119624796214	95.3119624796214	83.3119624796214	6	-6								
8674.81967634747	108.9050284478	112.4050284478	105.4050284478	3.5	-3.5											15323.9541142171	89.1468525180898	95.1468525180898	83.1468525180898	6	-6								
8796.43331844737	109.35858428412	112.85858428412	105.85858428412	3.5	-3.5											15352.1248001487	88.9850342994985	94.9850342994985	82.9850342994985	6	-6								
8919.75188105244	109.934275567505	113.434275567505	106.434275567505	3.5	-3.5											15380.3472734675	88.8264520417891	94.8264520417891	82.8264520417891	6	-6								
9044.79926570758	110.639783968632	114.639783968632	106.639783968632	4	-4											15408.6216293766	88.671036554866	94.671036554866	82.671036554866	6	-6								
9171.59970903719	111.490581283333	115.490581283333	107.490581283333	4	-4											15436.9479632539	88.5187070954768	94.5187070954768	82.5187070954768	6	-6								
9300.17778744263	112.516977903849	116.516977903849	108.516977903849	4	-4											15465.3263706528	88.3693745895455	94.3693745895455	82.3693745895455	6	-6								
9430.55842186565	113.756733333466	117.756733333466	109.756733333466	4	-4											15493.7569473022	88.2229443290581	94.2229443290581	82.2229443290581	6	-6								
9562.76688261857	115.213083958095	119.213083958095	111.213083958095	4	-4											15522.2397891073	88.0793173561894	94.0793173561894	82.0793173561894	6	-6								
9696.8287942821	116.775606817814	120.775606817814	112.775606817814	4	-4											15550.7749921492	87.9383907715967	93.9383907715967	81.9383907715967	6	-6								
9832.77014067196	118.176258266298	122.176258266298	114.176258266298	4	-4											15579.3626526858	87.8000574702873	93.8000574702873	81.8000574702873	6	-6								
9970.61726987497	119.116894166923	123.116894166923	115.116894166923	4	-4											15608.0028671521	87.6642055890379	93.6642055890379	81.6642055890379	6	-6								
10110.3968993559	119.474738623256	124.474738623256		5	-5											15636.6957321602	87.5307178196702	93.5307178196702	81.5307178196702	6	-6								
10252.1361211358	119.257083505468	124.257083505468		5	-5											15665.4413444999	87.3994708305763	93.3994708305763	81.3994708305763	6	-6								
10395.8624070429	118.4670459178	123.4670459178		5	-5											15694.2398011389	87.2703350546827	93.2703350546827	81.2703350546827	6	-6								
10541.6036140373	117.197197799317	122.197197799317		5	-5											15723.0911992231	87.1431749451992	93.1431749451992	81.1431749451992	6	-6								
10689.3879896102	115.703874055546	120.703874055546		5	-5											15751.995636077	87.0178496806669	93.0178496806669	81.0178496806669	6	-6								
10839.2441772587	114.239491939411	119.239491939411		5	-5											15780.9532092041	86.894214310532	92.894214310532	80.894214310532	6	-6								
10991.2012220375	112.94291218639	117.94291218639		5	-5											15809.9640162872	86.7721213448342	92.7721213448342	80.7721213448342	6	-6								
11145.2885761884	111.88352803538	116.88352803538		5	-5											15839.0281551885	86.6514227305059	92.6514227305059	80.6514227305059	6	-6								
11301.5361048489	111.118288120403	116.118288120403		5	-5											15868.1457239502	86.5319720863515	92.5319720863515	80.5319720863515	6	-6								
11459.9740918404	110.66813676414	115.66813676414		5	-5											15897.3168207946	86.4136270632562	92.4136270632562	80.4136270632562	6	-6								
11620.6332455377	110.488317907802	115.488317907802		5	-5											15926.5415441249	86.2962517380216	92.2962517380216	80.2962517380216	6	-6								
11783.5447048215	110.50237576434	115.50237576434		5	-5											15955.8199925248	86.179718970401	92.179718970401	80.179718970401	6	-6								
11948.7400451128	110.640865514183	115.640865514183		5	-5											15985.1522647595	86.0639126406358	92.0639126406358	80.0639126406358	6	-6								
12116.2512844938	110.870307400837	115.870307400837		5	-5											16014.5384597757	85.9487296797068	92.9487296797068	78.9487296797068	7	-7								
12286.1108899127	111.170298771366	116.170298771366		5	-5											16043.9786767019	85.8340818237614	92.8340818237614	78.8340818237614	7	-7								
12458.3517834773	111.510139768182	116.510139768182		5	-5											16073.4730148489	85.7198970418374	92.7198970418374	78.7198970418374	7	-7								
12633.0073488352	111.84915806166	116.84915806166		5	-5											16103.0215737102	85.6061205749028	92.6061205749028	78.6061205749028	7	-7								
12810.1114376448	112.147387251493	117.147387251493		5	-5											16132.6244529619	85.4927155001418	92.4927155001418	78.4927155001418	7	-7								
12989.6983761359	112.369366289841	117.369366289841		5	-5											16162.2817524637	85.3796627388614	92.3796627388614	78.3796627388614	7	-7								
13171.8029717632	112.468419129429	117.468419129429		5	-5											16191.9935722585	85.2669604638994	92.2669604638994	78.2669604638994	7	-7								
13356.4605199525	112.365580767453	117.365580767453		5	-5											16221.7600125735	85.1546229006274	92.1546229006274	78.1546229006274	7	-7								
13543.7068109415	111.979239185115	116.979239185115		5	-5											16251.5811738199	85.042678548868	92.042678548868	78.042678548868	7	-7								
13733.5781367171	111.260241954131	116.260241954131		5	-5											16281.4571565934	84.9311678884077	91.9311678884077	77.9311678884077	7	-7								
13926.1112980488	110.173075798998	115.173075798998		5	-5											16311.388061675	84.8201406214417	91.8201406214417	77.8201406214417	7	-7								
14121.3436116221	108.733835510407	113.733835510407		5	-5											16341.3739900306	84.7096524216306	91.7096524216306	77.7096524216306	7	-7								
14319.3129172707	107.047603386272	112.047603386272		5	-5											16371.4150428119	84.5997610987004	91.5997610987004	77.5997610987004	7	-7								
14520.057585311	105.245864185698	110.245864185698		5	-5											16401.5113213566	84.4905221824631	91.4905221824631	77.4905221824631	7	-7								
14723.6165239785	103.445984757823	108.445984757823		5	-5											16431.6629271884	84.3819841621777	91.3819841621777	77.3819841621777	7	-7								
14930.0291869698	101.724266657365	106.724266657365		5	-5											16461.869962018	84.2741837895197	91.2741837895197	77.2741837895197	7	-7								
15139.3355810883	100.094412425087	105.094412425087		5	-5											16492.1325277429	84.1671417912791	91.1671417912791	77.1671417912791	7	-7								
15351.5762739997	98.5457048676936	103.545704867694		5	-5											16522.4507264479	84.0608591076392	91.0608591076392	77.0608591076392	7	-7								
15566.7924020935	97.0605644167163	102.060564416716		5	-5											16552.8246604055	83.9553136003415	90.9553136003415	76.9553136003415	7	-7								
15785.025678457	95.5965945127516	100.596594512752		5	-5											16583.2544320763	83.8504571744982	90.8504571744982	76.8504571744982	7	-7								
16006.3184009595	94.1567269547705	99.1567269547705		5	-5											16613.7401441091	83.7462133631473	90.7462133631473	76.7462133631473	7	-7								
16230.713460451	92.7743342279608	97.7743342279608		5	-5											16644.2818993415	83.6424755270054	90.6424755270054	76.6424755270054	7	-7								
16458.2543490745	91.4899563772246	96.4899563772246		5	-5											16674.8798008001	83.5391058645837	90.5391058645837	76.5391058645837	7	-7								
16688.9851686966	90.3230862830048	95.3230862830048		5	-5											16705.5339517009	83.4359354335367	90.4359354335367	76.4359354335367	7	-7								
16922.9506394545	89.2084363680409	94.2084363680409		5	-5											16736.2444554499	83.332765432269	90.332765432269	76.332765432269	7	-7								
17160.196108424	88.0090825464468	93.0090825464468		5	-5											16767.0114156427	83.229370104444	90.229370104444	76.229370104444	7	-7								
17400.7675584087	86.5877355166869	91.5877355166869		5	-5											16797.8349360657	83.1255016957499	90.1255016957499	76.1255016957499	7	-7								
17644.7116168519	84.9014477282873	89.9014477282873		5	-5											16828.7151206961	83.0208977393504	90.0208977393504	76.0208977393504	7	-7								
17892.0755648748	83.1448760239282	88.1448760239282		5	-5											16859.6520737021	82.9152904923372	89.9152904923372	75.9152904923372	7	-7								
18142.9073464396	81.7643758543831	86.7643758543831		5	-5											16890.6458994434	82.8084176532779	89.8084176532779	75.8084176532779	7	-7								
18397.2555776423	80.9959047999752	85.9959047999752		5	-5											16921.6967024717	82.7000327211491	89.7000327211491	75.7000327211491	7	-7								
18655.1695561357	80.5074848498765	85.5074848498765		5	-5											16952.8045875307	82.5899127752593	89.5899127752593	75.5899127752593	7	-7								
18916.699270684	79.8771527912746	84.8771527912746		5	-5											16983.9696595568	82.4778614765357	89.4778614765357	75.4778614765357	7	-7								
19181.8954108515	78.94507125345	83.94507125345		5	-5											17015.1920236793	82.3637060600428	89.3637060600428	75.3637060600428	7	-7								
19450.8093768275	77.83150968705	82.83150968705		5	-5											17046.4717852208	82.24728884139	89.24728884139	75.24728884139	7	-7								
19723.4932893884	76.8450662425788	81.8450662425788		5	-5											17077.8090496973	82.1284554924877	89.1284554924877	75.1284554924877	7	-7								
20000	75.8891608696384	80.8891608696384		5	-5											17109.203922819	82.0070431377549	89.0070431377549	75.0070431377549	7	-7								
																17140.6565104903	81.8828708621904	88.8828708621904	74.8828708621904	7	-7								
																17172.1669188105	81.7557339910769	88.7557339910769	74.7557339910769	7	-7								
																17203.7352540736	81.6254023027082	88.6254023027082	74.6254023027082	7	-7								
																17235.3616227694	81.4916216432857	88.4916216432857	74.4916216432857	7	-7								
																17267.046131583	81.354118178774	88.354118178774	74.354118178774	7	-7								
																17298.7888873962	81.2126044991605	88.2126044991605	74.2126044991605	7	-7								
																17330.5899972867	81.0667868789152	88.0667868789152	74.0667868789152	7	-7								
																17362.4495685294	80.9163731982313	87.9163731982313	73.9163731982313	7	-7								
																17394.3677085964	80.7610812926959	87.7610812926959	73.7610812926959	7	-7								
																17426.3445251573	80.6006477407913	87.6006477407913	73.6006477407913	7	-7								
																17458.3801260796	80.434837287489	87.434837287489	73.434837287489	7	-7								
																17490.474619429	80.2634532030694	87.2634532030694	73.2634532030694	7	-7								
																17522.6281134701	80.0863488238293	87.0863488238293	73.0863488238293	7	-7								
																17554.8407166665	79.9034403128797	86.9034403128797	72.9034403128797	7	-7								
																17587.112537681	79.7147203743927	86.7147203743927	72.7147203743927	7	-7								
																17619.4436853763	79.5202722434806	86.5202722434806	72.5202722434806	7	-7								
																17651.8342688151	79.3202826445467	86.3202826445467	72.3202826445467	7	-7								
																17684.2843972609	79.1150515551305	86.1150515551305	72.1150515551305	7	-7								
																17716.7941801777	78.9049958577494	85.9049958577494	71.9049958577494	7	-7								
																17749.3637272309	78.6906438475808	85.6906438475808	71.6906438475808	7	-7								
																17781.9931482875	78.4726185061966	85.4726185061966	71.4726185061966	7	-7								
																17814.6825534165	78.2516096358711	85.2516096358711	71.2516096358711	7	-7								
																17847.4320528892	78.0283381306632	85.0283381306632	71.0283381306632	7	-7								
																17880.2417571796	77.8035186988788	84.8035186988788	70.8035186988788	7	-7								
																17913.1117769649	77.5778284433689	84.5778284433689	70.5778284433689	7	-7								
																17946.0422231255	77.3518867617241	84.3518867617241	70.3518867617241	7	-7								
																17979.0332067459	77.1262478387988	84.1262478387988	70.1262478387988	7	-7								
																18012.0848391148	76.9014028267726	83.9014028267726	69.9014028267726	7	-7								
																18045.1972317254	76.6777867273189	83.6777867273189	69.6777867273189	7	-7								
																18078.3704962757	76.4557855116362	83.4557855116362	69.4557855116362	7	-7								
																18111.6047446694	76.2357410029832	83.2357410029832	69.2357410029832	7	-7								
																18144.9000890157	76.0179529249143	83.0179529249143	69.0179529249143	7	-7								
																18178.2566416298	75.802678495319	82.802678495319	68.802678495319	7	-7								
																18211.6745150337	75.5901301812989	82.5901301812989	68.5901301812989	7	-7								
																18245.1538219558	75.3804721857805	82.3804721857805	68.3804721857805	7	-7								
																18278.6946753322	75.1738162011653	82.1738162011653	68.1738162011653	7	-7								
																18312.2971883064	74.9702170020219	81.9702170020219	67.9702170020219	7	-7								
																18345.9614742297	74.7696684708106	81.7696684708106	67.7696684708106	7	-7								
																18379.6876466622	74.5721005941628	81.5721005941628	67.5721005941628	7	-7								
																18413.4758193724	74.3773779483162	81.3773779483162	67.3773779483162	7	-7								
																18447.3261063382	74.185300312114	81.185300312114	67.185300312114	7	-7								
																18481.2386217468	73.9956061068199	80.9956061068199	66.9956061068199	7	-7								
																18515.2134799955	73.8079790350283	80.8079790350283	66.8079790350283	7	-7								
																18549.2507956918	73.6220575851099	80.6220575851099	66.6220575851099	7	-7								
																18583.3506836539	73.4374464130535	80.4374464130535	66.4374464130535	7	-7								
																18617.5132589112	73.2537283761399	80.2537283761399	66.2537283761399	7	-7								
																18651.7386367043	73.0704761153272	80.0704761153272	66.0704761153272	7	-7								
																18686.026932486	72.8872623481596	79.8872623481596	65.8872623481596	7	-7								
																18720.378261921	72.7036684048122	79.7036684048122	65.7036684048122	7	-7								
																18754.7927408868	72.5192910063857	79.5192910063857	65.5192910063857	7	-7								
																18789.270485474	72.3337476063823	79.3337476063823	65.3337476063823	7	-7								
																18823.8116119864	72.146680543133	79.146680543133	65.146680543133	7	-7								
																18858.4162369418	71.9577599754282	78.9577599754282	64.9577599754282	7	-7								
																18893.0844770722	71.7666856998793	78.7666856998793	64.7666856998793	7	-7								
																18927.8164493239	71.5731887916732	78.5731887916732	64.5731887916732	7	-7								
																18962.6122708587	71.3770349642603	78.3770349642603	64.3770349642603	7	-7								
																18997.4720590532	71.1780315260416	78.1780315260416	64.1780315260416	7	-7								
																19032.3959315003	70.9760386014925	77.9760386014925	63.9760386014925	7	-7								
																19067.3840060087	70.770983980019	77.770983980019	63.7709839800189	7	-7								
																19102.4364006039	70.5628806988989	77.5628806988989	63.5628806988989	7	-7								
																19137.5532335283	70.3518471732889	77.3518471732889	63.351847173289	7	-7								
																19172.7346232415	70.1381303933728	77.1381303933728	63.1381303933728	7	-7								
																19207.9806884213	69.9221325719551	76.9221325719551	62.9221325719551	7	-7								
																19243.2915479632	69.704440137819	76.704440137819	62.704440137819	7	-7								
																19278.6673209815	69.485850662041	76.485850662041	62.485850662041	7	-7								
																19314.1081268094	69.2673878921242	76.2673878921242	62.2673878921242	7	-7								
																19349.6140849997	69.0502881160934	76.0502881160934	62.0502881160934	7	-7								
																19385.1853153247	68.8359350417385	75.8359350417385	61.8359350417385	7	-7								
																19420.8219377769	68.6257215141623	75.6257215141623	61.6257215141623	7	-7								
																19456.5240725696	68.4208355463658	75.4208355463658	61.4208355463658	7	-7								
																19492.2918401368	68.2220124166223	75.2220124166223	61.2220124166223	7	-7								
																19528.1253611342	68.0293466217446	75.0293466217446	61.0293466217446	7	-7								
																19564.0247564392	67.8422676353009	74.8422676353009	60.8422676353009	7	-7								
																19599.9901471512	67.6597144557692	74.6597144557692	60.6597144557692	7	-7								
																19636.0216545926	67.4804352780189	74.4804352780189	60.4804352780189	7	-7								
																19672.1194003085	67.3032823469078	74.3032823469078	60.3032823469078	7	-7								
																19708.2835060677	67.12740650018	74.12740650018	60.12740650018	7	-7								
																19744.5140938626	66.9523311156133	73.9523311156133	59.9523311156133	7	-7								
																19780.81128591	66.7779374841352	73.7779374841352	59.7779374841352	7	-7								
																19817.1752046514	66.6044056325814	73.6044056325814	59.6044056325814	7	-7								
																19853.6059727535	66.4321434716396	73.4321434716396	59.4321434716396	7	-7								
																19890.1037131082	66.261722007904	73.261722007904	59.261722007904	7	-7								
																19926.6685488335	66.0938234987528	73.0938234987528	59.0938234987528	7	-7								
																19963.3006032738	65.9292036026767	72.9292036026767	58.9292036026767	7	-7								
																20000	65.768666450166	72.768666450166	58.768666450166	7	-7								

## SET RAW DATA
WF		#1	#2 NG	#3	#4 NG	#5	#6	#7	#8	#9	#10
	19.2307692307692	129.362340341698	129.876267115969	128.802073941732	129.030094335118	128.93213837344	129.413470332959	129.39357270361	129.104206653948	129.823623828356	128.892127142812
	22.4358974358974	130.421056858585	130.896165779513	129.841766796177	130.116638036314	130.009570792265	130.450638988591	130.44318704023	130.187507612571	130.822703540992	129.961188400609
	25.6410256410256	131.199466771818	131.64744249082	130.607696732157	130.92770020876	130.813542697811	131.217504824684	131.216587117063	130.99158701428	131.556201107673	130.756174295943
	28.8461538461539	131.766487754984	132.200702642105	131.174836117937	131.534756808728	131.414835233755	131.790114260618	131.787925176942	131.581065566942	132.098247576617	131.34999742004
	32.0512820512821	132.168463540949	132.597679130288	131.588895879188	131.982034938359	131.85586339649	132.210776312158	132.200175994221	132.000117369497	132.489321639224	131.785369675962
	35.2564102564103	132.459617396421	132.887066278062	131.900283810104	132.320232929253	132.1852725921	132.525688611448	132.501552358565	132.30351451146	132.776144580788	132.110344272916
	38.4615384615385	132.696200945677	133.119476307989	132.158470339041	132.602073820005	132.453886135535	132.782379462861	132.743881024084	132.551095068999	133.007389101021	132.375588360884
	41.6666666666667	132.921143796318	133.33272158904	132.398464901848	132.86688808313	132.700490128532	133.016073008481	132.967906944975	132.790787245627	133.218674238713	132.619880701993
	44.8717948717949	133.15353195651	133.545036606062	132.635329098303	133.131084678118	132.943438267431	133.243216542037	133.192921311482	133.044660135748	133.427161608181	132.861014718912
	48.0769230769231	133.384493616794	133.752584294664	132.862138860518	133.385612355325	133.177215964491	133.459197368007	133.412684888983	133.302924006877	133.629572437548	133.092824772403
	51.2820512820513	133.586516836346	133.934907952201	133.056381291215	133.605525226155	133.379730985606	133.644252998496	133.603589492414	133.534424413886	133.806358434422	133.293377165022
	54.4871794871795	133.734155534552	134.070539790147	133.197383376981	133.769372586854	133.530414096007	133.779686249308	133.743570627964	133.709700533165	133.937027421999	133.442862654362
	57.6923076923077	133.819788065112	134.151157604375	133.28088078147	133.873058972684	133.624461853949	133.861317857435	133.826408812668	133.818734789566	134.015218118272	133.536718985079
	60.8974358974359	133.855519451003	134.185387017435	133.320285667103	133.930167686174	133.674155450374	133.9006300092	133.863147015407	133.873932533604	134.05179307649	133.586501119566
	64.1025641025641	133.865377631393	134.193610719837	133.338121040303	133.963590023712	133.701119078467	133.917562298904	133.875185953717	133.901629525389	134.067310578413	133.612954676646
	67.3076923076923	133.872519564346	134.196604888686	133.353645693904	133.993680979167	133.724638570384	133.93024478691	133.883218165953	133.927237326453	134.079985950923	133.635261412431
	70.5128205128205	133.886954413373	134.203881337709	133.373027213687	134.028109535633	133.751704385049	133.945905113199	133.896305767722	133.961512857742	134.096250388894	133.66099693048
	73.7179487179487	133.902766313465	134.211166609072	133.389340933101	134.060748848735	133.776257218431	133.959429995527	133.909364127358	133.997901868852	134.11062295172	133.684635172301
	76.9230769230769	133.90670584231	134.20805190615	133.391490124945	134.080010321167	133.787461810049	133.960600616263	133.910906394495	134.022008766981	134.11337484802	133.695438438215
	80.1282051282051	133.889609238094	134.187368804666	133.373426167168	134.078635764619	133.778790255607	133.943063378913	133.893075004646	134.023822557865	134.098376080138	133.686718873242
	83.3333333333333	133.852370165119	134.149840978724	133.337865277551	134.058358561691	133.752053180786	133.908658356254	133.856707800554	134.004232303313	134.066827687012	133.660085631906
	84.1181107331997	133.838948018895	134.136697500382	133.325464823413	134.050065504699	133.741974130725	133.896559406334	133.843677565881	133.995821230836	134.055492990434	133.650031543578
	85.2973755703375	133.826425322063	134.124492705016	133.313992999751	134.042145104613	133.732485328225	133.885329580956	133.83152177009	133.987735700999	134.04491736809	133.640559686925
	86.4931727040756	133.805044671167	134.103622522853	133.294546465128	134.028447186612	133.716174680673	133.866177703488	133.810695903012	133.973808080968	134.026809043776	133.624252592987
	87.7057339032437	133.783854249957	134.082790570944	133.27542799392	134.014763085768	133.699899861096	133.847160192554	133.789905062591	133.960078484587	134.008753899439	133.607937507118
	88.9352941858742	133.771363967975	134.070402931505	133.264178615075	134.006662414084	133.690249074069	133.835880170487	133.777567788031	133.952088638444	133.998040294496	133.598244272947
	90.182091864754	133.745798355035	134.044710269681	133.241052060866	133.990069795914	133.670367866611	133.812500468824	133.752109690265	133.936154303349	133.975909673691	133.578241276322
	91.4463685936138	133.731712830956	134.030329755104	133.228210897824	133.980913174866	133.659322082638	133.799407640842	133.737953776937	133.927648547907	133.96357914905	133.567110333414
	92.7283694139654	133.713504834948	134.011436553085	133.21135146769	133.968912331094	133.644813796045	133.782115240246	133.719499114187	133.916885322161	133.947412329001	133.552490962403
	94.0283428025956	133.690745729837	133.987552127351	133.189939957003	133.953657779012	133.626396729398	133.760107604546	133.696312819126	133.903532514031	133.926975384965	133.533955315159
	95.3465407197259	133.679486345669	133.975650820772	133.179129666254	133.945850460899	133.617062264345	133.749021974479	133.684810743314	133.896785809084	133.916738782451	133.52458661023
	96.683218657847	133.650852418045	133.945370666587	133.151268945944	133.925416428476	133.592888255846	133.720578658667	133.655574262773	133.879087192374	133.890530995808	133.500385443236
	98.0386356912386	133.636781613347	133.930570347532	133.137457761563	133.915079121461	133.580818360059	133.706571758401	133.64125190562	133.870006393906	133.877613318921	133.48832974092
	99.4130545261829	133.608788159955	133.901487848365	133.109797294924	133.893710968739	133.556345525738	133.678805321146	133.612931290393	133.850729602095	133.851888616084	133.463941772498
	100.806741551882	133.58350483432	133.875437065314	133.084823880304	133.874117604223	133.53410730165	133.653865114356	133.587446850443	133.832778839536	133.828697620129	133.441791756259
	102.21996689209	133.559767898561	133.851423663866	133.061511131801	133.85521527114	133.513046959243	133.630792235311	133.563700175185	133.814932443497	133.807037748396	133.420806723415
	103.653004457467	133.520687439069	133.812140849681	133.023258098159	133.823881959757	133.478333176702	133.593033024802	133.524700351212	133.785072769218	133.771473195719	133.386199745273
	105.10613199867	133.499724933736	133.79130259465	133.002919720673	133.80687271358	133.459701052302	133.57300793116	133.503857296793	133.76862613173	133.752481589745	133.367584010352
	106.579631160185	133.451994867799	133.744088279822	132.956813486682	133.767972074946	133.417293427166	133.5276532318	133.456472027407	133.730790920027	133.709342082491	133.325165090533
	108.073787534916	133.430242801251	133.722591208556	132.935868083735	133.750172138494	133.397961924514	133.507005599814	133.434867224362	133.713472552249	133.689676348102	133.305787014257
	109.588890719537	133.381273131095	133.674223235197	132.888840074978	133.709964320846	133.354431170252	133.460553228611	133.386204134149	133.674354059081	133.645387907168	133.262067391779
	111.125234370626	133.356918841886	133.650058619155	132.865390401046	133.689924986092	133.332715883212	133.437314065519	133.361955764281	133.654956169459	133.623278783999	133.240227458437
	112.683116261573	133.310246100319	133.603441688116	132.820272756001	133.651379486109	133.290900036238	133.392388555041	133.315355558128	133.617914071702	133.580662975387	133.198089120974
	114.262838340304	133.283414187849	133.576514531418	132.79421671663	133.6291441051	133.266736808425	133.366382116471	133.288539376424	133.596622210865	133.556059109028	133.173731053504
	115.864706787798	133.237963585958	133.530517064605	132.749714515525	133.591220025722	133.225413639776	133.321780439982	133.243034253257	133.560532582824	133.51404725819	133.132050729292
	117.489032077431	133.208690667298	133.500852247562	132.720963365659	133.566635922494	133.198660007849	133.292964900975	133.213749321998	133.537098313954	133.486917633108	133.105085661427
	119.136129035157	133.161376727542	133.452790443679	132.674241212113	133.526453995351	133.155022840094	133.246132156369	133.166476883665	133.498694244104	133.442856157019	133.061157186511
	120.80631690052	133.128645293113	133.419629883711	132.641900485708	133.498414650729	133.124733695563	133.21379676195	133.13381572951	133.471745219227	133.412350255311	133.030698382792
	122.499919388535	133.077393242018	133.367883691642	132.591219539908	133.454006859235	133.077085666586	133.163285834167	133.082765571812	133.428757736036	133.364527714745	132.982853290883
	124.217264752429	133.03975676488	133.330059934717	132.554069858386	133.421151625091	133.042072318975	133.126367499062	133.045280213525	133.396805127439	133.329427793089	132.947716754655
	125.958685847258	132.985451605537	133.27571436273	132.500555660171	133.373423280873	132.991518024899	133.073326191738	132.991202140884	133.350191582938	133.278810111737	132.897016864689
	127.724520194428	132.941942182349	133.232328115223	132.457848081961	133.335030651453	132.951049370369	133.030978640625	132.94780850027	133.312702433186	133.238310208001	132.856447981833
	129.515110047109	132.887844445556	133.178486848884	132.404870394843	133.287188488388	132.900758281889	132.978424497558	132.893800121137	133.266004070099	133.187999614834	132.806047745917
	131.330802456572	132.838914858252	133.129771594379	132.357130343508	133.243823086686	132.855241822584	132.930825575031	132.844825124814	133.22389501788	133.142514775873	132.760472877466
	133.171949339451	132.787105251834	133.078132034319	132.306619739383	133.197838612422	132.806997446201	132.880340586513	132.792895803517	133.179365567847	133.0943328773	132.712192656974
	135.038907545957	132.73491210212	133.025896256347	132.255703298921	133.151328375384	132.758199980086	132.829192140296	132.740454646632	133.134568635458	133.045663652739	132.663417480553
	136.932038929037	132.683246890102	132.974059708513	132.205160425648	133.105100392489	132.709729350004	132.77840256699	132.688510516028	133.090090283815	132.997343716744	132.615007669873
	138.851710414512	132.629444397339	132.919925282389	132.152321474501	133.056693659151	132.659025009114	132.725322142773	132.634398540549	133.043535994453	132.946824201438	132.564414993605
	140.798294072194	132.574748018761	132.86492712396	132.098426649854	133.007203442889	132.607312253247	132.671400257795	132.579495800684	132.995777666674	132.895308037329	132.512860371149
	142.772167187996	132.517150258004	132.80710637627	132.041605205484	132.954879264546	132.5527548842	132.614716959957	132.521802498972	132.945120858184	132.840969634747	132.45849224951
	144.773712337063	132.459837556364	132.749805617528	131.985132431675	132.902629519482	132.498429191954	132.558556386433	132.464585319493	132.894300722741	132.786878213253	132.404359674431
	146.803317457921	132.396038247785	132.686204441163	131.922432739645	132.844357514242	132.437951800683	132.496206097753	132.401002833363	132.837441999135	132.726663865641	132.34403987094
	148.861375927665	132.334644786376	132.625130960769	131.862253954437	132.788188291121	132.379747900202	132.436302299564	132.339864636179	132.782490613421	132.668693775443	132.285898722639
	150.948286638204	132.272087233734	132.562873232419	131.800987152625	132.730858093037	132.320392675187	132.375180540429	132.277480194987	132.726334182595	132.609510782022	132.226472566449
	153.064454073576	132.203573595182	132.494565220049	131.733775429007	132.667900975607	132.255281542605	132.308048128729	132.209004832143	132.664665351776	132.544474627595	132.161130486584
	155.210288388343	132.141368920086	132.432395547081	131.672544452446	132.610535267904	132.196045703572	132.246888446588	132.146700886526	132.608532097222	132.485177118616	132.101542775852
	157.386205487087	132.076700301744	132.367682106621	131.60868203831	132.550680128833	132.134374663821	132.1831951804	132.081904298005	132.55005327635	132.42332656868	132.039392885367
	159.592627105021	132.005441956724	132.296405026925	131.538206080511	132.484499050865	132.066394727374	132.113054079069	132.010633355217	132.485456419171	132.355035754827	131.97075871308
	161.829980889728	131.9388782155	132.229980498135	131.472461872992	132.422566046695	132.002970991968	132.047753608521	131.944297184489	132.424948521049	132.291264689362	131.906643425515
	164.098700484052	131.870918611046	132.162341976463	131.405525884394	132.359336786974	131.938340075694	131.981343248471	131.876780072375	132.363009626741	132.226270915818	131.841278766205
	166.399225610141	131.794036328285	132.086021375663	131.330033827886	132.287858642812	131.865360993382	131.906499686845	131.800565680341	132.292703012068	132.152921944055	131.767506198975
	168.732002154676	131.717757573918	132.010410399459	131.25527067351	132.216963781689	131.793002018248	131.832387689377	131.724945185393	132.222694693795	132.080306426186	131.694475064157
	171.097482255293	131.645165386774	131.938446125305	131.184123623755	132.149398767654	131.724071358382	131.761820055602	131.652861572246	132.155902680988	132.011256685074	131.625003980773
	173.496124388215	131.568106970906	131.861985214551	131.108566953247	132.077470480789	131.650764454705	131.686787420425	131.576192484252	132.08486024815	131.937944188905	131.551180813835
	175.928393457116	131.487087422632	131.781450191359	131.029084587933	132.001455724868	131.573462209753	131.607681144372	131.495412906392	132.009999431119	131.860729199582	131.473317220291
	178.394760883224	131.408004936033	131.702696821086	130.951518366098	131.926825819687	131.497792580356	131.530292598364	131.416477106159	131.936696045628	131.785112810688	131.396992178979
	180.895704696696	131.330485609699	131.625431830342	130.875505844538	131.853359177947	131.423477810843	131.454373181352	131.339087086405	131.864547308403	131.710728015179	131.321942842396
	183.431709629269	131.249897643376	131.545109024908	130.796486391302	131.77675980828	131.346133523965	131.375466231039	131.258663566863	131.78921831776	131.633158293934	131.243770624888
	186.003267208206	131.165034467304	131.460605530615	130.713248724231	131.695953825163	131.264651099011	131.292467033299	131.174045142088	131.709545746988	131.551276574335	131.161386656602
	188.610875851571	131.078205654784	131.374283728127	130.628048444267	131.613205069055	131.181304510486	131.207673344705	131.087564106887	131.627789711334	131.467428544556	131.07710211792
	191.255040964824	130.991175033935	131.287869982388	130.542660332938	131.530186514685	131.097804612809	131.122763430814	131.000962503279	131.54577012266	131.383410425332	130.992608947138
	193.936275038786	130.903620353445	131.200980133721	130.456779040344	131.446538858832	131.013806676731	131.037346934951	130.913870599986	131.463242496548	131.298903245968	130.90753524404
	196.655097748964	130.814662094752	131.112700789749	130.369510052619	131.361366928266	130.928410897932	130.950505534978	130.825373521802	131.379318707244	131.213013725996	130.820977993625
	199.412036056278	130.724151921077	131.022875004277	130.280660992773	131.274488821815	130.841409050506	130.862068602113	130.735306612402	131.293704418235	131.125542989845	130.732767040128
	202.207624309194	130.632221874327	130.931666859623	130.190330088608	131.186036591291	130.752884561487	130.772210479372	130.643829870706	131.206323495265	131.036587252919	130.643054008728
	205.042404347292	130.538761080309	130.839009075399	130.098455515982	131.09594738091	130.662744688292	130.680930948574	130.550901123201	131.116950430009	130.946056051622	130.551788767462
	207.916925606286	130.443572311923	130.74469212776	130.004951608619	131.004053818752	130.570858268486	130.58812043205	130.456363718182	131.025450023869	130.853776981108	130.458816646101
	210.831745224512	130.346653427658	130.648637593922	129.909906976129	130.910319994711	130.477294265634	130.493744510939	130.360183256881	130.932002100187	130.759745389852	130.364122171067
	213.787428150918	130.248212157059	130.550977410643	129.813584290159	130.814897047529	130.382321738618	130.397874264111	130.262509819951	130.837010447848	130.664175601093	130.267864624993
	216.784547254558	130.148450198308	130.451910391924	129.716237600467	130.71798437516	130.286205298088	130.300592134667	130.163549270221	130.740804458118	130.567318336381	130.170216823595
	219.823683435623	130.047332419818	130.351511614066	129.617862542136	130.619621723448	130.188954482718	130.201874453029	130.063348153988	130.643349767513	130.469210150491	130.071170147631
	222.905425738038	129.944573274345	130.249700237554	129.518113454258	130.519614313056	130.090247334117	130.101608468569	129.961688733148	130.544230122847	130.369599975036	129.970504486756
	226.030371463624	129.839887348092	130.146388194333	129.416520539341	130.417694030605	129.989663147933	129.99977152497	129.858232086455	130.442968443038	130.268143457974	129.867983892393
	229.19912628787	129.733281624803	130.041655896341	129.312843824821	130.313796072483	129.887068805745	129.896579957175	129.752821620339	130.339430049696	130.164700889369	129.763607135691
	232.412304377321	129.625100461163	129.935786459778	129.207249586249	130.208205187849	129.78280058391	129.792417741028	129.645687566175	130.233955794445	130.059477220424	129.657660145902
	235.670528508622	129.515765639516	129.829076353613	129.100154075919	130.10140884474	129.677441065247	129.687562362986	129.537344947833	130.127085244011	129.952875285758	129.550484747376
	238.974430189217	129.405450283604	129.721529351729	128.991887057057	129.99374839683	129.571390281135	129.581918143277	129.428234668438	130.019087568146	129.845185539256	129.442167563073
	242.324649779752	129.293967036151	129.612739987115	128.882472605754	129.885173439255	129.464617239622	129.474990267688	129.318394884317	129.909725718971	129.73638818221	129.332454257658
	245.721836618189	129.180943294964	129.50214918087	128.771692133082	129.775320396542	129.356749342783	129.366164019833	129.207438547029	129.798483975745	129.626233324325	129.220954880257
	249.166649145658	129.066159558295	129.389437329771	128.659349736432	129.66380362463	129.247360096305	129.255093200188	129.094861238224	129.685047959138	129.514497160592	129.107426859404
	252.659755034078	128.949797592917	129.274683302934	128.545484843824	129.550403968141	129.136213786101	129.14184987456	128.980405997798	129.56959731887	129.401156502652	128.991903171879
	256.201831315565	128.832327429982	129.158204780906	128.430310110807	129.434988687707	129.023242355816	129.02666892553	128.864144457498	129.452641115458	129.286319385542	128.874573718774
	259.793564513651	128.714097652631	129.040236420479	128.313946179463	129.317300725326	128.908260596054	128.909553504523	128.746250214352	129.334539356056	129.170004794371	128.755534997106
	263.435650776351	128.595090429731	128.920690684571	128.196271703619	129.196903809315	128.790786409043	128.79016943692	128.626796294417	129.215212233274	129.052028319495	128.634708458536
	267.128796011084	128.475136027319	128.799278426724	128.077061382658	129.073446839188	128.670226364271	128.668126025736	128.50583438524	129.094399415071	128.932153554357	128.512046592043
	270.873716021496	128.354392493907	128.675958581528	127.956253098045	128.947065679272	128.546189276703	128.543400532121	128.383660380173	128.972197332773	128.810411781205	128.387761433347
	274.671136646195	128.233608963324	128.551204326314	127.834066067311	128.81847144258	128.418623248797	128.416570549729	128.260925294642	128.849271205461	128.687268262177	128.262329095965
	278.521793899434	128.113700622342	128.425664476266	127.710814624487	128.688520719971	128.287762526593	128.288541354151	128.138290914529	128.726487473247	128.563347992301	128.136238272329
	282.426434113762	127.994828253067	128.299507051765	127.586524115027	128.55762525283	128.153969505369	128.159898834582	128.015819372359	128.604240281542	128.438888571534	128.009582444705
	286.38581408468	127.876035849858	128.172300620778	127.460859177194	128.425639586546	128.017758780945	128.030720854572	127.892846957158	128.482152596087	128.313590609928	127.882015336015
	290.400701217325	127.755994859995	128.043763379546	127.333762909508	128.292522183686	127.880251120005	127.901215525122	127.768700506063	128.359618857157	128.187203005541	127.753435287863
	294.471873675204	127.633797016934	127.914153039271	127.205797638907	128.158750693374	127.74309082005	127.771929239475	127.643190965764	128.236287646772	128.059848757129	127.624274179448
	298.600120531016	127.508706981906	127.783415109949	127.077160528393	128.024426214208	127.607105202337	127.642783023949	127.515920391442	128.111467035834	127.931255716958	127.494511768385
	302.786241919598	127.380194208992	127.651093778373	126.947370246105	127.889018486853	127.471945063091	127.513016390874	127.386180683367	127.984066965697	127.800721936749	127.36344975772
	307.031049192997	127.24875582616	127.51741146823	126.816359154871	127.752553980476	127.337313190182	127.382388084603	127.254083253883	127.853778824989	127.668288799346	127.230877807179
	311.335365077732	127.114993460118	127.382521036854	126.683970175577	127.615071349653	127.202672622088	127.250707516149	127.119931196448	127.72066669379	127.534078351683	127.09669987506
	315.700023834253	126.978856453672	127.245984709884	126.549594507735	127.476112143081	127.067031908947	127.117437567155	126.983563195887	127.584484670002	127.397664483171	126.960477130275
	320.125871418635	126.840822234545	127.108099542177	126.413496978292	127.335991530627	126.930288183854	126.982789684704	126.845527993285	127.445622597016	127.259347504798	126.822523491425
	324.613765646543	126.701134898536	126.968995910265	126.275931841463	127.194743484014	126.792417554975	126.84674863149	126.706134058518	127.304376601881	127.119324117633	126.683047990531
	329.164576359494	126.559681746626	126.82837772184	126.136835455202	127.051897672436	126.65322952371	126.708924384101	126.565206257384	127.160735174007	126.977494752305	126.541817853672
	333.779185593447	126.416654889674	126.686237405925	125.996296560035	126.90741976896	126.512815244049	126.569304321089	126.422905928598	127.014906578349	126.834171289526	126.398729848653
	338.45848774976	126.272202297569	126.542662332762	125.854321247332	126.761412558101	126.371192556582	126.428055735335	126.279365673666	126.867261592285	126.689598790645	126.253861770534
	343.203389768542	126.126241679806	126.397628345648	125.710797185187	126.613813086349	126.228159132969	126.285288546597	126.134333229899	126.7179397266	126.543663402481	126.107303391801
	348.014811304437	125.978972007734	126.251245696865	125.565740629569	126.464859669147	126.083636401095	126.141296264733	125.987796372914	126.567055464385	126.39641034434	125.959289798644
	352.89368490487	125.83040989774	126.103338652834	125.418999497688	126.31430422688	125.937322344066	125.995915753111	125.839615467641	126.414577437672	126.247557617472	125.80973551387
	357.840956190791	125.680763436755	125.95410503773	125.270931128664	126.161872792931	125.789313000758	125.849096115333	125.689939959556	126.260691553786	126.097175597257	125.658724560393
	362.857584039959	125.529771979315	125.803339558708	125.121407449821	126.007292699872	125.639405304087	125.700584767322	125.538721217865	126.105072613897	125.945102544324	125.50590114353
	367.944540772788	125.37748804585	125.651179480766	124.970624353972	125.850876792657	125.487871420006	125.550605164728	125.386328670581	125.947957777905	125.791539580498	125.351442992583
	373.102812340802	125.223594048538	125.497528149349	124.818545833663	125.692489772965	125.334648321855	125.399046747642	125.232538654317	125.789182043347	125.636357664624	125.19527308822
	378.333398517734	125.068050726221	125.342450624959	124.665066355253	125.532411241514	125.179712695475	125.246009798431	125.077286539284	125.628668659165	125.479565550966	125.037531545286
	383.637313093299	124.91074536341	125.185754452032	124.510008391881	125.370560770943	125.022905705533	125.091323033164	124.920496082665	125.466418634093	125.321025166919	124.878306627158
	389.015584069687	124.75166974369	125.027348715103	124.35358252448	125.206693324427	124.8642885797	124.934850718637	124.762078023154	125.30253875552	125.160793533837	124.717570130274
	394.46925386081	124.590921022072	124.867274465881	124.195834435445	125.040858529745	124.704094204825	124.776650385871	124.60201353535	125.137007155773	124.998992523557	124.555275939723
	399.999379494343	124.428449102864	124.705430072898	124.03653460003	124.872883327971	124.542303839647	124.616633447637	124.440229781226	124.969709996826	124.835540052269	124.39137293801
	405.607032816595	124.264321420037	124.541853217187	123.875609600167	124.702658292188	124.378811243991	124.454854635244	124.276691274499	124.800627639745	124.67044826222	124.225818429163
	411.293300700256	124.098733242776	124.376768995069	123.713016371614	124.530473595132	124.213566624148	124.2915078221	124.111558226626	124.62982997177	124.50373463954	124.058764184125
	417.05928525505	123.931651472896	124.210292224175	123.548697552022	124.356469716166	124.046498509306	124.126592856979	123.944932801799	124.457346136133	124.335333005134	123.890331524071
	422.906104041352	123.762912739401	124.042327010348	123.382689159944	124.180693494197	123.87770002488	123.960111503983	123.776735752775	124.283082962713	124.165231374	123.72035690002
	428.834890286786	123.592668030163	123.87293408111	123.215086941911	124.0034272016	123.707479095535	123.792217311672	123.607069557874	124.107154349717	123.9936092441	123.548745327499
	434.846793105872	123.421155168036	123.702304287527	123.046043659288	123.824970674637	123.535996119341	123.623019162917	123.436141280109	123.929825137064	123.820652161586	123.375538620027
	440.942977722741	123.248546333003	123.530475603625	122.875564803958	123.645232660555	123.363135653173	123.45252985084	123.264018915222	123.75102410573	123.646294309338	123.200619239798
	447.124625696987	123.074924771399	123.357606886074	122.703713463696	123.463904677718	123.188673732792	123.280846214395	123.090615106216	123.570505629712	123.470521806699	123.024078114821
	453.392935152667	122.900107976703	123.183791366611	122.530801579315	123.281037655084	123.012539007143	123.10799818055	122.915907198985	123.388412693829	123.293387954251	122.846219411913
	459.749121010526	122.723900349683	123.008754606975	122.356780859815	123.09656860233	122.835157553704	122.933978147738	122.739854816248	123.204731128854	123.114918434602	122.666999378728
	466.194415223473	122.546182355136	122.832148930101	122.18129782426	122.910322581043	122.656653716038	122.758572265997	122.56226512664	123.019273670088	122.935008659981	122.486414766167
	472.730067015354	122.366924387013	122.65391512725	122.004323578525	122.722536098432	122.476866862408	122.581608899739	122.383236044869	122.832366846949	122.753544959882	122.30451398201
	479.357343123078	122.18634691274	122.474039400762	121.825921492738	122.533219213561	122.295790802296	122.40312576782	122.202843632295	122.644110968648	122.570771549456	122.121213212032
	486.077528042135	122.004488427207	122.292565404592	121.646126810681	122.342109756885	122.112890679737	122.223059951167	122.02107170119	122.454242489247	122.38649773232	121.936525355535
	492.891924275558	121.82124832006	122.109849018205	121.465220344667	122.149361792957	121.928060329238	122.041681512148	121.837956335492	122.262890403096	122.200702955871	121.750484246058
	499.801852586369	121.636746955807	121.926039121986	121.283156254839	121.955067643099	121.741764067223	121.859136927301	121.653578869717	122.070158203629	122.013861271628	121.563052234148
	506.808652253576	121.450959113985	121.741106011751	121.099693282158	121.759255496197	121.554564342933	121.675242591366	121.467928350791	121.875832979065	121.825777088739	121.374160106183
	513.913681331742	121.264008625686	121.555318484987	120.914959830771	121.562244486086	121.366858674038	121.490283985614	121.280981445615	121.680095559361	121.636629642398	121.183993326023
	521.118316914212	121.075895026943	121.36851710913	120.729112295356	121.363916553138	121.178218436269	121.304211982763	121.092929046948	121.482951828342	121.446487614542	120.99261383982
	528.423955400013	120.886493756862	121.180103588675	120.542130960053	121.163900287319	120.987602004513	121.116625173828	120.903727494004	121.284095444289	121.254973317916	120.79999091044
	535.832012764508	120.696359646766	120.99020202237	120.354367652973	120.962375086501	120.794595223831	120.927793085259	120.713686588133	121.083490513598	121.061956514597	120.606393314181
	543.343924833838	120.505096006728	120.799314321712	120.16566921356	120.759553015468	120.59951962628	120.737814717735	120.522686052874	120.881089933754	120.867448749384	120.412006733877
	550.961147563213	120.311903216579	120.607200274122	119.975589040029	120.555319143981	120.403611055155	120.546654756148	120.329819718921	120.677165395332	120.671535931261	120.21659463332
	558.685157319104	120.117172403293	120.41379864153	119.784531835887	120.350292225143	120.208387204935	120.354597617938	120.135183983949	120.472013893289	120.473832054507	120.020262146941
	566.517451165394	119.920122138102	120.218969079687	119.591729547732	120.144609924525	120.013688562139	120.161923539461	119.938239136719	120.265676260191	120.273460916799	119.822670723424
	574.459547153537	119.719942739853	120.021249046962	119.396283902433	119.936999174207	119.817665021998	119.967766866576	119.738233726865	120.057974198867	120.069038752882	119.622884330433
	582.512984616783	119.517157908981	119.820388528234	119.197706184547	119.727408765706	119.617682346929	119.77128370354	119.535440483654	119.848373783171	119.860048821818	119.420340088971
	590.679324468537	119.311322058047	119.616991086056	118.994650614055	119.515119245848	119.411153551135	119.571723946498	119.329625947017	119.636163076798	119.647031577326	119.213837899477
	598.960149504888	119.102258481441	119.411313292194	118.787793487503	119.298508580571	119.197466374864	119.36793017304	119.121108675136	119.421143682863	119.431845773742	119.003184863032
	607.357064711391	118.891567983612	119.204582316011	118.579243817485	119.078148098298	118.979647042414	119.160299425686	118.911601203076	119.203801964763	119.217128553556	118.789470939352
	615.871697574141	118.680447889069	118.997863802597	118.370628228283	118.85459370282	118.76132066014	118.950357544139	118.702393280755	118.984735546317	119.004160842374	118.57446395672
	624.505698395213	118.469658930038	118.791469612453	118.164106306587	118.628663218908	118.545823046663	118.739840026053	118.494035070771	118.764963780324	118.793339101665	118.360312420287
	633.260740612525	118.260248917186	118.58596179812	117.960245782726	118.402753321497	118.334968533975	118.530917546764	118.286702768499	118.545261389524	118.584401487142	118.148104372656
	642.138521124177	118.052417882287	118.380866388929	117.757570429049	118.178128825866	118.127509216281	118.324103383905	118.079466333496	118.325780132448	118.376357511339	117.937860278321
	651.140760617348	117.845809437021	118.17562531489	117.555260454126	117.955037953644	117.921200319549	118.118517746203	117.871579953099	118.106336476359	118.168476191954	117.728477683058
	660.269203901799	117.640272577927	117.970676768493	117.352710297077	117.733311377557	117.714793303838	117.913870219064	117.663226734667	117.886654048317	117.960482962827	117.519417745459
	669.525620248048	117.435185933423	117.765778344664	117.149470727385	117.512192277692	117.507732592634	117.709037674628	117.454408548829	117.666711474517	117.751986687011	117.310382147049
	678.91180373029	117.230106743684	117.561282350432	116.945841783078	117.291297669364	117.300068190358	117.503863753574	117.245494270929	117.446421691807	117.54288700483	117.101043420823
	688.429573574126	117.024814067405	117.357496893725	116.741861162963	117.070191764528	117.091825650286	117.29875025865	117.036782714129	117.225740243948	117.333234497486	116.891550566609
	698.080774509163	116.819041284682	117.154090540005	116.537577423603	116.848991235864	116.883435131356	117.093469460989	116.828100324522	117.004890476789	117.123309766047	116.681762130322
	707.867277126555	116.613035447891	116.950985713326	116.333038911531	116.628140704802	116.675035245289	116.888291709384	116.619601523216	116.784005597945	116.913258574952	116.471694806624
	717.790978241567	116.406932779757	116.74835435814	116.129064241071	116.407665346732	116.466938852082	116.683555943917	116.41138707454	116.563056495773	116.703084218178	116.261344020447
	727.853801261211	116.201067567329	116.546501580394	115.92638591714	116.187854060007	116.25957333164	116.479722182688	116.204007329202	116.342180398035	116.493085364937	116.051073345688
	738.057696557039	115.995737395683	116.345439101464	115.725400639144	115.96870481318	116.052765272724	116.27699545695	115.997789462012	116.121454401134	116.283325599165	115.841121368949
	748.404641843164	115.791042237336	116.14525113433	115.526605997241	115.750205286042	115.847146614941	116.075415857105	115.792688793753	115.901338677375	116.074302283414	115.632042821526
	758.896642559581	115.587256929505	115.94626969456	115.329670109287	115.532614432494	115.642693443051	115.87511995564	115.588907937392	115.682041918581	115.86630600787	115.424450375031
	769.535732260857	115.384777933437	115.748649381569	115.134458752142	115.316107963528	115.439486780771	115.676059664927	115.386475180356	115.463847197436	115.659493868593	115.218719007068
	780.323973010279	115.183920213368	115.552597787667	114.941106357733	115.101192700119	115.237961423205	115.478435248062	115.185444367345	115.246957889394	115.454439407173	115.015385169431
	791.263455779517	114.985174384729	115.358415245658	114.749885783507	114.888332700509	115.038144397846	115.282652556047	114.986250276684	115.030997072184	115.251305367063	114.814764436471
	802.356300853897	114.788981556612	115.166186321889	114.561360402947	114.677680025751	114.840430316905	115.088973565127	114.789193079006	114.815729747649	115.050439055656	114.617060248718
	813.604658243354	114.595579916443	114.97605135154	114.375887518556	114.469676705279	114.645615017901	114.897802943655	114.594507575262	114.601049472033	114.852401553496	114.422443196128
	825.010708099145	114.405561503001	114.788286039863	114.193791039102	114.264852078476	114.454182967665	114.709586212615	114.402639898808	114.387314384164	114.657524918384	114.231296116216
	836.576661136408	114.219307991569	114.603358517275	114.015509266403	114.063809687526	114.266328918779	114.524800092034	114.214048013498	114.175707436917	114.466427919934	114.043771867653
	848.304759062637	114.037026983854	114.421896461606	113.841053364804	113.867015305976	114.082746222125	114.343877728689	114.029012741152	113.967952773516	114.279727365748	113.859700170303
	860.19727501217	113.858858735699	114.244566699718	113.670622257115	113.674854884776	113.903637159438	114.167242436522	113.847900613688	113.765416112097	114.097746549609	113.678443773976
	872.256513986771	113.684822797324	114.072276647952	113.504598685807	113.487568582402	113.728759518766	113.995308041027	113.671014859746	113.568403353292	113.92059817591	113.499007745854
	884.484813302378	113.514930671295	113.905936620866	113.342988072506	113.305378385932	113.559121726147	113.828453529085	113.49862428745	113.376274057613	113.747904690207	113.320876910968
	896.884543042126	113.349170496921	113.746306842137	113.186001024259	113.128878098342	113.395302612755	113.667235633688	113.331015719135	113.188134188511	113.578830769233	113.145132364248
	909.458106515711	113.187069534351	113.593969759737	113.034055473291	112.958451577311	113.236696845986	113.512063913479	113.16800945277	113.003588325946	113.411989357323	112.974793859112
	922.207940725202	113.027238725885	113.449464433749	112.887578919325	112.79399686702	113.083800059775	113.363263763839	113.009069163258	112.823660844334	113.246623392805	112.813545614706
	935.136516837376	112.869372228821	113.312701697303	112.74700393301	112.634286443505	112.93591017366	113.220366335245	112.85301117475	112.650327134122	113.084325968702	112.664071309213
	948.246340662682	112.715894358913	113.183222014791	112.612525094196	112.477765782467	112.791835761086	113.081015483582	112.698757328857	112.485625774768	112.928944076795	112.527221808073
	961.539953140913	112.570228279373	113.061232060599	112.484489144449	112.324776059663	112.652046693163	112.943987137116	112.547229119236	112.330380242526	112.784620067526	112.402117889901
	975.019930833691	112.436041387292	112.946475533509	112.363125787433	112.178914758775	112.518247500205	112.810342459443	112.402285407579	112.184623695922	112.653754109564	112.28729590957
	988.688886423856	112.314517797573	112.83833233125	112.248872297783	112.044643301476	112.393745952963	112.68289977139	112.267803098879	112.046656735726	112.535449235645	112.180570337823
	1002.54946922185	112.203973088353	112.737655902507	112.143681876624	111.924892155168	112.28062078624	112.566193746091	112.146725273646	111.915054048299	112.42684866399	112.080551982321
	1016.60436567922	112.102538812468	112.64490731789	112.050167093243	111.820853269184	112.180430459619	112.463165013055	112.040255407774	111.789583094502	112.326380932305	111.986896914059
	1030.85629990928	112.008229974575	112.560028751308	111.96877747462	111.729764724615	112.092392873756	112.373083856367	111.945443964071	111.669896961286	112.233382036647	111.898848923481
	1045.30803421511	111.921070049928	112.483721099108	111.899248022577	111.649046469897	112.014223431656	112.293801480192	111.859546589273	111.556915914578	112.148559774936	111.817284786535
	1059.96236962497	111.840919146274	112.415987979735	111.840213452776	111.578036639471	111.944818282724	112.223147970558	111.780909676966	111.451261509556	112.072436071455	111.743129082347
	1074.82214643513	111.766674245667	112.356415401989	111.788958705225	111.516396616909	111.883590489845	112.160278035998	111.708520552574	111.352972133165	112.004288572651	111.676603957711
	1089.89024476045	111.69780410735	112.304759234055	111.744568236426	111.464289381881	111.830657338496	112.105277473936	111.642297449998	111.262401656853	111.943676121835	111.618679470593
	1105.16958509254	111.634148004165	112.261200718876	111.707038146415	111.421931433622	111.786203896142	112.058417269234	111.582620101139	111.18072680617	111.8903578457	111.57130884409
	1120.66312886586	111.576493344274	112.225749704271	111.676029601574	111.389657290404	111.75018121414	112.019910687289	111.529364839412	111.11011652504	111.844583593837	111.537223805053
	1136.37387903166	111.52704161591	112.199220056646	111.651769656393	111.367940908997	111.721880279695	111.988931507475	111.482388574256	111.053470761326	111.807296636333	111.519303961375
	1152.30488064003	111.488872024425	112.1830422449	111.635067037475	111.357477521132	111.700700484574	111.964908583385	111.442333258753	111.013255979537	111.78000246478	111.518336873307
	1168.4592214301	111.465286758541	112.177995989697	111.627444819172	111.359043462917	111.68680977986	111.947848523693	111.410626976677	110.989245111926	111.764628290101	111.53196770328
	1184.84003242849	111.458782938894	112.183992931885	111.631387401444	111.373000365619	111.681174101588	111.938232019828	111.390401768103	110.978193226199	111.762238221965	111.556131442207
	1201.45048855616	111.469174158666	112.200186281588	111.648420500147	111.398460952978	111.685414440258	111.93751849341	111.384018311464	110.976126532255	111.772321153995	111.586789757156
	1218.29380924378	111.493157312446	112.225132379419	111.677507356721	111.433277635667	111.700286272692	111.946845120842	111.391112317197	110.979665096679	111.792985855844	111.622023366698
	1235.37325905573	111.525086648347	112.257868459306	111.714738222185	111.474735850588	111.724486488669	111.965798820646	111.408163064155	110.98812383304	111.82125168879	111.662308401061
	1252.69214832282	111.559146460046	112.298289941877	111.755636713356	111.521399562693	111.756216036356	111.993002743556	111.430619118627	111.003147423073	111.854586185033	111.708641257807
	1270.25383378389	111.592387982402	112.346355819856	111.798334460055	111.573203465686	111.79476128141	112.02756143828	111.455627935992	111.026002941928	111.892085495696	111.761594366756
	1288.06171923643	111.625249451659	112.401863964036	111.842938697176	111.631134885122	111.839639742068	112.068867329756	111.482510714633	111.056958921834	111.93429328901	111.82083501386
	1306.11925619629	111.660376528198	112.46409356793	111.8914562593	111.696645659842	111.891318647815	112.116941911288	111.512764834052	111.094853089479	111.982674441524	111.885598761267
	1324.42994456667	111.70104440927	112.532390864933	111.947022259153	111.770458325287	111.950723531988	112.172453635819	111.548630063824	111.137657170641	112.038535670298	111.955535742775
	1342.99733331644	111.749717290239	112.607212552497	112.011265889687	111.853028456975	112.017571700673	112.235624543053	111.591939907248	111.184244703665	112.10298069243	112.03056185342
	1361.82502116803	111.80804842498	112.689819818481	112.085402907261	111.944987741209	112.092436539843	112.306697750283	111.644953897936	111.236678370812	112.176689063277	112.111635609219
	1380.9166572949	111.878104608898	112.781821981698	112.170789723135	112.047774764744	112.176870120156	112.386635257345	111.710292220842	111.300366457094	112.260633794965	112.201828998994
	1400.27594202885	111.96281804118	112.885913003964	112.268285721209	112.163393503142	112.272523279725	112.477168785074	111.79059112751	111.38225741314	112.356784523957	112.30673628487
	1419.90662757719	112.064553266314	113.004324488011	112.378882718351	112.293678835725	112.381369777741	112.580346434193	111.888182512807	111.487726657245	112.467544750034	112.432508578337
	1439.81251875004	112.183176824519	113.137330041181	112.503563478413	112.439145091885	112.505275520414	112.698284996813	112.004471611606	111.616419264834	112.595046701853	112.582364241821
	1459.99747369771	112.31590137245	113.283994051189	112.643412969805	112.598503166846	112.645178585874	112.832406662602	112.13962373352	111.7630137585	112.738528220619	112.754581579905
	1480.46540465853	112.458682888568	113.442388352129	112.799176190354	112.769422132603	112.799885963557	112.982478028557	112.292989679089	111.922412988071	112.89418772935	112.943796008718
	1501.2202787171	112.609376393187	113.612014320589	112.970899383159	112.950841117797	112.96608061419	113.147024830551	112.463345976175	112.09331498392	113.058485567276	113.145446626212
	1522.26611857321	112.769827929546	113.795538463732	113.157785783782	113.144457886342	113.141528765852	113.32402822381	112.648623316059	112.278889132448	113.230388940065	113.358173969594
	1543.60700332149	112.944491222862	113.9970531167	113.357461425004	113.353956411869	113.325834887719	113.511367782641	112.845673925252	112.483924834346	113.412677046929	113.581498461941
	1565.24706924201	113.138054358556	114.218812013093	113.566791530728	113.582459856315	113.519328651558	113.708490705376	113.05070848985	112.709534659627	113.610594643673	113.812478474984
	1587.19051060204	113.352644444926	114.458680160863	113.783312764384	113.829142317664	113.725042594692	113.916645382859	113.261012202359	112.950335631248	113.829215866314	114.04441246614
	1609.44158046889	113.585286372103	114.709696189071	114.005143620648	114.089304095994	113.945206018335	114.137193363666	113.475055012233	113.194200561461	114.069002096148	114.267871890251
	1632.00459153429	113.827551347514	114.962722945857	114.230244111708	114.355100668541	114.177286957739	114.369324404508	113.691659041611	113.427792348194	114.322707626981	114.474102995112
	1654.88391695029	114.070382401051	115.211162494712	114.457589598866	114.619124498975	114.417846751977	114.610234692577	113.911040286099	113.642949453396	114.580840128454	114.659122496583
	1678.08399117681	114.307051972934	115.452717310185	114.687159253768	114.878278223648	114.662963340063	114.856581592242	114.133871359748	113.837858464603	114.836235336847	114.823946379163
	1701.60931084114	114.534161769067	115.68881778443	114.919800993819	115.133298827057	114.90980890134	115.105568462881	114.360895953126	114.016618078434	115.086111395353	114.973131705681
	1725.46443560953	114.75277785082	115.923235465634	115.157472086123	115.387946512238	115.158528319659	115.356540005135	114.593826637478	114.186726492994	115.333547364723	115.114700886627
	1749.65398907085	114.965852764915	116.159292527258	115.401415140195	115.646586106078	115.411304432389	115.610548436107	114.833705461437	114.354720860758	115.583719851798	115.25852709674
	1774.18265963281	115.176951952257	116.398494198328	115.651634958412	115.911738409378	115.669871204017	115.868714523618	115.07988393846	114.525090064868	115.84013539781	115.414209909298
	1799.05520143062	115.390705802559	116.6410428564	115.907534345864	116.183945490949	115.934859313266	116.13171872993	115.330993639609	114.702692667678	116.104085360063	115.590903956688
	1824.27643524846	115.612136651542	116.887013643064	116.168930010268	116.462708292194	116.206231512468	116.400216798518	115.586188248946	114.894504110494	116.375607762087	115.797122320089
	1849.85124945382	115.846180686053	117.137259019979	116.436570638725	116.747461027747	116.483562753853	116.675055689041	115.846273808935	115.109251072619	116.654481206099	116.038059957572
	1875.78460094498	116.09653075947	117.393366565696	116.711811903512	117.038166519711	116.766794197688	116.95690332198	116.113387158525	115.354344786597	116.940172582918	116.313391948724
	1902.08151611174	116.363664124628	117.656251437327	116.995246269701	117.335044752809	117.055720433261	117.245913753697	116.389539065556	115.631726632897	117.231504164411	116.616704387936
	1928.74709180963	116.645197570793	117.924770232878	117.286372641821	117.637842762668	117.350266961068	117.541930013335	116.675652915231	115.937315608365	117.527164748618	116.938069548247
	1955.78649634782	116.937163333658	118.194412121002	117.584192573491	117.945760433628	117.650051352888	117.844405246466	116.971269034023	116.263759551492	117.826735437034	117.26818917806
	1983.20497049077	117.236103077812	118.458042171326	117.887822839593	118.257920909455	117.954845572371	118.152158571889	117.275109248038	116.604537782379	118.130996223884	117.601134308639
	2011.00782847404	117.541112004697	118.71022065578	118.196440683643	118.572959854915	118.264049368182	118.464256563576	117.585905298034	116.956504051069	118.44168721606	117.935001561442
	2039.2004590343	117.853696959261	118.960416336053	118.509980930392	118.890491910052	118.577563288611	118.780182306302	117.903069790679	117.318476366484	118.760642431725	118.26904930692
	2067.78832645374	118.176281447572	119.242765022565	118.828695257608	119.210812630165	118.895755289893	119.099355812409	118.226695577612	117.689000885371	119.088069871522	118.601811670623
	2096.77697161917	118.509475144839	119.565986447755	119.152163762108	119.533612953738	119.218682549944	119.421349057304	118.556890245885	118.065289481952	119.422508249904	118.931230252339
	2126.17201309595	118.85141946235	119.916298035727	119.479818398444	119.85825368906	119.546850495671	119.745568474524	118.893248977525	118.444249277827	119.761142054204	119.255509269291
	2155.97914821698	119.198370949897	120.283637864277	119.810739035538	120.183373135228	119.880556941774	120.071558867374	119.235045856875	118.824533438504	120.100590901042	119.5743718181
	2186.20415418696	119.546681897882	120.643324516461	120.143357332908	120.505963643925	120.219312845659	120.398826090127	119.580955952857	119.20553332547	120.438155620633	119.888324237072
	2216.85288920212	119.894213724243	120.987084195724	120.475692408212	120.822137306176	120.561929921665	120.726380840877	119.928704375067	119.586781674438	120.772476150196	120.196694980194
	2247.93129358563	120.239159116744	121.324501662431	120.805643101865	121.129547711681	120.907068597103	121.053197655266	120.276197675418	119.967208257061	121.103503526667	120.498218864821
	2279.44539093899	120.579669927835	121.660321814435	121.130772433374	121.429483669022	121.252766740667	121.377816449305	120.621538704561	120.343739378311	121.432438760473	120.791970863314
	2311.40128930951	120.914057852494	121.994961674991	121.44864366898	121.726437698486	121.596339443372	121.698207741101	120.963340449761	120.712309157793	121.760372557224	121.077590919308
	2343.80518237415	121.239698473566	122.325861430209	121.756876377586	122.021633413172	121.934731978361	122.011732829794	121.30063369478	121.068025933182	122.085692752146	121.359872378202
	2376.66335063997	121.553785765553	122.648402721954	122.054112501281	122.312339870479	122.264830263853	122.315715572779	121.633044099623	121.405604361545	122.404879393696	121.646072323363
	2409.98216266148	121.853616411528	122.95661857114	122.340508237517	122.594452712372	122.583997603518	122.60762648311	121.960668559924	121.722042976328	122.714653354531	121.931183558919
	2443.7680762749	122.136041663494	123.244223050875	122.617840304685	122.864579026694	122.888673506134	122.883931236637	122.281390947565	122.021814425557	123.010911249523	122.204373634608
	2478.02763984988	122.400772945216	123.506385335301	122.887656929619	123.12378884553	123.175246671008	123.140441442638	122.590608976021	122.32028314603	123.287977738623	122.455777462006
	2512.76749355866	122.653380129608	123.739863251532	123.146359420937	123.377962776287	123.442370774634	123.374944329036	122.882805773439	122.626711595659	123.541043776714	122.674466920321
	2547.9943706631	122.893423127836	123.941725535925	123.385655206132	123.627347219454	123.687282273528	123.585929350715	123.152541375359	122.935532992474	123.764839219238	122.856178750202
	2583.71509881971	123.116513752677	124.112232063102	123.597078940863	123.85999507056	123.907447948224	123.769829847399	123.395356704422	123.23580318708	123.9546544014	123.003818856697
	2619.93660140295	123.320299290595	124.254090782278	123.776917993024	124.062766983282	124.104941814056	123.922759842238	123.607285718158	123.51165762576	124.113188301091	123.125915227934
	2656.66589884716	123.492804991901	124.367261354831	123.933032531094	124.22580277476	124.28010268778	124.047167226511	123.785264494365	123.752858198699	124.249005900489	123.23714107639
	2693.91011000723	123.62868552604	124.45208284944	124.078757798573	124.346596208113	124.427817423575	124.152909982009	123.928653118103	123.959413209216	124.375583417476	123.344007541697
	2731.67645353838	123.737241604956	124.51016082364	124.213922657057	124.431789932135	124.542054006773	124.25392645602	124.04027238079	124.130755067046	124.505513652996	123.441179813012
	2769.97224929529	123.833029785319	124.546430202404	124.330481271316	124.49071564901	124.61854736211	124.368746969012	124.129272162282	124.267327395699	124.633314862809	123.521416399408
	2808.80491975078	123.927004430341	124.574349171453	124.420983552858	124.531010387958	124.659681698622	124.486742986291	124.210657006388	124.371136555584	124.746503366723	123.574446991713
	2848.18199143452	124.016191765976	124.597980550485	124.476990667121	124.556764566083	124.681295982823	124.584665936078	124.300368231921	124.444113799015	124.834611298964	123.598419614259
	2888.11109639173	124.092429168684	124.612613172237	124.503208656991	124.571269353663	124.702240326644	124.651385030962	124.396763752665	124.491681718558	124.889401563734	123.603264476969
	2928.59997366245	124.146086462819	124.617506330194	124.51289711373	124.578378958649	124.726202511067	124.677203510362	124.485004318934	124.521069871358	124.916696457566	123.598742185058
	2969.65647078157	124.173262143253	124.607207428298	124.513027111909	124.579713271991	124.746913114958	124.672524355274	124.552894843654	124.535161526772	124.926443840371	123.590199300258
	3011.28854529972	124.182857255355	124.584695573122	124.505845899222	124.575944870573	124.754288391141	124.655740523166	124.587367282873	124.53555609313	124.924831507533	123.579637431129
	3053.50426632573	124.184975027007	124.56099119964	124.491804160817	124.568831982718	124.739894980498	124.635760065881	124.589195966889	124.524937384438	124.916334081752	123.568115497859
	3096.31181609048	124.1838208136	124.539814236959	124.469918228223	124.55941512056	124.707109359956	124.614278263252	124.569991818359	124.503237185692	124.903337760622	123.555657824082
	3139.71949153283	124.18095566326	124.521340093289	124.441127897999	124.549646466846	124.665157384009	124.591715496901	124.538096162582	124.472109694007	124.889123792759	123.542642705475
	3183.73570590769	124.176484471425	124.506037836079	124.409377356775	124.542539485321	124.620771097137	124.569930724382	124.499789334989	124.435321477365	124.877223050885	123.530640491545
	3228.36899041671	124.169896387095	124.495067991679	124.379447576946	124.540032843072	124.577587278363	124.550819430514	124.460360218059	124.39627875743	124.869542141092	123.521475044886
	3273.6279958618	124.161870936742	124.490924504144	124.355637176456	124.543698089723	124.538662141515	124.536799998251	124.424298890574	124.358877940447	124.867355570657	123.51749969331
	3319.52149432177	124.154904229135	124.496637057175	124.341488022886	124.555269227864	124.507590635468	124.530755615366	124.395534099107	124.327120273622	124.871782684235	123.521518650235
	3366.05838085258	124.153332402751	124.514433852892	124.339231256534	124.57629181791	124.487648073789	124.534982666015	124.37645224359	124.303778223469	124.883744748371	123.535748978328
	3413.24767521135	124.162190899622	124.545404132762	124.350343552854	124.60869387004	124.482364852704	124.551839666046	124.36842779644	124.290759998926	124.905445332348	123.561693466204
	3461.09852360457	124.185792888571	124.590078289812	124.376305680455	124.655118327689	124.495481878993	124.584292663782	124.372785822664	124.289476003045	124.939999769727	123.600417931125
	3509.62020046084	124.227124301713	124.649185810041	124.418638329776	124.718923250395	124.530246348903	124.636159824714	124.39125646424	124.301143294178	124.990507557124	123.652795982177
	3558.8221102284	124.287384502682	124.723583436505	124.478431706718	124.80296536917	124.587374808283	124.709951357344	124.425730969195	124.327317938748	125.058822476506	123.719635543988
	3608.71378919789	124.367634029151	124.814838087562	124.556329793506	124.908718401267	124.665259260942	124.805365997856	124.477687132887	124.370488636151	125.146431725709	123.802250493396
	3659.30490735071	124.46865298297	124.925146776516	124.653867609692	125.038376807256	124.764931710514	124.924738105617	124.549203135955	124.433361410329	125.255222022874	123.902655128005
	3710.60527023322	124.590059198212	125.055526594254	124.771428160261	125.191049161866	124.884828668175	125.066910369129	124.641121890241	124.51801655531	125.385551306079	124.022070728207
	3762.62482085726	124.732910895245	125.206686699219	124.9096914398	125.365154198294	125.025032935868	125.230461102058	124.754093922086	124.626447738438	125.538864095923	124.161561738391
	3815.37364162728	124.897668923033	125.378524089586	125.069679701851	125.56081077401	125.188286316955	125.416984811635	124.889207958438	124.759886928901	125.716288388922	124.321981188354
	3868.86195629455	125.084084183193	125.570285872693	125.251105238231	125.776739782892	125.374110432233	125.625153795333	125.046504054054	124.919045083874	125.917370353699	124.50353420141
	3923.10013193866	125.292981807286	125.786161481064	125.454390484847	126.012928835934	125.582994182546	125.854792273364	125.226889297346	125.104589019608	126.142228961589	124.706480435535
	3978.09868097692	125.525150873667	126.032821998112	125.679903555777	126.269616392589	125.815417636875	126.106196247514	125.431152933906	125.316571962906	126.390654393424	124.930451828297
	4033.86826320184	125.780618042874	126.305227516282	125.927521833559	126.545282652086	126.070861429872	126.378527438265	125.659469268386	125.554471945737	126.661430558766	125.17436456232
	4090.41968784722	126.058706924297	126.598129913593	126.196902373979	126.837146124989	126.348448266231	126.670328699285	125.911871776979	125.817421652129	126.952486370269	125.43619315179
	4147.76391568317	126.357258127394	126.9046744483	126.486145190215	127.140586787303	126.64571750682	126.978497077359	126.186975721415	126.103681429739	127.260279728871	125.712839602117
	4205.91206114055	126.672161035076	127.213061682951	126.791183073504	127.449263834749	126.957617254603	127.297456701975	126.481631912995	126.410352113902	127.579431845771	126.00006058451
	4264.87539446515	126.997842811901	127.51760944292	127.10600413168	127.755375720063	127.276565726719	127.619060017623	126.790813430703	126.73310029151	127.903323140495	126.292279698687
	4324.66534390206	127.327654120439	127.813261094152	127.423345628779	128.049475981411	127.594045258756	127.933517238578	127.107845429023	127.065998868033	128.22420127474	126.582948971609
	4385.29349791075	127.653736201336	128.092996425049	127.735124687889	128.321976718324	127.902206436669	128.231492833079	127.424942035356	127.401524623182	128.533272145933	126.864891421609
	4446.77160741106	127.966776754973	128.349048864693	128.032576780826	128.564230094706	128.192609359345	128.504206542389	127.73329202254	127.730553004049	128.821072374235	127.130448263592
	4509.11158806082	128.256584618412	128.574330107864	128.30657254083	128.768562923998	128.456319144188	128.743298160928	128.023152005663	128.042868157005	129.077756133912	127.371845984125
	4572.32552256532	128.512588105211	128.762393819054	128.547716972565	128.929237700161	128.684390459698	128.941317453542	128.284108017765	128.327633525818	129.294195662123	127.581670997552
	4636.42566301915	128.724901575778	128.907962437153	128.747408118791	129.042537370879	128.868134286222	129.091875785145	128.505792086345	128.573923354188	129.463119153072	127.753195861264
	4701.42443328092	128.885699262779	129.008596786732	128.899363849727	129.106765868566	129.001364063548	129.191190003346	128.679361800003	128.771778012336	129.580054964665	127.881676888382
	4767.33443138125	128.99021976103	129.065289969805	129.000238076968	129.123180334044	129.081408723851	129.239116281746	128.798688681561	128.913480648917	129.64395200303	127.966197749994
	4834.1684319645	129.037123074141	129.081466052464	129.049656892588	129.095581172185	129.108818798998	129.238833710562	128.860757668358	128.994274751246	129.657031034856	128.006627202883
	4901.93938876474	129.028634767967	129.062274340004	129.050315500137	129.029616390684	129.087226109995	129.196400568435	128.866166846016	129.013292461832	129.624557386761	128.003328426535
	4970.66043711645	128.970467674494	129.014143127649	129.00753870578	128.932392868336	129.022973659773	129.119609726063	128.819193639135	128.974039399428	129.553997032118	127.958667093016
	5040.34489650041	128.870812034835	128.94366314047	128.928340646849	128.811944898344	128.92411639476	129.016472535418	128.726892738327	128.883744651089	129.453854516468	127.874070771451
	5111.00627312526	128.739218266762	128.857068542377	128.820664233027	128.675363734666	128.799644632472	128.894212043782	128.598425895381	128.75250017413	129.332396478394	127.752203685478
	5182.65826254528	128.585230848996	128.759505237013	128.692134728289	128.523499943272	128.658215599215	128.758136744608	128.443755743668	128.591739491371	129.196214193044	127.597119312537
	5255.31475231484	128.416684376499	128.653647899376	128.548354489229	128.349336099995	128.506846396526	128.610751903147	128.272069856252	128.412515079148	129.048887448917	127.411515675874
	5328.98982468009	128.238489841759	128.538790146939	128.391814769411	128.13976452081	128.349762249885	128.450639103208	128.090797847513	128.224044611146	128.890007478363	127.196477643913
	5403.69775930837	128.051686506176	128.410262062332	128.221504631016	127.876589859953	128.187154055996	128.271940279256	127.90472656741	128.032260590995	128.714623939943	126.950958408153
	5479.45303605589	127.852475647378	128.25895683884	128.031723514944	127.542619424215	128.014481897485	128.063916681069	127.714625873517	127.838441752204	128.512847923577	126.671562820112
	5556.27033777423	127.632265403977	128.071474592452	127.811959527328	127.125164987972	127.822729433537	127.811426408644	127.516480749172	127.63868546732	128.270592051409	126.352934615544
	5634.16455315611	127.378578881499	127.831328237817	127.548800762521	126.615538055185	127.599576617906	127.498329147333	127.301921443529	127.424210189035	127.971506357504	125.988378649212
	5713.15077962116	127.075961065285	127.52042089233	127.227123499347	126.010379193073	127.330368210265	127.109872332101	127.058418654582	127.181440658748	127.600194081731	125.570724181737
	5793.24432624209	126.708421612126	127.122197267909	126.83238867164	125.313245409903	127.000361503161	126.635492250709	126.770940960605	126.894016011494	127.145571386479	125.096847123362
	5874.46071671184	126.262454737446	126.625072119989	126.353899841354	124.534757687142	126.59713076612	126.071358087874	126.424412320928	126.545490663851	126.600492036835	124.575805023778
	5956.81569235243	125.729670532911	126.024523446738	125.786151064586	123.691295465452	126.112089287998	125.420012591611	126.005631772417	126.120715913128	125.964040804172	124.019039402067
	6040.32521516592	125.109053600368	125.32429984879	125.129993008829	122.803013997817	125.541719367182	124.689721190217	125.505516149918	125.608378661817	125.242008727319	123.425070851806
	6125.00547092814	124.405873657798	124.536049119684	124.393215270547	121.890889290881	124.888741030055	123.89237446234	124.92103209005	125.003796315481	124.44427046387	122.792981711888
	6210.87287232581	123.631607998872	123.678310563149	123.589954197169	120.976732401172	124.161376597498	123.041492865778	124.255438295887	124.309814656466	123.58710888988	122.112173097402
	6297.94406213768	122.802159348573	122.773982818542	122.738826029393	120.085221718439	123.371530658048	122.153832246486	123.518252207705	123.537380827993	122.691628306574	121.372137455361
	6386.23591646018	121.933591810365	121.846953585163	121.858810280826	119.238645074523	122.534702995658	121.251572571584	122.724405669325	122.703860568508	121.7786118261	120.596927919777
	6475.76554797835	121.043760182251	120.919390228694	120.967916082664	118.448407559353	121.66818176953	120.362129920787	121.891394098393	121.829835149541	120.865819335345	119.820995740877
	6566.55030928262	120.149957810503	120.008651536855	120.080899690106	117.712143768451	120.788748288539	119.503131260405	121.036996380948	120.935025247862	119.96681544977	119.062120124224
	6658.60779623206	119.264988728102	119.124877078537	119.208495832227	117.012671454962	119.910305091963	118.677744242494	120.176943207483	120.036121776133	119.089071572003	118.325238031107
	6751.95585136484	118.398266532302	118.274293475548	118.362298359026	116.328559216479	119.044063289252	117.877168820133	119.322416033664	119.151139569838	118.237141088565	117.604756051775
	6846.61256735642	117.557849380098	117.461254800705	117.553694442757	115.650122933821	118.198694256358	117.080463822049	118.48070903184	118.297395198408	117.41644076548	116.886603244802
	6942.5962905263	116.75582951398	116.689316488345	116.790756259141	114.98002659904	117.381810196226	116.284667905567	117.658077712867	117.484673003336	116.639277009457	116.175189574853
	7039.92562439387	116.006365579943	115.960667176046	116.081106570381	114.32293906267	116.603357630363	115.502590386273	116.859200647959	116.71879986038	115.927379445222	115.484673018828
	7138.61943328414	115.31549324353	115.270359879936	115.419674370438	113.675572371698	115.871266915308	114.747912065152	116.082408763343	115.995447730043	115.288730184735	114.817799480869
	7238.69684598402	114.668466286784	114.599147348362	114.779123089248	113.021686584839	115.179621389986	114.034530791216	115.31567492953	115.292882082792	114.696006778233	114.161276691278
	7340.17725944984	114.022701173751	113.913684396945	114.122988308463	112.332070576094	114.497921977124	113.349082115716	114.535997313489	114.585299432347	114.095688722902	113.485975937535
	7443.08034256689	113.329930625656	113.177422126909	113.410012896632	111.574409878359	113.784770486267	112.654335998478	113.71850294755	113.843518519508	113.423866668705	112.759289470663
	7547.4260399616	112.560173635721	112.368545226092	112.616036616354	110.736330221119	113.009658518433	111.919568486973	112.858581120857	113.044907897675	112.643844430965	111.964846915518
	7653.23457586719	111.726854418104	111.502860251215	111.76328185639	109.84482217783	112.176721809188	111.122048547294	111.9848933912	112.202353514539	111.780600261312	111.122017635716
	7760.52645804359	110.894454868766	110.640831420241	110.920747203082	108.96796327672	111.345610495797	110.295498635774	111.156634536443	111.3728857586	110.909968741574	110.292501644769
	7869.32248175214	110.151972370988	109.873526244313	110.182594951007	108.196891318545	110.613501115287	109.536354149042	110.445335612378	110.638412901653	110.129503929257	109.56543651195
	7979.64373378622	109.574848420126	109.26933698419	109.622067994177	107.597874599774	110.061814439879	108.923494887717	109.890764931895	110.063677909884	109.51314196032	109.013722614366
	8091.51159655821	109.190363734538	108.835578321749	109.257013720821	107.174663289075	109.712133359972	108.481068602171	109.493288804459	109.667951851951	109.076992798339	108.655455879432
	8204.94775224386	108.981665026071	108.533757017929	109.0589342754	106.881729895661	109.534741684847	108.189918024869	109.233988790207	109.433067201858	108.786207784343	108.464360194439
	8319.97418698469	108.913590792512	108.305975097678	108.987465814294	106.658653736897	109.480690199991	108.013824166904	109.092052034499	109.326353403418	108.584312636599	108.399600811358
	8436.61319514934	108.960634151103	108.114344253937	109.018204170276	106.453392818133	109.509312386325	107.923954167062	109.057693767786	109.322338413629	108.425318591563	108.429139459656
	8554.88738365469	109.110918553439	107.945337044306	109.141949631187	106.228784331073	109.59823356913	107.905329617492	109.133104216903	109.408598955202	108.288263512415	108.536123720414
	8674.81967634746	109.360183045225	107.79136898771	109.357520000011	105.96613637992	109.732526680325	107.959804262389	109.337605373427	109.586073261178	108.182322779158	108.712110178469
	8796.43331844737	109.711138585667	107.653425123292	109.665781996274	105.665778173766	109.890733788195	108.111908233276	109.707842397392	109.865646291599	108.14002764569	108.953712158571
	8919.75188105244	110.167229388677	107.556685216496	110.064791409559	105.351317600981	110.043699300676	108.405784445118	110.28332715907	110.264079689748	108.197596210193	109.258270204396
	9044.79926570758	110.735919587799	107.564128317499	110.546397641949	105.093734243586	110.164282833694	108.882629503862	111.083063008946	110.814792759598	108.383462464593	109.627377994547
	9171.59970903719	111.431340376711	107.773476949455	111.099045041628	105.03757973399	110.24896477036	109.557292394019	112.096577594128	111.569921597711	108.717663147452	110.072738272146
	9300.17778744263	112.267280056287	108.280242053134	111.719618542576	105.379006017229	110.34259000685	110.417288796816	113.299615039389	112.581134310905	109.223608527519	110.6221732863
	9430.55842186565	113.23584495864	109.118984454114	112.419381354627	106.250204819696	110.549420442304	111.438367958171	114.670628348926	113.877601011985	109.929861979994	111.316112032954
	9562.76688261857	114.276317561269	110.237574478099	113.210144935319	107.582321626336	110.999126004089	112.58926645748	116.181830499917	115.431642579417	110.83632689903	112.166476679515
	9696.8287942821	115.273062386708	111.513347454669	114.07043559514	109.137146792705	111.749268622557	113.805353483669	117.761455263703	117.124045292822	111.869223227459	113.105711270342
	9832.77014067196	116.069459665737	112.746245041878	114.891584487565	110.61642077001	112.673646635448	114.928146548454	119.239713019161	118.702177974129	112.861615738354	113.965698559847
	9970.61726987497	116.510617164547	113.68516622688	115.474146038695	111.731007164518	113.480405972012	115.718389416205	120.363245260266	119.8365980201	113.60487484256	114.537953884212
	10110.3968993559	116.503883307853	114.154701758871	115.645144877698	112.306714104642	113.907135337804	116.011728811562	120.94537234033	120.341139498125	113.956145569606	114.688783862289
	10252.1361211358	116.016629347697	114.113841645146	115.338546190067	112.317251893378	113.850439997869	115.777360422462	120.942931290512	120.207614693648	113.873156014564	114.370387583121
	10395.8624070429	115.042542762953	113.569299307167	114.531867149265	111.776971323357	113.28804317979	115.011979610664	120.348950839728	119.418362568682	113.366370793401	113.570647047435
	10541.6036140373	113.633171160289	112.574352286406	113.253478187571	110.734582729352	112.245390192563	113.772131508605	119.168643855567	117.970259654155	112.505565959443	112.353864677239
	10689.3879896102	111.933680607908	111.318714143731	111.680439320725	109.379496156884	110.889868948318	112.29365028357	117.531427359744	116.04368457444	111.451486263455	110.889506874834
	10839.2441772587	110.138715175152	110.065480323997	110.082694016407	107.999688563598	109.500185445142	110.884415613948	115.676204728397	113.926397346608	110.39277754086	109.396701893943
	10991.2012220375	108.440024745211	109.00368287612	108.674145860869	106.822145562699	108.30984638947	109.746104981285	113.816387095512	111.846893332001	109.459085659647	108.078016871163
	11145.2885761884	107.002462797924	108.208098492469	107.566747245035	105.941988756208	107.440526586817	108.961201797662	112.080529353625	109.94599837522	108.704026203538	107.044872248224
	11301.5361048489	105.941280199959	107.681767613132	106.805339173526	105.36295496565	106.930974632462	108.547685457805	110.537554309719	108.300590824615	108.133323672443	106.325260275594
	11459.9740918404	105.291436740362	107.395494242367	106.382616109462	105.058910866942	106.775810001677	108.47639938303	109.229951740624	106.947393974954	107.726113535911	105.899348418553
	11620.6332455377	105.001655272183	107.296429425455	106.225062330881	104.994455888722	106.923662625728	108.671330491017	108.185571621999	105.906630691676	107.441418702698	105.716268921468
	11783.5447048215	104.97695320966	107.322087329874	106.219745788813	105.128198956698	107.28480963478	109.036236233995	107.421160615676	105.194072552548	107.248549829898	105.732666923865
	11948.7400451128	105.126272148718	107.430711556692	106.263479003656	105.423901826407	107.768414472571	109.484195205734	106.933488020298	104.810315152756	107.159054272249	105.915055428533
	12116.2512844938	105.389463997792	107.605421777763	106.33190501787	105.849947717147	108.293406753354	109.946145341037	106.701908425733	104.723423413978	107.209966760884	106.218424958507
	12286.1108899127	105.744023811295	107.84033808811	106.50820305659	106.387284530532	108.800697094166	110.373319753584	106.698974466702	104.89139092922	107.429796309592	106.601447140734
	12458.3517834773	106.191673605462	108.137925806778	106.877041202738	107.029940789073	109.262973514949	110.737792205911	106.893721584745	105.291348782916	107.806160953798	107.046232124553
	12633.0073488352	106.708775834217	108.491471210765	107.420560591316	107.759869557791	109.675423146584	111.022207765444	107.252672817207	105.918533396123	108.284915340001	107.557365255739
	12810.1114376448	107.243478575278	108.864168081401	108.037055660215	108.525357579369	110.037350452376	111.20645195135	107.746177815957	106.730593434657	108.780533039747	108.12666370036
	12989.6983761359	107.753550149775	109.192868666242	108.585047428775	109.239677897655	110.332672225961	111.264340953775	108.330775829322	107.618299031148	109.197357797614	108.68624990727
	13171.8029717632	108.145425849897	109.394008869871	108.943521204501	109.777424988896	110.519750367872	111.159756035024	108.901313287067	108.417987875958	109.461598516493	109.093715721446
	13356.4605199525	108.302081930327	109.374178097358	109.035637510825	110.009583694775	110.523642394571	110.841866871439	109.288658728386	108.946981781951	109.492499146294	109.196870888533
	13543.7068109415	108.15168172715	109.055884677849	108.813071356818	109.857661731868	110.262179508643	110.262777536099	109.348248803572	109.072588742969	109.213128356281	108.898804843021
	13733.5781367171	107.645156791683	108.395963019732	108.251077049347	109.292790182615	109.688379149712	109.396257409513	109.006876943327	108.748499356631	108.598796257291	108.157066907855
	13926.1112980488	106.762514701417	107.38319922913	107.342745192957	108.321268511287	108.781464040778	108.230554768573	108.231123415076	107.962588434154	107.648763499751	106.976270317252
	14121.3436116221	105.557104376517	106.049101494337	106.120882373513	107.013585389005	107.558070577581	106.795635880271	107.05018914989	106.74976357763	106.393119236963	105.43991113572
	14319.3129172707	104.141986170375	104.4847758059	104.667882637199	105.513063017257	106.09853773235	105.172868908245	105.597793002747	105.249779901067	104.940090030401	103.716222392159
	14520.0575853109	102.648965214275	102.810117815187	103.082917071076	103.973450952621	104.509311702403	103.465601610516	104.047104267033	103.645566999843	103.415680502242	101.976981158241
	14723.6165239785	101.19139173644	101.121668393078	101.451492387245	102.499532768479	102.880124402888	101.791462121527	102.533318440213	102.085882233172	101.895180339081	100.327280930952
	14930.0291869697	99.8209119271508	99.4702206339293	99.8339252798153	101.127747281794	101.267126534651	100.21119272731	101.131386070706	100.656541540582	100.401049633963	98.8058889266673
	15139.3355810883	98.5565195048053	97.8849138263355	98.2643448326279	99.8601449235118	99.6941976498308	98.7363655151513	99.8471466230973	99.3733925910562	98.9460979677542	97.4159209368828
	15351.5762739997	97.3873453812246	96.3603377002271	96.7596940992829	98.6816285108495	98.1822320717171	97.3671212237355	98.6702527470437	98.227565213686	97.5315045754091	96.1403812715192
	15566.7924020935	96.2983136425503	94.8840504872889	95.3371993828475	97.5587767679794	96.7477809622966	96.0897500299795	97.5940253373692	97.209108589067	96.140040795785	94.9503515106469
	15785.025678457	95.2798089434134	93.4704569012068	94.0021947618661	96.490414982534	95.3653951653186	94.904710264007	96.6016384392334	96.2703015637017	94.7872657324495	93.8209706829525
	16006.3184009595	94.3115263116711	92.100874622688	92.770046106254	95.4790863289579	94.0179066931872	93.8122035275926	95.6745175354946	95.3909025300002	93.4765462472732	92.7340426639649
	16230.7134604509	93.4133789189471	90.812925412493	91.6882589558922	94.5583546705215	92.7281209633238	92.832765394336	94.8211323954767	94.5848435184411	92.2338548110462	91.6974499692598
	16458.2543490745	92.6367913000599	89.7281435313662	90.850282351295	93.8208382855345	91.5868592907304	92.0426133771973	94.0991795788722	93.9078143828533	91.1294837501308	90.7536514073053
	16688.9851686966	92.041901686984	89.0295708408131	90.3586983944331	93.378053052494	90.7403892679034	91.5350101501291	93.5836095312894	93.4288586842675	90.2714098085139	89.9820975389826
	16922.9506394545	91.6054680128983	88.7619112529697	90.1889339454604	93.2210489062736	90.2403177920164	91.2941995014608	93.2566260551079	93.1086363531337	89.7006232236131	89.4094306835159
	17160.196108424	91.2031736215022	88.7306231674932	90.1601279167317	93.1832520641911	89.944140375663	91.1561869286177	92.9768410656701	92.7714900577434	89.3018984925577	88.9580596879482
	17400.7675584086	90.6946441675706	88.6992513113812	90.0790678958259	93.0821434612637	89.6488402076156	90.9251525675702	92.5709045571476	92.230910642242	88.9059318478774	88.5073005670573
	17644.7116168519	89.9678516946639	88.508753627941	89.8378785209372	92.8063986879777	89.2173689317131	90.4762852987277	91.9233199459525	91.357305586364	88.3950539558009	87.9533860873458
	17892.0755648748	88.9881881832907	88.0938053224378	89.4220452293505	92.3193733815849	88.6170186121588	89.7749253683441	91.0082663986901	90.0994609604764	87.739147282177	87.2639977047732
	18142.9073464396	87.8500671835733	87.5003292325726	88.8951286916906	91.636784730649	87.9214331592001	88.8816864219689	89.9051748331614	88.5511771481951	87.0205443803205	86.4976909339521
	18397.2555776423	86.7047508223351	86.8014287326899	88.3261648615871	90.7593309928862	87.2205584403747	87.910806922563	88.7503513996481	86.9429482408959	86.3423930843714	85.7264993435059
	18655.1695561357	85.5997174121947	85.9870166098365	87.6841928076225	89.5981099951302	86.4913102424744	86.9099516620954	87.58812842187	85.422551763215	85.6722973900817	84.9182999653637
	18916.699270684	84.4867375651724	85.0189657975971	86.8800533095201	88.0326976252101	85.6441423294784	85.8540206789107	86.3622771940265	83.9702197166777	84.8996499109828	83.985980070649
	19181.8954108515	83.3220095487015	83.9039640282979	85.8587378148063	85.991331652639	84.6397040375194	84.7120175423692	85.0248361570066	82.5289299607038	83.9560338044715	82.8975142284735
	19450.8093768275	82.1830985060191	82.789570921866	84.7153612999058	83.604254722692	83.5885350403135	83.5688721439533	83.6844106577112	81.1785877491568	82.9284997819917	81.7797380555708
	19723.4932893884	81.2765261578701	81.9114897432056	83.7247432495953	81.3352135858261	82.7236925576061	82.6579108529732	82.5963478574861	80.1308631676036	82.0554760217992	80.8709858850114
	20000	80.4525345020569	81.1615489216602	82.7461273227315	79.1999847053877	81.9417380169266	81.8124721650341	81.6372484778358	79.2164600807652	81.2097667412621	80.0661381268977
THD		#1	#2 NG	#3	#4 NG	#5	#6	#7	#8	#9	#10
	16	3.09619892632291	2.61007912547795	2.7678687203308	3.00015487276904	2.66012353559234	2.48812559341002	2.69492232312636	3.51927561407963	2.42182027480046	2.63450129701355
	32	4.20696760261142	3.51782679109453	3.72066667638659	3.88504805011028	3.59400464690752	3.34926733327807	3.6470778076801	4.76207254513102	3.38063660915682	3.55223582530374
	48	4.63077229747435	3.86478452775948	4.11302457402999	4.18809098523482	3.97422279961252	3.69976409674933	4.02303519700338	5.22247080224856	3.79480314242837	3.92254449609376
	64	4.35649283705892	3.60752566541007	3.92329875677348	3.91269595975341	3.78872798293444	3.50930456187964	3.78819254586052	4.91534182010168	3.62046439878287	3.73006258637155
	80	3.60213955944384	2.98390331422529	3.31164181757934	3.25112848656144	3.21287624367657	2.95232199432535	3.14443788670444	4.0895516858021	3.05146205637228	3.15642802383938
	96	2.84987769470359	2.39716857763012	2.66832606452341	2.60774951315288	2.61805577226413	2.39070456409096	2.50815938033314	3.25753682992021	2.47317468325241	2.57344588031714
	112	2.27375517978059	1.96205070676069	2.15848963845517	2.11179116243587	2.1433672167673	1.953444500958	2.02211268345487	2.61085133036158	2.02621849798698	2.1158847279525
	128	1.84854207607561	1.63383508250591	1.77899270069021	1.74006642874033	1.7867209497705	1.62512181520802	1.66060184911532	2.13439225317875	1.68968487999408	1.77138068537361
	144	1.52963476536214	1.38308745451553	1.49413183762412	1.46307180119839	1.52218519522876	1.37842622969333	1.39179962647508	1.77842802605524	1.43227430112322	1.50782235550808
	160	1.28021384356325	1.18748529607314	1.26972874401094	1.24667222756372	1.31247747798666	1.18547045208407	1.18467039787041	1.49696389097789	1.22874547074852	1.29132626414074
	176	1.08531673848337	1.02953194382736	1.09080404833014	1.06843346163664	1.13575461980769	1.02914912196988	1.02029683880274	1.26895057076148	1.06249349410343	1.10331224823611
	192	0.941543855693445	0.904684654202136	0.954361368656847	0.928228166212868	0.993435913500652	0.906797845919023	0.894399241020144	1.09280542144573	0.932104423090042	0.951178698126323
	208	0.834630986234894	0.808144982854047	0.849294083095495	0.823892910824	0.884868450261533	0.812688141694564	0.799021335039368	0.957620438784059	0.833108185046133	0.838227488999242
	224	0.745524303504145	0.727803015064167	0.763337908356271	0.740600936539889	0.798381936920117	0.733556934164049	0.720092525742396	0.846290801247461	0.754082602179502	0.752030745946646
	240	0.668010391625371	0.655237309498073	0.695821261499602	0.665535849919034	0.72701124393439	0.660174695232617	0.651792788317006	0.755127130910023	0.688204915583889	0.685548896980863
	256	0.59965297883877	0.591941414236571	0.64186833614204	0.593826189949994	0.665766212552065	0.592517368114774	0.591879402354263	0.682565807805898	0.631310261639836	0.638770649879713
	272	0.539875189200448	0.544000663286309	0.593872318897525	0.529682045220302	0.611353497384933	0.537952957516219	0.539482049509882	0.62062078048202	0.579975831445977	0.605769507630248
	288	0.502743857544662	0.523659858941171	0.557319432656413	0.489889229085166	0.569800188264695	0.513396759760583	0.503479000380654	0.569792239420375	0.538878942834106	0.580586512381516
	304	0.506336007466383	0.536365174142419	0.547806624991606	0.496484857798942	0.552166419389364	0.527166338774901	0.501356441273867	0.542709174060453	0.523489212128932	0.565885988802544
	320	0.535857989384952	0.565092641777107	0.568551067058622	0.538186058685552	0.559895984606919	0.559942783906482	0.526862787398296	0.540856109773182	0.536999561852661	0.563673580794163
	336	0.567497632980376	0.592142348415959	0.606513232233352	0.584146758393322	0.579622830789614	0.589031013303351	0.558701239508551	0.553821513398032	0.565757526111405	0.571524406679333
	352	0.593840537871058	0.615307919825628	0.64741263547968	0.619638139368268	0.601986743557359	0.61082369814713	0.586572640307752	0.573369841570227	0.597214736950863	0.588146050973974
	368	0.617206881897831	0.639916240639138	0.683363385111105	0.647881935046346	0.625648135034714	0.632408650115587	0.611078953380299	0.59407949603822	0.627298713917396	0.611796572349906
	384	0.644197235348645	0.670821976539907	0.717850164807909	0.677650869064251	0.652973169692387	0.659824107166137	0.637934711213521	0.615945477870111	0.658743647891877	0.641029383482195
	400	0.680047796132719	0.71027548694966	0.758655133434141	0.715356657479763	0.687639750011506	0.695784446691893	0.672178981055168	0.643666407085902	0.696147414614739	0.676913901705057
	416	0.723357919972702	0.756350295240519	0.807129736972951	0.760538442021738	0.729818109133506	0.738660793281114	0.71281792228842	0.678178940258426	0.739584653081662	0.719130859320866
	432	0.770887829076603	0.806860567513837	0.859985602669413	0.810140538554191	0.776789518687887	0.786054505788438	0.756590456802699	0.716780016896303	0.786639999448437	0.765427338361595
	448	0.823116784426793	0.863364467135686	0.917857361140593	0.864613897899572	0.829112789688323	0.838703871281686	0.80398320499765	0.760115674764286	0.838029417910915	0.816421564846211
	464	0.88236141776107	0.927692107842963	0.982791183548757	0.926586098603686	0.88891694917634	0.898147432218518	0.85767830048862	0.810661331575389	0.895907097431018	0.874220198744621
	480	0.948404397245194	0.999707167473671	1.05641876139871	0.996185052631846	0.955588015191716	0.964899191333695	0.91880937106104	0.86782424547209	0.96050424283198	0.940543315831897
	496	1.02291471114979	1.07982019429289	1.13968186585187	1.07481923660556	1.03070412157653	1.03983168891435	0.98967836126028	0.932845730962737	1.03195724651177	1.01797622898641
	512	1.10806841857857	1.17016980048207	1.23520600530089	1.16458952761236	1.11476607100222	1.12456938280197	1.07198569259983	1.01008257551754	1.11188853633457	1.11094850266606
	528	1.20484197230569	1.27290165324503	1.34155405088711	1.26646928594051	1.20797259738664	1.21924722753948	1.1638969515489	1.10244977726906	1.20166937363977	1.22078226546861
	544	1.31393336910864	1.3903036114959	1.45799416596078	1.38242744289878	1.31330813587849	1.32509243711892	1.26238559660423	1.21142295995084	1.30408196606016	1.34603678256901
	560	1.43862877835734	1.52091142941349	1.58508940993253	1.51192857167687	1.42813514942317	1.44226711277995	1.36930231115005	1.33483168121625	1.42038269929466	1.48219700232592
	576	1.57614659602986	1.66655193487384	1.7245337837671	1.65514249822484	1.5532033827928	1.57231650741563	1.4862180998563	1.46746574320358	1.55213546023175	1.62400878549407
	592	1.72711189265933	1.82697402290432	1.88082512685673	1.81484114563151	1.69465676428634	1.71688580542589	1.61780214293936	1.60335967958174	1.69955051529492	1.76700290219719
	608	1.88905687013661	2.00153695766076	2.05849775561266	1.99475542997713	1.85815659872985	1.8791209599572	1.76501274578864	1.742052254419	1.86038881222727	1.91294143102637
	624	2.06204798739833	2.19262032788026	2.25239608600124	2.19788030166585	2.03599890264341	2.05891846435617	1.92638732650761	1.883685217949	2.03509466519375	2.06211204078217
	640	2.24865788347818	2.40278959945219	2.46571739360813	2.42427862631724	2.22983524766142	2.25534127254053	2.10425415628108	2.03373442023862	2.22892219570646	2.22367823308466
	656	2.45175568822439	2.63178991549304	2.70313157663522	2.67365448277255	2.44341458496715	2.47187299099484	2.30159462915376	2.19990869304792	2.4420950100644	2.40767347260965
	672	2.67519683067209	2.8727519490636	2.96492158229255	2.94908781978253	2.67861213583362	2.71166763509978	2.52042086062068	2.39067988638771	2.67675837904223	2.62047276731999
	688	2.92154376718796	3.12381550597474	3.25257497777088	3.25180779898621	2.93835079897709	2.97594983359102	2.76262655014092	2.61044780103944	2.93440139300038	2.86063023393721
	704	3.19266064351743	3.39207219639925	3.56773509317501	3.58137224863932	3.22488931641951	3.26386480029156	3.03000637850284	2.86094484093973	3.21805921423466	3.12559841937789
	720	3.49036378207043	3.68885720259712	3.91191765979027	3.93655712731062	3.53803769200645	3.57523498072025	3.32326380525304	3.14189857344253	3.52966984362556	3.41292917459546
	736	3.81556250693162	4.01952625291179	4.28027727429218	4.31459765517679	3.87686506644709	3.91014519911652	3.64324133449019	3.4531246836595	3.86912918220911	3.7206720874913
	752	4.16605581030425	4.37743119994153	4.67261505911716	4.71289243005227	4.24309198937869	4.26807190154785	3.98650961822482	3.79492028239424	4.23397415540364	4.04582625293013
	768	4.53809218663593	4.75392753698898	5.08530516383088	5.12811017096424	4.63289896454213	4.64782984387771	4.35178698424032	4.16434223873235	4.61873711744167	4.38152388662618
	784	4.92504786277056	5.14285652716071	5.51201384982371	5.55839278037097	5.04456287815479	5.04386454340922	4.73404382981936	4.55728138685184	5.02229220519716	4.72516065138874
	800	5.32102875774972	5.54100775488979	5.9452575452454	5.99965980746584	5.4687483226515	5.44811593404025	5.13015778230016	4.9625621489253	5.43713608495774	5.07615371912047
	816	5.71624737955649	5.94023729941688	6.37816015414978	6.44375953541981	5.89715555132214	5.85258657416169	5.53598615822288	5.37130201085235	5.85765360626092	5.43111766705965
	832	6.10352454817193	6.32794999604118	6.80802710070835	6.87944634130367	6.31628439495147	6.24917975208193	5.9460149197667	5.78100051976511	6.27297286865354	5.78340582276586
	848	6.47533704597201	6.69172741106906	7.22688343306766	7.29996817602794	6.72035640111997	6.62861823649076	6.35047318114657	6.19272521870277	6.66839190911982	6.11557302215966
	864	6.82761356236546	7.02029937565232	7.62302743966465	7.70404078906763	7.0962387156066	6.98011646860876	6.7406224038308	6.60143248788084	7.02777198186932	6.41300256880178
	880	7.1543906304176	7.30947882483579	7.97865299370811	8.08331187732914	7.4357484627071	7.29062427929601	7.10236909763392	6.99849548777089	7.34278319147866	6.67625682503661
	896	7.44434527779209	7.554707658363	8.28621850970165	8.42622298174668	7.73773180109053	7.5528874142076	7.42199763733169	7.3752912302104	7.61394663147652	6.91283703605626
	912	7.68986977058667	7.75338410481685	8.55436135138605	8.71817634041104	7.98855375953582	7.76900434809233	7.69009634025103	7.71613087477817	7.8530264191114	7.12534360500641
	928	7.86197231134119	7.87886218589589	8.75412133467936	8.91823625723317	8.16669995010037	7.92186717080538	7.87484718614405	7.97485114571533	8.04417995896533	7.27621121560983
	944	8.05173521333166	7.99676686492097	8.95824776479834	9.11736610117869	8.33428882835618	8.08748879925188	8.05687756703662	8.2280108860731	8.26652237196546	7.42310751193228
	960	8.2221527938278	8.0922956374045	9.12922169864033	9.29787818447798	8.47272762001275	8.24323338817867	8.22199916657159	8.43080601336142	8.45799940797953	7.53631631548847
	976	8.35768473521958	8.1698397315835	9.26621320313412	9.46500015663914	8.59109877482984	8.39453304644755	8.38541756605342	8.5932344779063	8.59922077118776	7.61956042294417
	992	8.46005059336358	8.2308499789362	9.37474054268962	9.59451526693042	8.69955520248662	8.52314705176591	8.52499850929421	8.72061900509504	8.70792521560055	7.68061992932656
	1008	8.53785990804393	8.28646696680728	9.45711188746798	9.67905877071659	8.76856087988351	8.61117911586805	8.62581908708545	8.8273077745246	8.79476926123728	7.73710413055947
	1024	8.59686896356423	8.32562441148977	9.51531080524468	9.75165934142158	8.81670192925238	8.66888861859585	8.6970783770112	8.90808104181132	8.86528024217077	7.7894332684775
	1040	8.63737625473563	8.35594618100692	9.54091021947136	9.81161800405683	8.8448225104787	8.71391996735396	8.74059388770364	8.96813520282103	8.91702812991916	7.83342206723306
	1056	8.66606939814771	8.37936864813992	9.55581245129371	9.86432623782129	8.85999381050884	8.75179629666324	8.76544880286363	9.01199387763969	8.95745139051502	7.86971165452146
	1072	8.68613365767912	8.40099827013908	9.56316877719984	9.9071181953184	8.86653492382126	8.78452065579339	8.77499299153484	9.04272750552435	8.98942429267154	7.89733362384051
	1088	8.70385250502818	8.41707369810994	9.5632765593702	9.93840426800904	8.86725779598571	8.81058233965366	8.77530188821199	9.06368280024872	9.0194440719295	7.9201791561484
	1104	8.71939668582292	8.43472757005638	9.56286190054433	9.96439906033329	8.8628819735687	8.83028044814046	8.76974872176395	9.08055086525588	9.04906497982217	7.94092374579311
	1120	8.73773392640519	8.45473131189055	9.56139223961084	9.98957680905204	8.85648462216459	8.84825224113747	8.76285464708478	9.0978908534499	9.08042629461244	7.95867439652714
	1136	8.75575731981654	8.4787003087127	9.5635744555534	10.0170378081731	8.85114799904671	8.8667408198486	8.76231866420455	9.10937417330149	9.11279060664742	7.96895449266434
	1152	8.77294142914629	8.50446430387908	9.57533549872287	10.0472026333753	8.85204307294813	8.89142409718242	8.76954224046783	9.11096835591926	9.14655365555493	7.96980971453026
	1168	8.78739864517598	8.5287004364046	9.59107598380549	10.0807094443396	8.86471545541944	8.92772807252079	8.78244373867973	9.10432013220142	9.18311451507986	7.96421000593979
	1184	8.79726267007158	8.55575868585216	9.61028686881252	10.1149728776538	8.88529628927228	8.97190056309562	8.7989512168528	9.0944907758155	9.21944911394091	7.96601443385996
	1200	8.80380146172518	8.59078393889189	9.63149596652231	10.1516707832612	8.91046450907614	9.02321750258808	8.81271735455569	9.09712688007111	9.25856526208036	7.97932485423894
	1216	8.80989248657886	8.63454898835715	9.6523434014689	10.1951157027509	8.94273789193391	9.08126875590738	8.82415397980526	9.11666361764597	9.30306289494533	8.00604558888719
	1232	8.8268808153584	8.68910470069325	9.67982558434815	10.2527614491798	8.97992529029042	9.14711565967655	8.83975599814172	9.15193451092976	9.36134419597756	8.04306861521038
	1248	8.86351355102799	8.75506643969823	9.72327739760719	10.3286371415557	9.02840701992273	9.22283353752599	8.87008873837648	9.20197235629946	9.43423788994496	8.08485467487504
	1264	8.92512070929846	8.83316484338709	9.7949199376784	10.4252947329894	9.09539026755683	9.31436704063515	8.92247371162628	9.26066959709302	9.52688755506377	8.13364885298794
	1280	9.01133018320496	8.91852582635853	9.88956427710785	10.5311537151227	9.17995967712721	9.42022490780368	8.9946936130581	9.32585617184138	9.63651061997478	8.19062197999604
	1296	9.11210013431715	9.01106078261973	9.99331302280184	10.6465213966264	9.27262783694885	9.53369167316951	9.08018140175831	9.40226349709092	9.76252383825237	8.25601688254441
	1303.88006644138	9.2274703507076	9.10829571873098	10.1086755884912	10.7690207763885	9.37910556935227	9.65680713045938	9.18020815726768	9.49214519092435	9.90154515636528	8.33055476176271
	1320.38969681638	9.35288720329707	9.21613741874896	10.2414337691142	10.8979756330914	9.49845835674021	9.79084366477691	9.29460941784666	9.59943038149066	10.0489269972408	8.41332122844862
	1337.10837087732	9.49106196785893	9.33889056765619	10.3879349755517	11.0335342294011	9.62478923484435	9.93451617884952	9.42091642700872	9.72653830749409	10.2067270131645	8.50359073197071
	1354.03873551948	9.63786691390984	9.47524504706012	10.5447493962065	11.1707716539189	9.76108091367119	10.0855161765759	9.55907262529456	9.87596363069168	10.3692712142305	8.60029393059036
	1371.18347115292	9.79240511009283	9.61613160583371	10.7057971694561	11.3090307256372	9.90498564813573	10.2421821135084	9.70462586072875	10.0412208343091	10.5406762678538	8.70138221436811
	1388.54529212686	9.95027451718173	9.75485603698497	10.8675149639633	11.4429387153355	10.0521891130619	10.4016464183094	9.85138474387798	10.2099780251313	10.7151273443486	8.80297072580697
	1406.12694715938	10.1068846845589	9.8890387934042	11.0275715324397	11.5642050864949	10.197628063271	10.5584237490518	9.99842332464483	10.3716249959588	10.8869116599743	8.89811609527481
	1424	10.2557439748704	10.0081111147383	11.1848158181592	11.6650789732704	10.3381421954199	10.7053780488829	10.1408036960352	10.5197653070913	11.0486856065042	8.97472060251255
	1440	10.3904961304277	10.1044401345001	11.3325946089285	11.7372044006973	10.4688514361184	10.8365297852668	10.273561549219	10.6500307249033	11.1934362835242	9.02801800280968
	1441.96092873355	10.5103917710511	10.1786330528926	11.4644576837166	11.7780287819238	10.5822928179334	10.9424858552922	10.3921784591118	10.769737746833	11.3123098161054	9.05601195207676
	1460.2189285	10.6167947066464	10.2273583057121	11.5726569406004	11.7866645651411	10.669654063311	11.0183496116668	10.4922830234099	10.8840787003937	11.3998192144703	9.06394102932288
	1478.70810967286	10.7087118634812	10.2521810181302	11.6507758138958	11.7629752895706	10.7272499019374	11.0572992159079	10.5734791407873	10.9945978903708	11.4603315907743	9.05331487128309
	1497.43139945352	10.7848749315883	10.2508579415963	11.6987711291665	11.7073592308016	10.7540259462812	11.0580783575939	10.6271908471145	11.0857367116055	11.4983103598997	9.02583466531348
	1516.39176210739	10.8312507768403	10.2168458239243	11.7078913466021	11.6144529114113	10.7558288835961	11.0224053449189	10.6511777391838	11.1452787279134	11.5085005655247	8.97565909504228
	1536	10.8411060565698	10.1433375269154	11.679444786	11.4766776974776	10.7316207441627	10.9471592829358	10.6396842373168	11.1622426156543	11.4810030779194	8.8958530370238
	1552	10.8019969840637	10.0249406580784	11.60888682321	11.2926626310707	10.6693326646339	10.8353730801547	10.5934035729263	11.1290185696071	11.4065554111467	8.78427029485912
	1555.03575123821	10.7135701649822	9.86470133272666	11.5019144828617	11.0635575934678	10.5626348492298	10.68968433867	10.5137310868799	11.0440157705437	11.2816395443536	8.64486133770742
	1574.72549581949	10.5757616912189	9.66928599035673	11.3627241218585	10.7935867605197	10.4177540349188	10.5102224076127	10.4046403691638	10.9121619642968	11.1069350022433	8.48622458762788
	1594.66455045127	10.3919299585598	9.44869420331954	11.1928766743574	10.4957107821539	10.2420032314881	10.2973596074331	10.2664250957188	10.7339687143892	10.8904626288728	8.31586442671479
	1616	10.1654876661472	9.21174875294411	10.9939486723969	10.1800804223039	10.0309087231397	10.0559916854534	10.0967995055294	10.5207463603509	10.630494632002	8.13936572102039
	1632	9.90488539077183	8.96667371338069	10.7646839102387	9.85438288262474	9.78361569834237	9.78826397703549	9.89486084004486	10.289665179824	10.3381479774549	7.96093100396319
	1635.3032568165	9.62954186957335	8.723954045657	10.5155383217211	9.52660812549238	9.5182247668014	9.50647540569564	9.67078721835058	10.0554609662493	10.0320669253181	7.78534582675936
	1656.00934245729	9.35201952935561	8.48764433429085	10.2559174098103	9.2059334739674	9.24372122123838	9.22107156625631	9.43085737330257	9.8239599063114	9.73381859590287	7.61014535578421
	1676.97760698191	9.07646438523916	8.25750526487064	9.9907791220417	8.89260417321901	8.96385323234285	8.93686104722105	9.17667699369214	9.59150741345611	9.4441806250569	7.43133553298231
	1696	8.8023157590756	8.03154061928926	9.72163359990069	8.58578950878003	8.68862515553396	8.65543406784012	8.91443573676231	9.35601178292739	9.16153624239878	7.24760505209423
	1712	8.53214782980106	7.80876864087428	9.44945232107092	8.28254651275473	8.41487644097429	8.3782284206162	8.64499023047763	9.11444502816387	8.88351475967269	7.05952095338366
	1719.71399347267	8.2677008706486	7.58883248057514	9.173688107466	7.98348125280698	8.14456659918774	8.10556092901952	8.37541351669943	8.87151571930383	8.61099451982084	6.86963970102602
	1744	8.00938314904612	7.37191155206854	8.89597181537296	7.6856286846901	7.88073370162473	7.8395805172934	8.10713038810997	8.6300027670259	8.34192403319339	6.6759675356518
	1760	7.75899580529155	7.15883610728867	8.62145588528907	7.38613548631735	7.62182936186418	7.5786695286719	7.84105014793981	8.39029960625007	8.07477541948907	6.47683643410846
	1763.53948140563	7.51519102255625	6.94902589550566	8.35001844997907	7.08353498765156	7.36834009570931	7.32118098792183	7.58232831577175	8.1535590493698	7.8090950171907	6.26887964597092
	1785.86928438297	7.27946455699306	6.74185752591599	8.08244459100669	6.77521569589623	7.11917910893573	7.06528173401786	7.33141282794173	7.92239804954033	7.54581064577558	6.05339988019385
	1808	7.04811767856432	6.53530173407994	7.81773197481547	6.4595483942368	6.87857945048042	6.80912175187368	7.0890439634903	7.69715186898288	7.2809215242124	5.83207421766609
	1824	6.81775973647062	6.32784329255574	7.55540483769503	6.1362358071535	6.64105307604922	6.55105884598177	6.85562216429549	7.47865562331696	7.01591896318397	5.60595262137865
	1831.38068515637	6.58718891943749	6.11711895848851	7.29276945483373	5.80584481972127	6.40740424011373	6.29038833533497	6.62891342287302	7.26353881606105	6.74631579944901	5.37405036765329
	1856	6.35394559565302	5.90105163480005	7.02599586437323	5.47059781028843	6.17600147458708	6.02551700903451	6.40802848216251	7.04599589141327	6.47191784442495	5.13495107534485
	1872	6.11604484553943	5.67786177001213	6.75366562440044	5.13411941504404	5.94185145891148	5.75363571665095	6.18934248128509	6.8226630086396	6.19146946614467	4.88995070442749
	1878.05190631443	5.87239950647263	5.44550050013805	6.47344341207729	4.79973395278219	5.7081878161378	5.47511280092478	5.96947401639056	6.58900739119307	5.90304381150048	4.63990774826882
	1904	5.620074564448	5.2029211390447	6.18535544849929	4.47079191747455	5.46894975152357	5.19107946034739	5.74637209784211	6.34687718874141	5.60635092818086	4.38832948271066
	1920	5.36089380402467	4.95092418324446	5.89133708652551	4.15119845512923	5.22972326322513	4.90293206865701	5.52116450848529	6.09768984838271	5.30535230946237	4.13836679946939
	1925.91250491981	5.09529686191889	4.69228750691627	5.59201628994504	3.84475958991944	4.98571107879678	4.61372256254944	5.29191202239249	5.84322621247175	5.00334102287712	3.89400559705705
	1952	4.82614140435652	4.42854877620195	5.28931750437748	3.55517065233808	4.74121923045791	4.32523008622631	5.05852447398428	5.58258132758916	4.70370426389906	3.65573658762141
	1968	4.55548041967702	4.16258409362165	4.98508168315406	3.28617010091681	4.49189995694672	4.03988060901552	4.8199889419984	5.31677855907952	4.40804444591148	3.42595246327765
	1974.99279127245	4.28699346833168	3.89814991406321	4.68106010601665	3.04087201936796	4.24256067903467	3.76213673028097	4.57766532195366	5.04657710260639	4.11769080732541	3.20749606268448
	2000	4.02276733499015	3.63991515818112	4.38339571723446	2.81945795787272	3.99568143449666	3.49537251225105	4.33531868733763	4.77274180322845	3.83439919498662	3.00352940278405
	2016	3.76477532835357	3.39364542891619	4.08962334734507	2.61977836309364	3.75017494216044	3.24111691834177	4.09310109178825	4.49747200745949	3.56165344663282	2.81418343516784
	2025.32384810522	3.51454874501811	3.16325739635576	3.80870100645327	2.44289885084146	3.51461436670533	3.00140412172393	3.85474599898455	4.22220613351035	3.30271157499076	2.63745658487578
	2048	3.2742354388007	2.95118227133355	3.54112459961877	2.28728705308478	3.28800357967277	2.7768319976462	3.62006736224615	3.95023373360266	3.05986631524863	2.47133160391429
	2064	3.0457835724863	2.75736042302874	3.28784297104499	2.15269368289436	3.07269166489706	2.56869051345577	3.39148344600858	3.68543380119064	2.83449438416367	2.31575333591425
	2080	2.82991749425315	2.57717762881601	3.05053946365612	2.03830044219737	2.86942378750975	2.3775798033996	3.17073512945138	3.43108588578211	2.62740866204454	2.17169059717376
	2096	2.62773465637436	2.39457434463962	2.83036774313719	1.94294390784457	2.67916060434123	2.20411082742794	2.95992184425969	3.18988334938707	2.43895290403703	2.04023836454821
	2103.23557579222	2.4406469983996	2.2146946263152	2.62774966912382	1.86507801352909	2.50224427708001	2.04797250746114	2.76061073349461	2.96382651258188	2.26961741259587	1.92224231848811
	2128	2.27001760386219	2.06661950766581	2.44302748260455	1.80357608241596	2.3397689857241	1.90859560969367	2.57428837083845	2.75398692386727	2.11864459052682	1.817337296238
	2144	2.11593877876195	1.94983350818711	2.275504625684	1.75682066639952	2.19142917023627	1.78559443946172	2.40180018514079	2.56081422486515	1.98536206823242	1.72575169127128
	2160	1.9783453594234	1.85647487528343	2.12427798591571	1.72201393771261	2.05721458905994	1.67848210067888	2.24361573931326	2.38386404196461	1.86844418279584	1.64687938982555
	2176	1.85612044772963	1.78094041760214	1.9875986572789	1.69647971078985	1.9364386546869	1.5861178554315	2.09878279691465	2.22216371554187	1.76609392110207	1.58014590103562
	2184.14447221194	1.74764167166246	1.71806067139932	1.86522018830548	1.67814608599162	1.82817471533605	1.50707720289655	1.96698406281378	2.07587002306944	1.67751059698155	1.52445175450186
	2208	1.65240935599233	1.66340058347377	1.75677584437244	1.66610005648805	1.73216129022806	1.43938411673406	1.84779117226546	1.94463909292497	1.60187419442484	1.47778750786119
	2224	1.56964785421953	1.61196412300807	1.66117208585675	1.65918314102132	1.64716908681957	1.38070249847248	1.74014717904165	1.82754366054045	1.53764463218174	1.43770118253882
	2240	1.49842131962142	1.56140697556697	1.57747741820278	1.65613096062545	1.57295199048798	1.32993991838851	1.64398233525426	1.72383792528636	1.48338682259783	1.40268441307727
	2256	1.43769826559742	1.51290889836316	1.50436399725165	1.65481330227024	1.50835215746852	1.28629498930392	1.55895715064849	1.63282639919723	1.43716661410798	1.37197994429318
	2272	1.38641962865058	1.47023584933703	1.44078371050255	1.65142362433724	1.452172281976	1.24915042057678	1.48409420730975	1.55376562725142	1.39745303607276	1.34456118375548
	2288	1.34358634096776	1.43747079405041	1.38585970782027	1.6422953725569	1.40329953428584	1.21808200663516	1.41887942085114	1.48633196615341	1.36301192037056	1.31703784670645
	2296.88517831304	1.30813078840621	1.41462103799519	1.33865581848959	1.62525862991927	1.36085869980266	1.19219075025876	1.36245081706252	1.42950917860128	1.33351209106896	1.28300049554083
	2320	1.2788164008243	1.39780219728294	1.29814391103335	1.60280427291436	1.32406490688642	1.17073517662676	1.31344222649378	1.38148817983978	1.30780914454146	1.23242792198941
	2336	1.25462479933535	1.38273100965785	1.26342708651889	1.58358848425677	1.29226491399976	1.15320862577163	1.27060460013931	1.34060959232113	1.28466304164128	1.15548034856331
	2352	1.23507564649969	1.36762423642919	1.23378720402479	1.5806190775384	1.26491938789983	1.13958551648302	1.23343696053414	1.30564943832326	1.26306838350914	1.06135120946437
	2368	1.2194944145737	1.35328598749572	1.2085322900934	1.60096806605069	1.24150976689632	1.12965782028369	1.20128937330909	1.27569697572119	1.24251369078113	1.0145926677063
	2384	1.20654665497944	1.33976407754469	1.18675300872365	1.63933789928959	1.22157290218899	1.12307537216455	1.17378949036178	1.24958435853815	1.22251459552769	1.11189329614923
	2400	1.19508207347688	1.32688718808944	1.16774137175815	1.68032795646661	1.20457640362774	1.11935364187469	1.15037351297551	1.22615650160684	1.20237558458243	1.34417960798073
	2416	1.18418736702796	1.31441692215547	1.15033072684494	1.70780481042892	1.18977879554894	1.11836429588422	1.1302051114145	1.20322487874246	1.18161891622808	1.58323326926772
	2432	1.17332936494238	1.30197857517064	1.13293761210748	1.7120379035878	1.17585337753516	1.11929694442429	1.11183410387485	1.17792209090174	1.16031562581684	1.71481653467167
	2448	1.16109175960356	1.28921614460188	1.11377329555232	1.69206396206156	1.16208436767993	1.12100768425457	1.09470683278484	1.14646199684204	1.14037152098377	1.70018988960824
	2464	1.14586653763364	1.27582342342829	1.09205745958023	1.65182245707766	1.14833230164529	1.12264122363548	1.07894273456337	1.10636311566668	1.12634658993545	1.57285662888418
	2480	1.12626818105479	1.26190233225649	1.06875344401218	1.59416599324572	1.13426280733676	1.12346384071328	1.06447123847139	1.05691446088399	1.12394063846288	1.40783607476767
	2496	1.10146167405373	1.24765353977975	1.04660781350983	1.51718796060759	1.11945400623773	1.12267988911117	1.05124592558334	1.00240536709887	1.13672500344027	1.2735510950092
	2512	1.07159165993069	1.2331780780202	1.02978969545831	1.41512233877574	1.10289221026205	1.11928300777012	1.03865436722871	0.953368917745105	1.1620526465272	1.19499648223575
	2528	1.03791877903509	1.21771283796808	1.0212651934982	1.28825697789355	1.08353854150357	1.11174650263785	1.02601876436777	0.925155947332746	1.19112107386894	1.16076391775093
	2544	1.00515759279764	1.20068697557294	1.02140456352504	1.15998248242847	1.06215994868169	1.0993235346876	1.01371675822376	0.928099678080489	1.21375774152092	1.15216347437472
	2560	0.980643914716948	1.18256634264571	1.02669022841414	1.08450217809868	1.04164904713838	1.08110462219824	1.002124412149	0.95795414151397	1.22281608304655	1.15470150694148
	2576	0.96981127351634	1.16333791450189	1.02962258187785	1.11645940453248	1.02434362670223	1.05408266547058	0.990789458766652	0.99875830334503	1.2159685704556	1.15729655280606
	2592	0.970430896028734	1.14232776450833	1.02361233442589	1.25284559073627	1.0107425520149	1.01387420152506	0.980033419822557	1.03450412214582	1.1962300727329	1.15466612932697
	2608	0.974116244059763	1.11894601137266	1.00644441965489	1.43294030270982	0.998647609906798	0.959932286572538	0.97111841782294	1.05732272067976	1.16966532580141	1.14797080604036
	2624	0.972126124542974	1.09405693528126	0.980292635031023	1.58983810659183	0.984485431437082	0.900665314802547	0.96477549556868	1.06682039815138	1.14200129924201	1.13973335127091
	2640	0.961902683234675	1.07038845132324	0.949164844269291	1.67867354325977	0.966520732906028	0.853733720136674	0.961116236361624	1.06593285989595	1.11631955323525	1.1304339772926
	2656	0.949627171329122	1.05199511559146	0.915484755531996	1.68199753589723	0.946421710393446	0.834308105576601	0.958299723444088	1.05756068910903	1.0918744585696	1.11895454545557
	2672	0.944203845090947	1.04212190216755	0.879225622148412	1.60863125165176	0.928824547814694	0.843299904154377	0.954683783606213	1.04408744309569	1.06444845865006	1.10481527183137
	2688	0.951249117187964	1.04120325857448	0.841174612016428	1.48932796652984	0.919490782417021	0.867759400131566	0.948996655173237	1.0291700277369	1.02752778190563	1.08936614674594
	2704	0.969005915824387	1.04614328373528	0.807719142109931	1.36578935155754	0.921630971685575	0.891835185479823	0.940245782089848	1.01714375665455	0.972907774136143	1.07465720160006
	2720	0.989849928579536	1.05176627027181	0.790537967489112	1.27068304193987	0.934176648691547	0.903147058562818	0.928376993584599	1.01222720460042	0.895037448941038	1.06320245980368
	2736	1.00414562792036	1.05265674355191	0.800182289591054	1.21255265378718	0.951659966051761	0.892317467352285	0.912702253709781	1.01548971737765	0.79889650765243	1.05430568241567
	2752	1.00397446314733	1.04547449700689	0.838863594583856	1.17925430717848	0.968380847647996	0.85446820725595	0.892453021023504	1.02513732801808	0.712912630748332	1.04600477929087
	2768	0.98341744640081	1.02928259235418	0.894023295607628	1.15421732389092	0.978754561445968	0.791045038959992	0.866224203598795	1.03361805425305	0.684888204597798	1.03521766897795
	2784	0.944128694134786	1.00505300611899	0.952844063644981	1.1299999471738	0.981673474930599	0.719580378377028	0.836225547316243	1.03716805734599	0.749629304097966	1.02352394582276
	2800	0.894664619223092	0.974061238013414	1.00088606664373	1.10454687914517	0.975624305988355	0.667311680137633	0.805552734509894	1.03055714190341	0.883050492179317	1.01122844121076
	2832	0.838646831765921	0.901348725398715	1.02671681129171	1.05143541523362	0.936101310638024	0.709536243950454	0.761280673488322	0.982668655473475	1.16327982953192	0.985206114226617
	2848	0.861464173992575	0.86903643333951	0.993036411560288	1.02424375296581	0.906486650492815	0.769766701192536	0.754948160331532	0.949303239397259	1.24808733779911	0.970056851773349
	2864	0.911085114986663	0.847111791925436	0.944843279303095	0.996162364527102	0.87398143304151	0.821844727506846	0.758308760268335	0.91884842507439	1.27598251782676	0.952821813275431
	2880	0.968588631881029	0.838246312952514	0.894394522465127	0.967485227325485	0.841405126844983	0.852607918352298	0.76892984969986	0.896090542261333	1.24365748414602	0.933743399915405
	2896	1.01630285601489	0.838944875797973	0.853516335691234	0.938663021570438	0.81084355459353	0.859015615379752	0.784648642543133	0.880148118410468	1.15738724515964	0.913235387556276
	2912	1.04276585188389	0.841681366997039	0.824824142113825	0.909786219639027	0.783838925738055	0.843642393059618	0.802601957674653	0.867076394374514	1.03761771638386	0.892300233341742
	2928	1.04349441923078	0.840254583036403	0.80397971704293	0.881414772235136	0.762681472108284	0.812078167014593	0.819916414985344	0.854435781625405	0.917201576401729	0.872113293219077
	2944	1.01794821091664	0.831797432028034	0.785933350259734	0.854095320142008	0.748836991826062	0.770974345580576	0.832999425997147	0.840960461447085	0.826140079863865	0.853139566395825
	2976	0.907268011765596	0.795144551718487	0.749879040005724	0.802524272472597	0.737432303177521	0.68396182867842	0.83830754151754	0.809385020451028	0.744319369199521	0.816650457158535
	2992	0.8430103263027	0.770085899801954	0.731878806776051	0.77822267854287	0.734142391285354	0.648840149901137	0.823644129109482	0.792340081851718	0.724468854276394	0.79942166139679
	3008	0.787548702973314	0.742761766439756	0.713950318642197	0.755157030230654	0.728529540192338	0.622622854853109	0.806793122238986	0.775035075988214	0.706798668076649	0.783428824757096
	3024	0.744792319446416	0.714665182801344	0.695807513552398	0.733338452882106	0.718099397827613	0.602507824089814	0.784589610086155	0.756841867528936	0.69034771058919	0.767751540890825
	3056	0.685798591990366	0.662695928535597	0.658188408511339	0.693878445103973	0.681609601145734	0.566647334309251	0.729786274214988	0.7184101926882	0.660135887739453	0.736788001173161
	3072	0.663847856125646	0.641546488423974	0.639938250276606	0.677307427891742	0.658053146949669	0.547899753235266	0.701242403797081	0.699453664833547	0.645126106976629	0.721840841315023
	3088	0.645595180122432	0.622965663716323	0.622493907365496	0.662557262918233	0.63255411686612	0.529746769641272	0.675305360326289	0.680819277986229	0.629881660780067	0.707295951333999
	3104	0.630063715909398	0.605264335772075	0.605594933109404	0.649332535152587	0.606987916213119	0.513431552906768	0.653395581098663	0.662310075066948	0.61466867046905	0.693603988576993
	3120	0.615921229416711	0.58770493333371	0.589209388299651	0.637467549103727	0.583307167339987	0.498374478297419	0.634709162818681	0.643832823964163	0.59987829057071	0.681225329491626
	3136	0.602374844304877	0.570584551491917	0.573317195672218	0.626956732692483	0.562740213240219	0.483330570497612	0.617213518150628	0.625553038438562	0.585720872222685	0.670370612637475
	3168	0.576821296043667	0.540252458340507	0.543752026959542	0.610203834072111	0.530753151462183	0.454254977670736	0.581194286073253	0.591040904528865	0.560301264988816	0.653031505385543
	3184	0.565372559522294	0.527589130896541	0.530908013409401	0.604531218381765	0.51786729288101	0.442937351996341	0.563361131699277	0.575266155946294	0.549281696586047	0.646718688619051
	3200	0.555208764969539	0.516307701823947	0.519857185075799	0.600956807739913	0.506110079684233	0.434666905130676	0.546038134009021	0.560661175648902	0.539516073472698	0.642167465032666
	3216	0.546552798787467	0.506122827557408	0.510552408546278	0.59932611618	0.495226210488523	0.429049118506652	0.529155725589383	0.547399297851074	0.531054042706453	0.639266698125144
	3248	0.533373720322974	0.489002899052976	0.496167762262999	0.601080252510052	0.475859135113976	0.423417287029288	0.498925264209487	0.524800254139455	0.518184869109535	0.641298673564335
	3264	0.528567025764389	0.482105396681217	0.490916033420727	0.604253555423476	0.467518557580992	0.422691425831409	0.487308548863342	0.515683218698374	0.513717159139274	0.645593224920427
	3280	0.524825569114469	0.476330491592386	0.486931366746192	0.608820350546049	0.460181505824459	0.423208627556726	0.478085376428767	0.508249992439907	0.510304232413011	0.651648023309802
	3296	0.521860090279767	0.471773054376615	0.484146372764935	0.614616511441073	0.453813041576042	0.424962496312923	0.470694641638028	0.502429960510752	0.507799538666806	0.658633609254134
	3328	0.516768950745115	0.465652417656223	0.480961746725222	0.628404651191838	0.443237888476574	0.431015036914062	0.460004913033072	0.494444827033106	0.504792472921552	0.671321028076334
	3344	0.513862072033956	0.463334167986431	0.479788044468461	0.634912967166501	0.438526759761588	0.434104987912104	0.45607840427603	0.491142576003925	0.503479234029137	0.674700698501595
	3376	0.50516036840065	0.457186603431899	0.475750213798784	0.641079922653304	0.429226405030356	0.435914211262088	0.447808708614724	0.481192763742354	0.49839647380656	0.669323842329229
	3392	0.498356662304898	0.452413702255783	0.47159885016189	0.638919794622417	0.424089306798464	0.43152081980247	0.442339591397839	0.473282841088003	0.493894198590803	0.65905135173533
	3408	0.489687112606781	0.44635985462454	0.465477970818825	0.632868788522487	0.418277914411135	0.424388805647273	0.435647008693688	0.463337204920906	0.487982622763865	0.643934158354441
	3424	0.479469507782804	0.439095956766343	0.457400024599648	0.623343167115155	0.411861005272468	0.414463536182926	0.427796792478887	0.451730390175707	0.480795319227475	0.624945835416288
	3456	0.456375002441769	0.421982564052565	0.437007757585749	0.597353517177901	0.398083107595058	0.389976554566467	0.409586454480105	0.426188191131716	0.463836629675807	0.580639789152387
	3472	0.44436474036673	0.413111866732677	0.425792044823906	0.583041255687972	0.390864843229346	0.377323656822872	0.400030548840498	0.413663108939728	0.454733657799222	0.557838767032046
	3504	0.421444382349899	0.397033528737877	0.404212581968463	0.556373543454283	0.37660236366238	0.354422157012305	0.381854971678526	0.391379428294433	0.437034104958995	0.515693963973372
	3520	0.411163369627387	0.390236358467896	0.394516108420078	0.544895402588239	0.370260187862587	0.344625332033574	0.373563373192317	0.381696680172644	0.429049152253247	0.497106670321986
	3552	0.393672369667306	0.379125534960614	0.377725720073562	0.526086703155343	0.359784545326954	0.328147833923742	0.358879903140587	0.364803630809586	0.415258133192877	0.465470523632439
	3568	0.386285652741219	0.374598406382224	0.370627879812913	0.518512073033759	0.355406967675587	0.321470499694895	0.352509612067503	0.357616351368842	0.409384639313383	0.452241926984658
	3584	0.379570155033186	0.370566024911352	0.364364242313063	0.511982709796291	0.351390612246175	0.315770655347285	0.346700346658586	0.351182939897841	0.404199898734335	0.44039627549878
	3600	0.373466690120723	0.367001116633083	0.358859879460326	0.506414162584484	0.34765283449628	0.310888541068971	0.341354888936796	0.345282844950127	0.39978813735696	0.429753053062394
	3632	0.363403803975587	0.361391137870299	0.349657796102175	0.497749070327035	0.341224733036563	0.303205309123085	0.332095698880222	0.334731323524246	0.393029882112477	0.411611336311855
	3648	0.359336474844666	0.359218935699824	0.345790626783416	0.494525701898	0.338915018074463	0.300640000838451	0.328119065323156	0.33011720285296	0.390269278386996	0.403905958248157
	3680	0.351323405364749	0.355066306090691	0.338667130120864	0.48866180452791	0.334806279058519	0.296760025881159	0.320451292189259	0.321701347809963	0.3846436613865	0.39028016071938
	3696	0.347285458166054	0.352996466858286	0.335160266345198	0.485729062256872	0.332648077518731	0.2945809773458	0.316675036959988	0.317783130494758	0.381928109962882	0.384090252752233
	3728	0.339880751100666	0.348805045644007	0.327938483994004	0.479771357675275	0.328265176068853	0.288742682060812	0.309574915832728	0.310943955331754	0.377107877201555	0.372944505491487
	3744	0.336626366537405	0.34659676943843	0.324725113438887	0.476745653056749	0.326710933600147	0.285694226442062	0.306903552785926	0.309089421691682	0.375476091289233	0.368785240096163
	3776	0.330601539149691	0.343110800030367	0.320870188261503	0.471296007844585	0.323710598896869	0.281271842371602	0.302813659331541	0.303361415728283	0.371127674526332	0.359190092639708
	3792	0.328558028873042	0.342155621032491	0.317244169284657	0.467286666233286	0.319816960364221	0.276984207055429	0.298123469153903	0.297888392652505	0.367359087487281	0.352352985308786
	3824	0.321918066960942	0.336574250553894	0.308996700197062	0.460232216435639	0.313885341548144	0.269608824658205	0.289875109448529	0.29018392259994	0.361938789999059	0.342596841804343
	3840	0.317994155921708	0.3339194969244	0.306488956300577	0.457891505816047	0.311751238410156	0.267211490229525	0.286815155950228	0.287202179550736	0.359642877458598	0.338485741540878
	3872	0.312125503535753	0.329566994589661	0.301513116026648	0.454046655179213	0.307364704661429	0.26268456434589	0.281552193718624	0.281951420542552	0.355490231617454	0.330725181210606
	3888	0.309484536369604	0.327686963948084	0.298892338638304	0.452372965112866	0.305354479105937	0.260572234571983	0.279275995791887	0.279741796823804	0.35393019156025	0.32733804327296
	3920	0.305854999288495	0.32496627840931	0.294480587607404	0.450608209319613	0.302226501155085	0.257027283377904	0.274704559573205	0.276416771211798	0.351698519762831	0.32147712813771
	3936	0.304654379115678	0.324070640726899	0.292768365954093	0.451013090219072	0.301088694322938	0.255838542158217	0.272436183959539	0.27511737549648	0.350960273158545	0.318982639593
	3968	0.302538386479882	0.322609226661939	0.289793395817938	0.45296367969618	0.299650311431661	0.253574293922231	0.268836847680038	0.272783956745204	0.349537624873387	0.313689597142375
	3984	0.301559983834814	0.321821975872155	0.288498299755961	0.454209820383069	0.299160182314383	0.251908391812429	0.267622912700105	0.271999416872558	0.348692772761988	0.310710688119656
	4016	0.299127288877554	0.320679050300369	0.286750437157204	0.459320626629025	0.298088187437913	0.249371124383877	0.265036435792119	0.269511223412044	0.349376606567621	0.306932950690299
	4032	0.297673882137509	0.320596422822171	0.286120429263595	0.463028919229076	0.297630347722276	0.248852914667237	0.263422852951155	0.267338285984778	0.350515385883591	0.306358215009604
	4064	0.295219451117341	0.321345337000306	0.284749394244554	0.470225218977887	0.297076396006796	0.247731617578427	0.26051761459638	0.263870568080219	0.352870068489152	0.304690333182609
	4080	0.294435790041959	0.32205765167738	0.284062644357252	0.473746866229142	0.296969866105457	0.247091233987273	0.259349660269099	0.263024835377418	0.354110024998656	0.303267814329729
	4128	0.292893381899511	0.326453600468455	0.282669356912125	0.485772921256151	0.297589645605187	0.245269486573335	0.256233729448783	0.260713206508215	0.358021335666837	0.299784338216423
	4144	0.292175804681726	0.328516218086902	0.282376022333855	0.489975312532386	0.297900809319085	0.244330178501338	0.254988755939418	0.259849222479723	0.359564358929347	0.299378556579723
	4176	0.290657474457437	0.331702200422603	0.281757694178632	0.49853004238703	0.298957099447315	0.243379847069057	0.253097306794915	0.258392810808708	0.363658718236729	0.298941004290553
	4192	0.290194864478049	0.332414775087288	0.281365059679633	0.502915604615135	0.299704854202699	0.243540932709741	0.252639757802071	0.257754142046389	0.365920650441788	0.29826169817754
	4224	0.289843567465954	0.333186629957558	0.280564958560089	0.511455115270196	0.301685203903253	0.243704948209924	0.251466898656028	0.25602161012558	0.370361379302832	0.296427559993187
	4240	0.289616199372987	0.333532764854338	0.28022223518261	0.515309967501513	0.30281601545208	0.243385834267759	0.250681044722618	0.254952819674347	0.37248999301711	0.295958015559779
	4288	0.288577019879601	0.333991920831874	0.280441116364537	0.524964348820268	0.305052917634125	0.242819107357124	0.248417603407393	0.252475423428077	0.377931911111265	0.295845953358941
	4304	0.288156766828219	0.33425314819889	0.280484020404183	0.527680035745388	0.30580840261408	0.2425684077743	0.24750413918872	0.251471778911354	0.379649482072097	0.295874190913355
	4336	0.287002394098034	0.334654285061217	0.28001684486105	0.532057589822022	0.30805465660675	0.241809131909128	0.245232807549677	0.248986761981326	0.382773977562775	0.295528034064156
	4352	0.286456143015652	0.334206342779777	0.27965435012222	0.533474392652363	0.309289090417219	0.241396423646939	0.244118786087162	0.247885995483283	0.384128314288906	0.295298496995948
	4384	0.285297067975087	0.33163369990662	0.278828495056186	0.534336730721554	0.311267008376699	0.240629828605725	0.241680882433082	0.245459784959246	0.386204172672455	0.294502400518267
	4400	0.284498313547851	0.329628286386392	0.278189672927694	0.533879565362384	0.311937454876767	0.239825214977583	0.23998892536832	0.243961493488056	0.386908941623748	0.293903319587857
	4448	0.280831916477088	0.320672069369678	0.275224423292726	0.528468035792168	0.313287263122893	0.233883126475921	0.233231481878152	0.238289640929658	0.38735298065991	0.289856560238483
	4464	0.279157536035572	0.316839942986691	0.273257858006248	0.525413990901612	0.312955611089566	0.231175168563537	0.23016082462581	0.235438596448455	0.386333135970667	0.287652565048924
	4496	0.274149008029556	0.30782530263631	0.267497286794484	0.517383791829112	0.311010862152762	0.224817205543319	0.222090073472105	0.227766624229755	0.383685966151644	0.281411969441472
	4512	0.270921447466809	0.303344178266361	0.264974763290582	0.511170921498371	0.309612941368187	0.220999609902378	0.218046307351563	0.224667895269172	0.381142860560529	0.276623383368416
	4560	0.259826142550078	0.289346090332194	0.257673749589988	0.486390694586022	0.303444561272083	0.207614142179817	0.204907134468599	0.21571711764332	0.370219421647483	0.257677845155149
	4576	0.254888140148524	0.283161382115757	0.253936148339035	0.477484819652615	0.301012929961989	0.202719080496959	0.198567539700201	0.20970089741952	0.365524791180752	0.250440161202988
	4624	0.237339160433667	0.259760518454788	0.240105293221891	0.448188502314303	0.289203269186877	0.185645804151841	0.176526187848182	0.187932720882621	0.346913925320784	0.225923543763509
	4640	0.230696176372624	0.250500555780085	0.234576214858987	0.43793493376225	0.283632160066386	0.179147429776621	0.168208123920096	0.179409241017255	0.339101972721153	0.217071734625936
	4672	0.21696140979944	0.23096533370936	0.222585895382655	0.415814557035435	0.27132745941027	0.165626192789784	0.150314630120077	0.161994709950621	0.322490976065218	0.198585899326664
	4688	0.209837300299614	0.22065379693343	0.216069251346683	0.403898619589985	0.264458758068539	0.158667997468734	0.140900791842134	0.153312770012587	0.313739923188517	0.188861492028717
	4736	0.18733927564074	0.187275243042121	0.19382839024623	0.367323614838435	0.238365363267673	0.137620111903129	0.110640025376601	0.122978269515028	0.283524081608263	0.157296715682415
	4752	0.179764664047957	0.175483114097118	0.185483331820806	0.354781157782285	0.228215211866437	0.130404033555451	0.100139501602101	0.111967142400651	0.27208782181338	0.145926750383904
	4800	0.158927860850706	0.137267258140314	0.157736290574518	0.314467315457959	0.195051164947835	0.108896150419159	0.070523209347025	0.0810323624050658	0.234720061679213	0.110025836508419
	4816	0.152884510346104	0.123654458400817	0.147288412899916	0.300188813688873	0.182740495695992	0.102162485687881	0.0629702966887746	0.0724452223472385	0.221029573231541	0.0974156658153279
	4848	0.143314234354777	0.095424314401844	0.124327160829942	0.26961326387778	0.155702619587627	0.0906134863996582	0.0577334436860111	0.0640344175734739	0.191258757091005	0.0727287358301122
	4864	0.139538257183074	0.080995925732043	0.111953002513793	0.253277543641897	0.141045090194769	0.0866349199457669	0.0621676872537099	0.0669457496280901	0.1752384113348	0.0621730815000865
	4912	0.142987015273411	0.0457019554397159	0.0718704165485591	0.200716133424593	0.0926599425599523	0.0843554516596099	0.099933840716334	0.10602887027854	0.122581490244514	0.0511109033345893
	4928	0.147623717839666	0.0437593144492767	0.0585621936606921	0.181563102561666	0.0753395541629818	0.090372102632773	0.117895379058831	0.126538104585889	0.103617510745971	0.0617923732259979
	4976	0.173030231921006	0.0790356727861482	0.0409631077658474	0.119428281772974	0.0301310844192253	0.114605887287453	0.181764374104936	0.200005622139243	0.0497614042394707	0.10973969986893
	4992	0.184984695684961	0.097739989759405	0.0510573048105331	0.10051492554807	0.0364455465911331	0.124533364309195	0.205540363775347	0.2275765648045	0.0467971926785588	0.131416409821736
	5040	0.222347122602606	0.155397634339943	0.10172947133009	0.0762780872960263	0.0904251394154466	0.160673451710317	0.275902620023248	0.304568153874184	0.0756169435166913	0.182175657820767
	5056	0.234777901659017	0.174487639239934	0.118932104032524	0.0709272152969273	0.102761544793701	0.170941376645273	0.29544698055183	0.32547600443103	0.0868865215832708	0.192571018287171
	5104	0.262206915088646	0.217271360829778	0.164884536097949	0.105661706372974	0.152212435786219	0.192727351876755	0.342021676199873	0.369278444601928	0.137878202450118	0.220834174149754
	5120	0.267818882374747	0.226705336726461	0.176134593949631	0.122667597113583	0.166142187827683	0.19557368619258	0.350987347579007	0.376385868880061	0.152166372210863	0.225913871341141
	5168	0.272797615421178	0.236085802826139	0.194660060850405	0.160336098488263	0.191081506917281	0.190562233822576	0.358528065384584	0.366905667357604	0.179805021408291	0.228300035580744
	5184	0.269958593409091	0.234060811759677	0.195769531841355	0.167842319079451	0.195167997135297	0.185636904462613	0.353524920919969	0.35780398312936	0.184209255720133	0.222330685011686
	5232	0.255277448477808	0.217267676327321	0.187182698630005	0.176365229903629	0.190824210275594	0.164602341653798	0.329391184106823	0.321154219343741	0.186920759083265	0.202629450400497
	5248	0.248533495458003	0.209175896882231	0.181371065087297	0.175403918695785	0.186481425255683	0.156234002904936	0.318910570691899	0.307191024468018	0.182896397072725	0.194296360885152
	5296	0.22519382569682	0.180736693873126	0.158878284983633	0.16532638333608	0.168117531127634	0.129013573288985	0.285106594295667	0.265416318925694	0.167840434360846	0.166970476386875
	5312	0.216668105892595	0.170500154104806	0.150354905191967	0.160055106342199	0.160640329247932	0.119707931515737	0.273577011056957	0.251890140219249	0.161235883027495	0.157564679354861
	5376	0.180813665668033	0.127901847374591	0.114336469778765	0.132987930199731	0.127208095128434	0.0855190709515397	0.231192921296627	0.200816385432971	0.130120183325593	0.119759681437438
	5392	0.171712953102554	0.117127872657382	0.10510188188806	0.12531964623757	0.118251774839388	0.077710913884974	0.22133968293761	0.18928121258852	0.121559995720495	0.11117682806562
	5440	0.144462057147662	0.0868865974533872	0.0784953579154862	0.100530639515707	0.0908995284421502	0.0558538128212574	0.194287219049909	0.157145015586445	0.0950408464139251	0.0895550820654989
	5456	0.135519090017449	0.0777788361870851	0.0699488451862972	0.0919702265105404	0.081810436976704	0.049618601383161	0.186200819107185	0.147156466095507	0.0859141858371341	0.0841099423712388
	5504	0.10956774099488	0.0559812355404188	0.0470917112685932	0.065281127717596	0.0550000380971231	0.0369491540828984	0.163831589069633	0.119816126542531	0.0584011878670691	0.0761609145792732
	5520	0.10116770978066	0.0506082379307818	0.0414465527646647	0.0560506327220666	0.046401399675889	0.0358350698982654	0.156950931254809	0.111713810207136	0.0495228594487904	0.0763558502169516
	5584	0.0715013954326789	0.0599045086235347	0.0354498065503967	0.0220458679375213	0.0181020805519524	0.0450878341727024	0.132094245930766	0.0850733020283595	0.0203983898178788	0.0887541317036537
	5600	0.0653962366663842	0.0660162740271656	0.042386229706702	0.0154288287182472	0.0163001571943688	0.0489923108358766	0.126490294151869	0.0802454169430973	0.018175684790252	0.0939712170112101
	5648	0.0508780227248452	0.0874892319845816	0.0606844094706488	0.0247460112087377	0.0286448901232556	0.0627642432618461	0.110974507204058	0.0698348034429564	0.0297265245284185	0.111498261434995
	5664	0.0474941336362439	0.0947965605420338	0.0677157157106764	0.0320892560517956	0.0349887677602234	0.0677239606471443	0.106061703589823	0.0675254664097558	0.0362921305566219	0.117767710769946
	5712	0.0411495307549209	0.11696405596737	0.0901465165421365	0.05602524994653	0.0552521655348691	0.0823632202144976	0.0914280503957291	0.0631331705882333	0.0581361079305915	0.137806380002243
	5728	0.0403822273605658	0.124461264617435	0.0982591830052916	0.0646736020110319	0.0624952387898639	0.0874315411021457	0.0864716047588525	0.0622847189122686	0.0658847392835842	0.144764245741515
	5792	0.0454479598681199	0.154682454509152	0.132353312190964	0.101510553283644	0.0919607387230871	0.107726785553423	0.0679418803628732	0.0642220144517026	0.0984456093013301	0.17513494499421
	5808	0.0484519780263921	0.162544109033114	0.141169125004012	0.1111262593669	0.0996048688416581	0.11254732114369	0.0641220716181862	0.0654583557767081	0.106673438946428	0.182748305574448
	5872	0.0647828710019865	0.19364695842498	0.176728036825407	0.150013216924158	0.12992425956966	0.129227469473	0.05470582934367	0.0733976154527482	0.140593789162144	0.213620398533589
	5888	0.0692902200355175	0.200795509348913	0.185566088793451	0.159760898925952	0.137104120035232	0.133014403776061	0.0546421148379118	0.0757787384575321	0.149018189715469	0.221278117744225
	5936	0.0835921457357511	0.221241919303955	0.211556379582004	0.189694883610326	0.157465466784592	0.143655072486015	0.0600080936488983	0.0833675571434826	0.173649128131249	0.242738034035286
	5952	0.0883956569529176	0.22771045403105	0.219816279053692	0.200070399205376	0.164002193240257	0.146643726477653	0.06369774000372	0.0860099884062072	0.181866189703604	0.249179369062289
	6016	0.10460436396429	0.253327807133904	0.249445025543027	0.244784916170272	0.191405917696949	0.155891128128981	0.087761494022546	0.0957913809212918	0.216656807334538	0.270881931762102
	6032	0.110323131987662	0.259642038723777	0.257603206600597	0.255892600732863	0.196443094373953	0.159408064781349	0.0927617934206079	0.0995413711593924	0.225624435991322	0.27553949495792
	6096	0.132924129866461	0.287725414594686	0.285553965241408	0.30092720570502	0.218375503796903	0.170829758572708	0.118561634185225	0.110210247810165	0.258529211934225	0.297515858635361
	6112	0.138554044769512	0.295660253768465	0.29144938434529	0.313175896893388	0.224676169455748	0.173647340235031	0.125948911106994	0.112563442963584	0.266584808411267	0.305368542812059
	6160	0.156467193531872	0.320751427307521	0.306952443784032	0.351998206612091	0.245027676232854	0.183642495412584	0.148718525185264	0.120352804133497	0.290768926040044	0.331849511677909
	6176	0.16251270826269	0.329191715379612	0.31168053275369	0.364296036643985	0.251979195189209	0.187581989712139	0.156132356088844	0.123895480085946	0.299423911564369	0.338314649701688
	6240	0.190103909787919	0.365159081848604	0.331766032781018	0.413754134769323	0.278959409291368	0.213454014011788	0.187495801903463	0.139138932969678	0.333898909870949	0.364038947331817
	6256	0.197629406125871	0.373184206199611	0.336866145159766	0.42659863331498	0.286435999644171	0.220496136351367	0.195019292703972	0.143813384701562	0.342009242792669	0.368409077082371
	6320	0.225215392213015	0.401835224212826	0.35905621493713	0.479036563649893	0.318396078204807	0.232053946495916	0.220680963427581	0.1651810360461	0.372900071352398	0.374652832290252
	6336	0.233216783876073	0.410693806007086	0.363144668945627	0.494847003005989	0.324179966566708	0.236363877247175	0.231033926177224	0.169856242817804	0.381412492621744	0.377198163048943
	6400	0.266069576720637	0.443997684081883	0.380353149263294	0.555470321513262	0.34594653139068	0.253444711606378	0.260964075640668	0.188714510817331	0.412344819193538	0.387761766114312
	6416	0.274135402314528	0.452767803938797	0.385687818055736	0.570827962473004	0.351640527511666	0.257844388044564	0.267807213442891	0.194260168604886	0.420072146242618	0.390013587271061
	6480	0.306420168436436	0.485863386930089	0.407932832411219	0.63255212724419	0.374764479153337	0.276655028869704	0.29310843437403	0.220577513392883	0.448665867346204	0.398775656616709
	6496	0.314240950855167	0.494085333867595	0.413290671489415	0.648094469599932	0.379680392477988	0.282063976688868	0.298818416526569	0.227217767150553	0.455236376201491	0.4016018795825
	6560	0.345636774126542	0.529389576601588	0.432632199243863	0.708042786521162	0.398717940142962	0.302180859147177	0.316401620528539	0.252833877127576	0.479910397077786	0.409198931592707
	6576	0.353155141834751	0.537636030861811	0.43651158793295	0.723119705339568	0.402801639120882	0.306026572162669	0.319944257510657	0.260031890955822	0.485009671688219	0.410822640720434
	6656	0.388232819985588	0.574293702086137	0.450546788784505	0.790974259609424	0.416407436905526	0.314273923461172	0.329345993376483	0.294900496195468	0.505266507885974	0.418138876197203
	6672	0.393497245656494	0.580437777034322	0.452536721567662	0.800754383429252	0.417966799920321	0.313890352211182	0.329498549364577	0.301495955244115	0.507324774572276	0.41930375545534
	6736	0.404941320562569	0.597595450987476	0.44938761123959	0.820575293876034	0.419200874124366	0.302182020112939	0.325497706548059	0.32329421081977	0.511490843872012	0.415045227334869
	6752	0.404395311837841	0.59905982133559	0.446611257226547	0.819097486977141	0.416581885409809	0.297120393985708	0.322811953833065	0.32641366554073	0.510027992163935	0.411145269845726
	6816	0.387713452344859	0.59268042554563	0.426404728966752	0.789346136877038	0.403926964612326	0.272138164398216	0.301505317894292	0.32988441575792	0.493547291514148	0.383533770413391
	6832	0.379671526582772	0.58883901685535	0.419015420091228	0.776283445568287	0.398590961251869	0.265039896515534	0.294189475434376	0.326916395470207	0.48677546545541	0.373795484984654
	6912	0.326463209520455	0.55372278763317	0.372710826676915	0.687418743802451	0.362708711940426	0.227369295661768	0.246482325177686	0.299793537648901	0.439423411852912	0.313886813268532
	6928	0.31350758837556	0.543991301275949	0.361912956802766	0.66636162730197	0.353554705071331	0.21934159008411	0.235603668183091	0.292070302064787	0.427874368949765	0.301398943204775
	6992	0.261075662249066	0.499432800584514	0.319260473196605	0.582243352216575	0.315185131280588	0.190246854783469	0.190191960562358	0.258340644534388	0.37944896099571	0.254127960874148
	7008	0.248186872577218	0.48767233629565	0.308807958799876	0.561595227818662	0.30517766538198	0.183880857604391	0.179639835722344	0.250041508553765	0.366742166136223	0.2426079091193
	7088	0.189305796161542	0.430432745063956	0.260568744533758	0.464382343942367	0.256038364612295	0.15673548338953	0.131676170160282	0.204022212402521	0.306087563878101	0.192307980487804
	7104	0.179497131111714	0.41934226168633	0.250783319360735	0.447053853696973	0.246841912425138	0.152458133037199	0.123044604369822	0.195101773234082	0.296212872626373	0.183781001827929
	7168	0.144029241069723	0.376781028569901	0.215866043628803	0.383351920482777	0.211983785699391	0.137813486801781	0.0908006962812959	0.162299854624271	0.261757567861253	0.153354616881118
	7184	0.136196565309388	0.366887410681347	0.207592004531295	0.368809444511114	0.204408072486154	0.135956565334454	0.0839570456141482	0.154080235174599	0.254858161775329	0.147004434879012
	7264	0.106413761469545	0.320969176303046	0.169480700115699	0.307544287648197	0.171749276996354	0.12552412376801	0.0551864317597238	0.12100161760854	0.227836984225036	0.120559476862831
	7280	0.100624505916645	0.313210457330375	0.16310773597713	0.296270173193101	0.166634728446455	0.126915435242543	0.0509479266045801	0.116269397835421	0.223120046842406	0.116993673092542
	7360	0.0796607178845726	0.281531744024801	0.138763646403285	0.251049025297111	0.147883899533462	0.120326200747477	0.0306997566214618	0.0993624701418962	0.207303163011306	0.101133228296808
	7376	0.0776697870159385	0.274684692672314	0.135826038777176	0.244404686256374	0.145618430182163	0.114458617814012	0.0441941955629774	0.0960338894899634	0.204560081232433	0.0997072945087481
	7456	0.0628932007977034	0.252141919177499	0.142499012344826	0.23067734151566	0.139156586611032	0.135527274165611	0.0220889006987127	0.106034341666161	0.174713846300186	0.0723932447999397
	7472	0.0811174532660228	0.25451589488134	0.152261550315734	0.231307173547423	0.150727749928341	0.147520081355672	0.0246606292653785	0.114500807675104	0.15798617685393	0.0747380232835669
	7536	0.050184924164634	0.296614407457212	0.318291321061326	0.441288848672777	0.263350954289354	0.290539836681164	0.342995883771981	0.420668279669684	0.391399896470199	0.427168904572993
	7552	0.0648354982158542	0.242535830837704	0.493974673255296	0.537743299624296	0.314626020158027	0.319852515810938	0.270208062273511	0.366152447486895	0.367606984600928	0.337340678945255
	7632	0.446872190558997	0.13019037648077	0.0809438996117255	0.16809896657149	0.139103129939186	0.142644749646597	0.0282739585148179	0.0490878120623533	0.163586065468294	0.0475628391327144
	7648	0.169209323206146	0.268415156627128	0.119949949215915	0.165744096809864	0.136385698811774	0.153580299125807	0.0638256556665855	0.108794816966106	0.206494883693481	0.11123673081309
	7728	0.0777322614900686	0.254048847850264	0.158126767607157	0.140992221978928	0.127411638872665	0.159164255280971	0.0793494033036736	0.0969840860747694	0.183363970802384	0.0935038101739427
	7744	0.080383499455222	0.256185356865134	0.13987994514015	0.146011361594208	0.137716591348734	0.157985059887468	0.0790470770068673	0.104713422245346	0.183379895950545	0.110807010004942
	7840	0.0958234257912349	0.249248051049097	0.136219972627528	0.131410907123627	0.146926257521217	0.1531321023109	0.0766719790483599	0.0984408085024591	0.191359889170737	0.118469296546663
	7856	0.0950312575154015	0.246630910245231	0.134807819214346	0.130580115225751	0.141194446548152	0.149271455937051	0.0779900428710463	0.0982653664576456	0.188547765723972	0.119591273901219
	7936	0.0820098987769023	0.235153701783356	0.128715064434019	0.123891999037086	0.135241133977837	0.137495515262051	0.0689120409196599	0.0896978892700416	0.183918500849175	0.109424349170299
	7952	0.0794798727090468	0.232657289080746	0.127800173298726	0.122626190828624	0.13381684930738	0.136899827990386	0.0682389481850515	0.0869602680192993	0.18261853419375	0.106942221661592
	8032	0.0731504450545883	0.219135197698413	0.113765965110548	0.117870975242062	0.121863116796808	0.123690373782745	0.0650723272940778	0.0770127113203595	0.16845032323538	0.104317999770081
	8048	0.0700402981588263	0.215332108549136	0.110467619172317	0.116299348581968	0.121296554994101	0.119945607118656	0.062189741433458	0.0734878194489581	0.166095014091754	0.103759318610306
	8128	0.0578217923340066	0.201090611362399	0.102237653970775	0.10716596234514	0.109278241489267	0.103821607870409	0.0547558221347035	0.0593185158825308	0.154285608830604	0.0964158226855535
	8144	0.0564707083296644	0.198732377532552	0.0996329056764166	0.106016058050848	0.108941193394563	0.103542933740131	0.0533034477260473	0.0551300997956228	0.153805307505028	0.0959460103648991
	8240	0.0490212172324411	0.193370680726281	0.0899665427458353	0.0983017683115484	0.102995670012022	0.089636919680027	0.0432573902459997	0.0421228792622091	0.146415435505182	0.0866218993723029
	8256	0.0495692434927241	0.192304862732359	0.0874934266812564	0.0974257151946824	0.104018572299391	0.0868654587678942	0.0428641284699889	0.0416998972803656	0.145528746008774	0.0836352377436659
	8336	0.0425416826777533	0.190016685943816	0.0823511135312209	0.102758603292093	0.0992036029332771	0.0768920076956902	0.039232482014936	0.0322674903572671	0.144167709429217	0.0801069076066784
	8352	0.0420997176035596	0.189767634359645	0.0816481286956657	0.103121614515129	0.0992112930070193	0.0754274196482887	0.038510725154899	0.028033294546991	0.141737729105925	0.0790675655704562
	8448	0.0378941905788513	0.198731757626354	0.075798005677831	0.109790673321058	0.100959170780412	0.0659833641480978	0.0311053090747177	0.0238189059370103	0.150209297484748	0.0803721315036697
	8464	0.0381676785778838	0.201518218658503	0.0772981188839562	0.11197495687495	0.102248349860619	0.0639287327554615	0.0307585534158104	0.0254402688026641	0.151957269318057	0.0816957121547455
	8560	0.0363807420844555	0.213758999860388	0.0721240528387611	0.127000604806878	0.107202140274293	0.0483702402528236	0.0241638671430454	0.018548495827848	0.162453647144616	0.0862613393908568
	8576	0.0350422144733235	0.215949345623643	0.0732221313998384	0.129054417118665	0.10892756452824	0.0450715795970229	0.0251636858746812	0.0233273658444142	0.166572873397284	0.0889392155989436
	8656	0.0365493036124691	0.231902790891987	0.0697749487979533	0.13777032869632	0.116347865280449	0.0330773061710018	0.019722998389205	0.0185919375414718	0.180117934328515	0.0860456117476719
	8672	0.0361976352410992	0.2334727813587	0.0685191135762879	0.139169422364426	0.117790431974874	0.0277185897244398	0.01860133027398	0.0197940410364923	0.182347846056461	0.0881511139667565
	8768	0.0328506291564283	0.237079140998701	0.0638672842794236	0.153690218561928	0.122784743523253	0.00919988451380578	0.0139682445292859	0.0270632613956305	0.189780434024233	0.0929400271372219
	8784	0.0324895685895821	0.23702951539663	0.0636752014452831	0.155995284876062	0.123095629636172	0.0131049864418814	0.0173225874728793	0.0285224309156956	0.189544500640317	0.0919113589168462
	8880	0.0362700550337297	0.230332524539714	0.0595450343551321	0.159085804357726	0.126051617993215	0.0290040593176972	0.0236475820088827	0.0371788689955856	0.184713106628099	0.0888308952250742
	8896	0.0366256968790389	0.228329774686566	0.0595402465092519	0.156393539708969	0.126737191661341	0.0310449474869202	0.0251378605988503	0.0394027847622174	0.182817073931203	0.089091151537899
	8992	0.0529271005074768	0.221659611205891	0.0742520297238649	0.16762601625367	0.138084331159514	0.0888284963988985	0.0501158415077011	0.0534714009086936	0.179066345121598	0.100370138718653
	9008	0.0454995071366399	0.226667178413835	0.0758838595956763	0.167234404158371	0.138607173165914	0.0954325762208331	0.0515208118359064	0.0598720992064468	0.177313002026669	0.0984737614664953
	9104	0.0552791675354975	0.202420554952598	0.0655939609377038	0.153562511050918	0.145987689561248	0.0308630538405554	0.0477460531606586	0.0507288940945747	0.164929897652673	0.104425968090335
	9120	0.0544230668233466	0.197033269538987	0.06899509799929	0.149363992070581	0.146474919721684	0.0277603125606759	0.0508940773228806	0.0537203036388065	0.163521423267971	0.101991182842669
	9232	0.0649395999352429	0.171761289962665	0.0800194199051622	0.135257531618168	0.152294213616756	0.0309574131376764	0.0703519316724129	0.0578486147582912	0.150996255063865	0.110736217488669
	9248	0.064616825107855	0.169143655587381	0.0831975830370074	0.131801331362209	0.152617736214187	0.03282284428616	0.0722925168643397	0.0592858294048274	0.14898396853322	0.112599615109055
	9344	0.0763794782015567	0.14803082995305	0.0976237918631041	0.110135337334323	0.157411554142411	0.0445142569922589	0.0868913668905919	0.0660369762171321	0.136747198343205	0.119169266750167
	9360	0.078407324148685	0.145212880756138	0.100415350726688	0.106182728186515	0.157895074323506	0.0457023506111231	0.0891444989670132	0.0673775689388498	0.134361958825878	0.119692274886874
	9456	0.0921556844983349	0.125178504525699	0.115898291925668	0.0701655813583754	0.154487631641008	0.0587471891253881	0.102827979666374	0.0795986027818082	0.124311469672828	0.121235804647033
	9472	0.0951714040974274	0.123665466588786	0.118076484203579	0.0668423397585237	0.153111631929949	0.0604896205279122	0.10493739655547	0.0814146758130045	0.122188647224504	0.119292699514429
	9584	0.109953415115739	0.101474314005354	0.129466885888935	0.0431366791508783	0.140667297710926	0.073290973059595	0.121649712252363	0.0966480378980015	0.107930724270395	0.116164847544144
	9600	0.112138062358366	0.0993042540187848	0.129910498930388	0.0417514254131543	0.137845425912323	0.0755886629724654	0.123272760996846	0.0990161927854646	0.10636255183302	0.116009295167256
	9696	0.116630911813575	0.0980290402546132	0.132586875609701	0.045676724731458	0.122442711816207	0.0846831215393822	0.135647724551201	0.115783811799403	0.0994684255281457	0.111799626049443
	9712	0.116848092822669	0.0963572998299629	0.129748892263436	0.0482454898715778	0.120160528909177	0.0865302047226612	0.137523619288308	0.1182789791673	0.0983386802761965	0.110071010039865
	9824	0.125163470281333	0.0937639655762979	0.131387463510853	0.0538939861836775	0.106782663308874	0.0978582325432761	0.15271821521919	0.135953931769691	0.095718258445213	0.108022314344985
	9840	0.12463181656757	0.0950817978741112	0.131068782896139	0.0554754112977962	0.105853908459104	0.0997879880349943	0.154893624240593	0.138429935244113	0.0950164649158946	0.107612690348698
	9952	0.126638394890057	0.0986077690465023	0.129360150418538	0.0646719710651473	0.102960733451487	0.112307960219311	0.173710736243109	0.159779143728901	0.0983075339193652	0.105756475932933
	9968	0.13103133163668	0.10265663097223	0.130258461545209	0.0649146529380902	0.096964669657995	0.113410647854263	0.176004713496374	0.163205255778443	0.0991641935427654	0.108455791241982
	10080	0.126310727130384	0.112015557416776	0.138314227873591	0.114678460981854	0.125498175681827	0.133292336440267	0.195156971113375	0.186123346130578	0.122278067240884	0.128380685705519
	10096	0.136074662809689	0.121476499528882	0.132061660125486	0.0831274648507562	0.105479614756054	0.125958568454068	0.196682762263562	0.188708203220543	0.09990181967721	0.1082168725432
	10208	0.122076756377365	0.108278157589847	0.124624748865052	0.0770280645769194	0.10479238871718	0.129413112583069	0.20596497718969	0.20075689618841	0.101874978929676	0.101400547762608
	10224	0.121012355535676	0.108713596211559	0.123251969985261	0.081102742600269	0.104430863946182	0.130749112770318	0.206315446011041	0.200955357448018	0.100796376808793	0.100337662646582
	10336	0.111350073940322	0.105952313173086	0.114660575812058	0.0819314232542609	0.100582776493092	0.126034754817929	0.200719999043181	0.19051931996552	0.0980257079638773	0.093948411970981
	10352	0.109945870261684	0.10493598554824	0.112533530336718	0.0813416350124207	0.099681146326352	0.124294123838233	0.198942980920933	0.187094986713956	0.097573668277276	0.0922841454118607
	10464	0.0988042287895634	0.0946377395522565	0.100942280465052	0.0729908028775487	0.0889691230705378	0.113612189645542	0.178868144211194	0.157732430767054	0.0885729110761947	0.0806773248070763
	10480	0.0982316429140674	0.0929761166610144	0.0985698254434565	0.0719570398736841	0.0876151939240782	0.111950854085011	0.175708596033413	0.153324771411314	0.0888823542745252	0.0797541979623685
	10592	0.0862504882898839	0.0846004453331714	0.0837653504247569	0.0630584667546376	0.0707970372628574	0.100020619711299	0.153708174168291	0.122226461608345	0.0793152190018624	0.0678218795024534
	10608	0.0850228964623307	0.082985586461358	0.0828072192741144	0.0618732862557716	0.0698663197093252	0.098390245045257	0.150110385188249	0.118101572233769	0.0781086017704794	0.0661972860821317
	10736	0.0727232171099407	0.0718262961483146	0.0742356614335372	0.0540616091139317	0.0627822392440126	0.0896046044312629	0.12408009788173	0.0914877250387345	0.0712274913660411	0.0595689381614324
	10752	0.072147122350472	0.0707286690631785	0.0739998326675355	0.0539099590612716	0.0624679567940725	0.0878820928707109	0.120254170720479	0.0891844582089773	0.0705820636946349	0.0583939021999089
	10864	0.066735484950236	0.0678256761099484	0.0717181053674154	0.0475285824625889	0.0567479278418614	0.0840035129921971	0.0984527293299857	0.0726574943287588	0.0718755073276194	0.0564212392875061
	10880	0.0661301336001246	0.0678005449545529	0.072818310923277	0.0512722084720559	0.0566790399211134	0.0845327598370361	0.0954128890970723	0.0709300958527362	0.0727255475707644	0.0579128392432143
	11008	0.0619674406438214	0.0640276970554338	0.0708965760915253	0.0448638839512727	0.0596461834490236	0.0827509081581479	0.0810463009244892	0.0610464551239574	0.0700900466374858	0.0551440502748191
	11024	0.0639886262782079	0.0660201263780712	0.0703988331342577	0.0438096688663744	0.0601615849194988	0.0817501844538948	0.0792035051047651	0.0599166860090881	0.0744485910259132	0.0544685767995216
	11136	0.0574553941916371	0.0632132989715714	0.0735850203184942	0.0488321288774863	0.0565618092900119	0.076007662688445	0.0702658015133042	0.0532444082110079	0.0685571435891551	0.0504739453574873
	11152	0.0544541260263819	0.0648621256946786	0.0868795511467073	0.0452443931240283	0.0553611630024519	0.0711564582589896	0.0689039431292129	0.0515519759474695	0.0646724458272802	0.0481882953928946
	11280	0.0801975475504708	0.0611912881105557	0.0687989209715843	0.0641199367010401	0.0805087652249894	0.0907507788128788	0.0609543275009881	0.0745384623282321	0.0725458042806884	0.0829742428809628
	11296	0.0482168985919367	0.0554247998809518	0.0943022452112345	0.0869125237674572	0.0734229600781157	0.0786873470652646	0.0705700933817923	0.0733461671256131	0.0787652786598593	0.0764446049209788
	11424	0.0878380084658375	0.0767020265765247	0.0653455130055608	0.0393332155444883	0.0597023968251112	0.0632533113379686	0.0523414825756158	0.0465748040203015	0.0637431850269919	0.0426887314569699
	11440	0.045657140460156	0.0598072345168983	0.0637810854062433	0.0385270581388098	0.0572070921862973	0.0638317979113017	0.0524137670916963	0.0455846285069401	0.0632651865121213	0.0412191301253269
	11568	0.0548605749019315	0.0500304427517048	0.0673596906726091	0.0349902512755756	0.0623353656207978	0.0671825915126538	0.0445776306640673	0.0420680031078293	0.0606887115660154	0.0453703056086731
	11584	0.0515465098538876	0.0574527563516023	0.0683458922388758	0.0373001465263319	0.0626568971025974	0.0668839070530399	0.0424730325629109	0.0418989488383046	0.0646825904171259	0.0450806611085677
	11712	0.0412139959272501	0.0493806325231645	0.0730589142618213	0.0305707308740607	0.0670887431432058	0.0650794596809208	0.0336453766052559	0.0369091187973249	0.0604029188472606	0.0542125217293177
	11728	0.0470770706661311	0.0582938110702674	0.0726089159659111	0.0269883850877452	0.0680995025552337	0.0657510092869708	0.0324833727367367	0.038741713785963	0.0614285343347366	0.0540513234141672
	11872	0.0383819717801742	0.0546012330315509	0.0750194066358087	0.0337868138379765	0.0780733999895868	0.0769984742343558	0.0236457448782947	0.0298107833514965	0.0540348772720644	0.0627582342909585
	11888	0.036989576920156	0.0654914369988419	0.0756703399410193	0.0340719501591078	0.080984643362628	0.0694381022173963	0.0218318788702568	0.0269774463158115	0.0513503373222822	0.062544223187216
	12016	0.0685143307786131	0.0288508363583975	0.047939362483347	0.056117823697724	0.0994191141534393	0.0882141661373687	0.02917071492206	0.0607518393630307	0.0384189446382509	0.112139453800606
	12032	0.054077350678021	0.0445396434736249	0.0633754400069465	0.0491537805272649	0.0955938073405446	0.0758109566961517	0.032936030090395	0.0448357517579909	0.0452438993169449	0.094591103012907
	12160	0.044343213281971	0.0644711085836049	0.05030181795426	0.0328968710879431	0.0916733173178423	0.0681363603415614	0.0550503828985454	0.0214133470605851	0.0290097204723605	0.0786161826671289
	12176	0.0485242719474362	0.0593796755873354	0.0452977971632082	0.0411726194380476	0.0904291082120279	0.0692779274438648	0.0571599424918412	0.0326000898202153	0.0371235170151681	0.0874576842124698
	12320	0.0448330014168108	0.0527962239095093	0.0101343208486915	0.0515798077907663	0.0839730632529153	0.0752800929870812	0.0705240671529413	0.0482562799176075	0.0538884818630663	0.0764505204560728
	12336	0.0509101298465836	0.0539783808536712	0.011731980880261	0.0534836697056425	0.0829991870226268	0.075809300970086	0.0722750454549244	0.0497101325677395	0.0561825226491995	0.0796000800115208
	12480	0.0475623256978048	0.062319575324352	0.0452197473547733	0.0653968977529976	0.0866645897244227	0.0847597064873462	0.0678575443987642	0.0603065042388915	0.0645332132621908	0.0688693265630943
	12496	0.0469247343511947	0.0617660268181129	0.048669516306236	0.0738754819083536	0.0838360204060313	0.0848622830965791	0.0693225868215389	0.0607084634691843	0.0647815595779394	0.0769152887994681
	12640	0.0493944967719415	0.066696567080757	0.0620813294339629	0.0671046714503886	0.0880874529987608	0.0883405844586964	0.0790154292572402	0.0563561269168785	0.074030934822796	0.0634549824479435
	12656	0.0491050882655023	0.0650620274071921	0.0615474343874233	0.0662684634081564	0.0884529869191975	0.0889658599293642	0.0689750645062357	0.0586946428040497	0.0712949033783634	0.0638596202490343
	12800	0.0523448375001186	0.0683296529728833	0.0686544281225232	0.0721693780364755	0.084982777638562	0.0919471777387606	0.0714745582714968	0.0621216185468417	0.0663792904662732	0.0712846949104502
	12816	0.0498207221695312	0.0681740156741386	0.0673083367833758	0.0677247992648985	0.0853757016225001	0.0902828927386832	0.069103245445187	0.0626972071405477	0.065246650127282	0.0685708228986491
	12960	0.0541628818794498	0.0662354451533049	0.070722785950535	0.0716574266109243	0.0806909189327732	0.0872407144457774	0.0711718375634268	0.0591367606284987	0.0697227775331325	0.0640983804183837
	12976	0.0493532885134461	0.0675051503955942	0.0673926282139506	0.0707039091621372	0.0835460875436623	0.0867907880468276	0.0704849748773588	0.0584662799026413	0.0701586528056214	0.0631128332263411
	13120	0.0543004509299199	0.0705621511603209	0.0640163162835182	0.0751919945173392	0.0811752749056405	0.0837578710621121	0.0677457628907357	0.0619479840600236	0.0664932575571473	0.0666474162265998
	13136	0.0544106243981218	0.0676624306116198	0.0633626170650297	0.0741812439429845	0.0828087394678029	0.0825404297997065	0.0690364071686814	0.061563965264506	0.0642471623461516	0.0650706419312046
	13280	0.0495796727706327	0.0712368498548955	0.0564965827307054	0.0727823262820405	0.0746876406586794	0.0770250823063216	0.067141790272734	0.068128211679524	0.069400863403372	0.0669595734852972
	13296	0.054503461924796	0.0692901521010586	0.0562378949591214	0.0728688522197582	0.076784335669033	0.0740518867690032	0.0681554936544879	0.063264626533715	0.0691803799577926	0.06545119855608
	13456	0.0430562157665295	0.0658010676348513	0.0694025309393325	0.0543738327142345	0.0680459984324364	0.0857144321888126	0.0731225473539236	0.0736575068224406	0.0473810305462877	0.0693620712835897
	13472	0.0360541737844089	0.0653476523464126	0.109575958732395	0.0491598366737959	0.0691223531597411	0.111970047979119	0.0997803534026094	0.105977251887679	0.0245726450005012	0.0961873979242755
	13632	0.0563102903403892	0.0463211037059893	0.0504100336635171	0.0762498674487763	0.0642349235092657	0.0652801097161201	0.0676540739019781	0.0635679280167963	0.0591800211169986	0.0585143603055003
	13648	0.0516317654797943	0.0544351070573758	0.0502862961432441	0.0606422292095351	0.0637002485808024	0.0633735512485395	0.0724561807687521	0.0635564884593149	0.0594359602207386	0.0565434525423278
	13792	0.0388330142201915	0.0482401836978741	0.0446292715464925	0.0562710780832803	0.0568371875677896	0.0539908498218339	0.0646173647518199	0.058382887516203	0.0500096593877273	0.0442067755829735
	13808	0.0408649318593943	0.0472890184241055	0.0439833381273802	0.0562005534703565	0.0572504747226784	0.0550346595776204	0.0649667025138105	0.0566913973007974	0.0494335494677186	0.0465865940571696
	13968	0.0314909594935612	0.0385817334615656	0.0391025148214883	0.0449044217302671	0.0478958637190108	0.0446494148149352	0.0561134630583796	0.0519875476524131	0.0342959705564031	0.0386372674165961
	13984	0.0421526143530356	0.0553753569560327	0.0489228132168213	0.0670706912157853	0.062784953521288	0.0641824723508324	0.0592020143711735	0.0645577459146193	0.0163796597621017	0.0536487412014
	14144	0.0205007110645907	0.0309444842075901	0.0264848626734342	0.0330918283728271	0.0375328596215069	0.033453474704888	0.0415289415039785	0.0469222759599528	0.0376001565727362	0.0230000046538351
	14160	0.0217224209654986	0.0310516928651243	0.0207290989956615	0.0328803611944557	0.0379614529650347	0.0287632900379364	0.0397502826505255	0.0384725656328387	0.0308086394640844	0.0312506167933546
	14336	0.0274752968455531	0.0217663431486297	0.0262256819489004	0.0282322171046426	0.0275448623120918	0.0373745153221073	0.044001165933502	0.048803130554369	0.0236631554289033	0.0159775102943482
	14352	0.0192085810251378	0.026824973111541	0.0267435630183251	0.0293298702666409	0.0253735145180791	0.0340654465216889	0.0426979263630124	0.0536562387656407	0.0238277705555463	0.0369294051892148
	14512	0.0297840814453805	0.0194915242071658	0.0325700390887544	0.0354666753011785	0.0313445952264236	0.0180582318526114	0.036031747034077	0.0394052745878734	0.0277959527481599	0.0236641709435062
	14528	0.0317463833556707	0.0194721275010923	0.0312091460042654	0.0340451755024632	0.0259364707109907	0.0297038751024142	0.0356273483932422	0.0409562997455398	0.0224151235391903	0.0178939309630912
	14688	0.0228829834264251	0.0299644832172673	0.0228559047761481	0.0249391133589516	0.0395524279974921	0.0210154735668739	0.0301109170082854	0.0283503599876992	0.029535978831	0.028495473800989
	14704	0.023959918343906	0.0291205634333708	0.0228020341578154	0.0260161127342544	0.0326094458139461	0.0250852341459846	0.0263243086668267	0.0239364747246934	0.0199887307264583	0.0133997225536645
	14880	0.0147317197259889	0.0216285840817437	0.0378605842018806	0.0168692069761745	0.0172508129988485	0.0129923444144211	0.0336338324859533	0.0112395390994833	0.0434355542468116	0.0356675386101061
	14896	0.0146857417000048	0.0243699208685626	0.0315565354436838	0.014435574640902	0.0165046737297187	0.0211633834376674	0.0358111011602551	0.0205228366052775	0.0422663251246242	0.0497967375783216
	15072	0.144611740820395	0.101888681821939	0.214463801712181	0.337182841084459	0.33576002573136	0.369176027131105	0.569905222350136	0.624169721499851	0.589710969405021	0.747906276988518
	15088	0.051001892792008	0.0516073729380111	0.736173633989712	0.550359154429691	0.638269965554593	0.595026198770821	0.45518065179605	0.371400207434765	0.555764155719289	0.340608237303808
	15264	0.736050803625635	0.827271096045387	0.0350037398739255	0.0312062631241594	0.0527604577067511	0.0333056636877739	0.0191327574874199	0.0242267521898059	0.0188190180925597	0.0266278477754271
	15280	0.161340472102321	0.165713695426145	0.0367509841724418	0.0283098991043071	0.0486453118023701	0.0282083675287329	0.0272228818808568	0.0238609258282593	0.0281418783293543	0.0398688913700749
	15456	0.0188276431795318	0.0165227197993797	0.0186329470255222	0.0132823131540932	0.0220967703544296	0.0214126785393675	0.019546127001144	0.00640308776453081	0.0186696968373699	0.0200713484334189
	15472	0.0299815587222506	0.0272276864519625	0.0155047926716379	0.0239325180319761	0.022194530961682	0.0159985493059865	0.0187066360907038	0.0122467838215641	0.0187557869541193	0.015701888215766
	15648	0.0168667406108325	0.0885624290643339	0.0341978323826344	0.0148094554627731	0.0322054588557118	0.054960983621296	0.0369917789372243	0.0305176410996409	0.0387360668580106	0.0564649070627761
	15664	0.0169367776626891	0.123545710870324	0.0315500457698202	0.0181931494698112	0.0223876181424955	0.124466414259483	0.0953659789842278	0.0295194627706339	0.1269782474333	0.0177994771114283
	15840	0.04323238189885	0.0218127020578691	0.0608372707336243	0.0977434957385822	0.0994471259594521	0.0197097858177637	0.0226230146338693	0.0706587040024808	0.0216113195280342	0.172931155542184
	15856	0.0227613428316025	0.0357243464786834	0.0406540194445266	0.0145136348089774	0.0386165846058973	0.032860335000125	0.0279383333180744	0.0361864093142124	0.0175404844532341	0.0325426396760587
	16048	0.0324437093271206	0.0207232708054716	0.0182096514061458	0.0312230831724569	0.0181222621249672	0.0125434836396532	0.0189897200256683	0.0202241208322743	0.0413759842729241	0.0161394963465721
	16064	0.0299400995887107	0.0227394742891628	0.0300851868398718	0.0296079936742948	0.116801921832137	0.0252558107700301	0.0195188482695384	0.0315548278638865	0.0356980463568261	0.0133105861135458
	16256	0.181859417992328	0.146021254375591	0.156041158593482	0.100943193040343	0.0108542549129595	0.148029785957308	0.129548932641828	0.0168740879563298	0.143797709523798	0.0488850091330127
	16272	0.0148429457448246	0.0515799907189621	0.0195731865629528	0.035335941592158	0.0131728837404879	0.0133353073190763	0.0182150050065097	0.0315529908478468	0.0535949815060526	0.0195612075918114
	16464	0.0327365518838132	0.0236674351268061	0.0480353697968895	0.0173830057771363	0.0318124302406965	0.0448343155229154	0.0343413691561428	0.0103707325538648	0.0256786534151592	0.0439178458974022
	16480	0.0215065229464561	0.0701648054551485	0.0222656514678146	0.03182327422853	0.0157376117416775	0.0224634723452554	0.0434343027225725	0.0234103260585574	0.0621176914265984	0.0443031108837655
	16672	0.0329348898572605	0.0406137282715463	0.0627762430274071	0.0102685069680061	0.0581000184497812	0.0451356935679189	0.0226435485560746	0.0321175845900393	0.0348378477225119	0.0271832982029597
	16688	0.0216340571417284	0.0612158084305646	0.053744308326032	0.0157570034202764	0.0449397999551823	0.0528475285229329	0.0107216281030655	0.0307770298972419	0.0503417524469959	0.0299680189236912
	16880	0.0423798096094492	0.035887275750272	0.0239077227147721	0.0425650983623354	0.0195302553329992	0.0273155882415264	0.0305183108311991	0.014366769276869	0.0277534593647845	0.0606469015866998
	16896	0.0442564698590655	0.0270019675963935	0.0263768187232367	0.033620073503385	0.0197323746257551	0.0399505799340023	0.0283939338314985	0.0210531124874243	0.0278952020001866	0.0534732075900498
	17088	0.0245013397873696	0.0475696546574453	0.0576912896975474	0.018777891818085	0.0506071388052923	0.019107375604687	0.0115167894362547	0.0580918306717186	0.0558742227268149	0.0341228141044212
	17104	0.0173332208316229	0.0455441551594467	0.0179316440458143	0.0167836891918798	0.0280818610713691	0.0210539613486112	0.0214517418395471	0.0162748308878812	0.0254862923902462	0.0237073012755777
	17312	0.0539101361804844	0.0224966323986837	0.0530203681186763	0.0426554844241141	0.0543352035204054	0.0527162203087311	0.0362512325031397	0.0377707816888798	0.0567628322691534	0.0561048130950413
	17328	0.0634999826016272	0.0303640057334962	0.0536043540138499	0.0454398610751194	0.0585515737854833	0.0610675267042647	0.0391819385212046	0.0262682611217042	0.0719084726796515	0.064044994518369
	17520	0.0168936017335358	0.0592797306122398	0.0277973066531084	0.0226885119208051	0.0371049032595932	0.0286950376877876	0.0159200426266911	0.0215121370403761	0.036202020375579	0.035320761500495
	17536	0.018076598426554	0.0288957683465907	0.0462718692831308	0.0430727505931062	0.0627732011016046	0.0426693149856672	0.0216754321824451	0.0496586645468261	0.0544442571214296	0.0561641733614184
	17744	0.0556235044642348	0.0540494731514664	0.0297042714989245	0.0216936064215673	0.0282565931560002	0.032644678440199	0.0486888189948277	0.0225636776195574	0.0310977137909086	0.0306354572477783
	17760	0.0186715366064672	0.034898365587468	0.0535698721033202	0.0209577367491791	0.0252387384980919	0.021944657156578	0.020677128395718	0.0198471107447406	0.0313055617223793	0.0217171916202447
	17968	0.0644185861561138	0.0661696256023587	0.018045894193975	0.0331751642332313	0.0629407693167364	0.0579206183591315	0.0545997075576955	0.0476993772828773	0.056952006395843	0.0809735069906712
	17984	0.116676546536074	0.120697982660508	0.0250421696648451	0.0772331288310787	0.111101105978612	0.110148816538304	0.0600285109259869	0.0904696698223033	0.0983147048897537	0.147831943565059
	18192	0.0271012432275404	0.028151406716053	0.0915065579550785	0.029881696225139	0.0285577974004657	0.0446590057377806	0.033851220109315	0.0358962095640934	0.0405172869944655	0.041236874925403
	18208	0.0639585813748991	0.10355008016283	0.0829880647294116	0.0388969284073813	0.0294333226054716	0.0622779962708549	0.0362580965150114	0.0274630321234922	0.0347990531241543	0.0778545164950969
	18432	0.0370236890658165	0.0203736112407653	0.0354877504601242	0.0210515948106062	0.0714827157799999	0.0356706516156653	0.0692159777431325	0.0748584779076827	0.0718612407064758	0.0314832266347778
	18448	0.0421313677224224	0.032917854124197	0.0313363674997816	0.0149791666946127	0.0684374883265751	0.0371679947544179	0.049566697075919	0.054073107283989	0.0255430266477811	0.0447493655570207
	18656	0.0912842931882065	0.111211930761643	0.114015046379678	0.0729053692195267	0.0253682914893927	0.101621787862526	0.0720696842530735	0.0899224086376583	0.0643520045572464	0.10641357622373
	18672	0.164369866487521	0.271471890105839	0.147141934602593	0.0487425718898695	0.0462423343626481	0.0745622337006108	0.0336769729078069	0.0509161437110234	0.057127338700842	0.140722885563363
	18896	0.0876910362770595	0.0684773737986606	0.0654876573007828	0.240865930547222	0.190983160534865	0.22443151498566	0.139116818376614	0.229322527048445	0.212920194495116	0.339703001732649
	18912	0.0563975151548421	0.313698736006495	0.181157055057927	0.170505896945447	0.19615051517292	0.0321708252686006	0.052993240057209	0.119474549508695	0.0501780075158339	0.120369196036141
	19136	0.237785916529996	0.0567406627248779	0.0638107897370236	0.0600296687793618	0.0367973785766209	0.102615271720772	0.11554344214349	0.0497918891677494	0.095390269215112	0.0539832318134984
	19152	0.151584111018425	0.0581199594463572	0.131833539336338	0.0432556088437885	0.110317535068666	0.13589223666496	0.113571339262116	0.156039279769034	0.133940398571476	0.10457613860173
	19376	0.031006869429819	0.179716749907618	0.0473517534138259	0.132198251803627	0.0467629091111363	0.0259161125784991	0.0586336497451052	0.0547096026334773	0.0304785885305396	0.0529061763728609
	19392	0.0538247985950132	0.153395408243875	0.0465799138653683	0.0534866623509782	0.0614199604513544	0.0381990941029642	0.0504679007929488	0.0803206769743105	0.101227769101163	0.079626267450404
	19632	0.159031706288832	0.0714062619895366	0.101906843302754	0.147134543205224	0.174967131562988	0.120230842212472	0.146454719631035	0.175586111526606	0.0362777954253076	0.164814433958118
	19648	0.199861480849816	0.157821797804082	0.0843563782968275	0.0542513898515953	0.066810772529757	0.0596351182369357	0.170408937888182	0.0650010180740291	0.0253565197409309	0.0779392356432535
	19872	0.0751644789617705	0.0775805611390355	0.163433243120038	0.236521618310452	0.220669871893143	0.14015714624796	0.0991168002097085	0.162072676576399	0.158003182625687	0.151560479794448
	19888	0.129442157015973	0.121105540183512	0.126422851024571	0.147052525805784	0.116278214427136	0.108685790018158	0.0881523597474116	0.0970951960744882	0.0965171833862981	0.0735477823213751
	20000	0.535155895326028	0.241911650593763	0.426073260820009	0.676154946339028	0.358914200517134	0.564072854508583	0.163775469347654	0.699197067091769	0.363402020740065	0.557175813689666
RNB		#1	#2 NG	#3	#4 NG	#5	#6	#7	#8	#9	#10
	8.15491570800841	9.85289894487255	17.2605609165559	10.1239310200897	9.71449982612631	10.6777338332162	12.2227801384747	10.4040642059113	11.0178432595369	9.96262052008864	10.7545077095008
	11.3097882222291	9.66239514121274	18.6403977277422	9.55082315217167	10.3935621019058	11.8212631192739	11.4204260722528	9.91644906671585	9.54967283824389	10.1547217211909	9.6212977999578
	14.4648636736985	8.94611579488816	19.3901049366326	8.8062841932115	9.20217887116699	8.88575996355931	10.9284799246057	9.05368277293116	9.24308267337694	8.81844480119417	8.22934809161998
	17.619786166023	8.73481807562251	20.3841159646822	8.62916368774928	8.55475433631129	7.89221265148231	11.3226771778681	8.58186693846216	10.0172140263087	9.48499611872221	9.07304209335435
	20.774736205165	8.09252294875779	20.8127581031349	8.42333485626402	8.66307754981125	8.14688842217762	10.3991288897613	8.02354345129238	8.86082642223171	8.02527958892785	7.95428036382019
	20.6026393458902	8.10564694671316	20.7676671862363	8.41440905418838	8.7077265929583	8.13254523003489	10.4958158007686	8.03258550997634	8.90446899050049	8.09259383060126	7.97843296019508
	20.8647656272868	8.08856169275618	20.8378346163993	8.43001901601984	8.63477892023862	8.15397956945833	10.3452159149554	8.02146380785925	8.84203063136165	7.99416642075635	7.94725658624644
	21.130226927379	8.08613319414939	20.9151072938111	8.4556262479332	8.5362358190679	8.17330787084142	10.1765312720254	8.02365702711223	8.80017171022247	7.91679313359611	7.94446794905443
	21.3990656774319	8.092441925924	20.9905067835396	8.484841246485	8.42795754447197	8.18991575216972	10.0061894796198	8.0332269024253	8.77361506054453	7.85777422657874	7.95857510599973
	21.6713248485611	8.1009754506604	21.05329601582	8.51003966567205	8.33123885887284	8.20259484118509	9.85937389930949	8.04339602407455	8.75716988173671	7.81561550562634	7.97692047920623
	21.9470479586016	8.10741548049012	21.0989429868927	8.52664980872289	8.25877801530891	8.21088650361627	9.75113434477002	8.0495173194592	8.74643522776509	7.78777914814077	7.99133505813792
	22.2262790790632	8.11090737907628	21.1324112635987	8.53501399903793	8.20616469209082	8.2157159720261	9.67395998012096	8.05038575550516	8.73812970721921	7.76954712753951	8.00062987270335
	22.5090628421756	8.11289781857933	21.1649761327151	8.53836799116425	8.15608640561791	8.21880605211789	9.60302439668469	8.04675704323862	8.7298300758919	7.75508382395963	8.00836293457959
	22.7954444480215	8.11494891593924	21.2092144383681	8.53925801935103	8.08779267785319	8.22165093291557	9.50914313856492	8.03854737840994	8.71917949659458	7.73904615662754	8.01878066449734
	23.0854696717623	8.11649040039883	21.2737221690797	8.53585058226761	7.98727023729988	8.22446098850484	9.3728236854911	8.02194577263103	8.70309372988132	7.71827053613771	8.03266364560502
	23.379184870954	8.11344256776936	21.3577056928913	8.51988712769496	7.85769965655519	8.22545932834238	9.19892811764327	7.98826803880451	8.67786485555805	7.69353010919543	8.04440632306334
	23.6766369929574	8.10011212923204	21.4501395401066	8.48075937583971	7.72164104398418	8.22175956577209	9.01999024774482	7.92834304271657	8.64111626778013	7.66938524935997	8.04435383019575
	23.9778735824421	8.07463127096629	21.536428654977	8.41616567485684	7.60646887931115	8.2120105959051	8.87486746612118	7.84241227067393	8.59493228263709	7.65074057106139	8.02715056105537
	24.2829427889861	8.04238744311158	21.6060766880398	8.3389289009007	7.52569827564449	8.19803941774055	8.7804058889017	7.74593791206495	8.54678275041893	7.63932031471996	7.99753245357516
	24.5918933747718	8.01234430455211	21.6556169587634	8.26953339060578	7.47548066103105	8.18311441671905	8.72707836329606	7.66128097722308	8.505345463565	7.63367645767628	7.96599842906648
	24.9047747223801	7.98995311067302	21.6877069843365	8.22092363372063	7.4444914353513	8.16872333844761	8.69640326556198	7.60168366297356	8.47440937729633	7.63160056169292	7.93943960272691
	25.221636842684	7.97439233068706	21.7082933734145	8.19223706653902	7.42300928691887	8.15325646837401	8.67543247651777	7.56493744017474	8.45116149481771	7.63188499918267	7.91697920206329
	25.5425303828423	7.96069631806269	21.7239212519398	8.17378273187056	7.40514537793667	8.13257426923096	8.6588470483518	7.53906453176813	8.42867636928407	7.63458585445989	7.89197870681381
	25.8675066343948	7.94230323679062	21.7406202161598	8.15350255506209	7.38726232065584	8.10041941987495	8.64542660428831	7.50931414725352	8.3981957406043	7.64072193866798	7.85463739643124
	26.1966175414605	7.91266976637679	21.7635836943284	8.12126473397232	7.3660069574695	8.04843205470044	8.63444642803631	7.4626632992141	8.35031696882102	7.65195004506829	7.793492361662
	26.5299157090412	7.86809733195412	21.7957224566324	8.07408925204374	7.33758880588404	7.96850212153278	8.62300119110839	7.39388464555108	8.27820426575702	7.66969515696824	7.69947207771298
	26.867454411429	7.81247856668295	21.8347515274209	8.02091388151856	7.30009196518147	7.86110172658653	8.60620550562292	7.31265796063615	8.1849262841928	7.69301342815001	7.57578737307648
	27.2092876007221	7.75786154744022	21.8730678531596	7.97628366717173	7.25780152294779	7.74371335449469	8.5823629899501	7.23885214457764	8.08720961740183	7.71692678055935	7.44453309551307
	27.5554699154482	7.71574481375066	21.9036846920723	7.9454430365864	7.21971518865618	7.64207169117914	8.55585424626602	7.18421729547469	8.0041546608035	7.73493941545722	7.33323757980074
	27.9060566892982	7.68964320998586	21.925168373525	7.92293504962875	7.19143020544108	7.56993381473299	8.53101183740525	7.1460650636919	7.94254318609823	7.74337007816795	7.25398813816703
	28.2611039599707	7.67740677779941	21.9401940517346	7.90264110070596	7.17164232653014	7.52393069468761	8.50649968951372	7.11729365881583	7.89683110520893	7.74179969920963	7.2015265404531
	28.6206684781287	7.67614396889625	21.9523778021254	7.88217015956548	7.15510254237098	7.49251854701157	8.47621055681523	7.09338882399923	7.85689589040978	7.73079528062208	7.16371941986922
	28.9848077164711	7.68415129314742	21.964848539718	7.8616497350951	7.13569214230552	7.46328183997361	8.43186048261886	7.07267254790313	7.81255931742188	7.71042079676339	7.12844140855111
	29.3535798789188	7.70050545025928	21.9797203161399	7.84230432914121	7.10786073617449	7.42546474903587	8.36501668732663	7.05509285138428	7.75507699384974	7.68033792042569	7.0856085301258
	29.727043909918	7.7234798106299	21.9969874057993	7.82575225658196	7.06850705820117	7.37229966766227	8.27104113270695	7.04141222019024	7.67970896947423	7.64126037035142	7.02927136398398
	30.105259503862	7.74853111628207	22.0126955804874	7.81344550870322	7.02012941383151	7.30522210464985	8.15593090742508	7.03262576991759	7.59062046269925	7.59718820344492	6.96165401964977
	30.4882871146326	7.76819203884597	22.0187066208695	7.80621538149593	6.97126048879774	7.23455146258134	8.03785718827672	7.02956651136571	7.50167403330374	7.55548080280394	6.89377534389617
	30.8761879652634	7.77552051782667	22.0057373117754	7.80352333383114	6.93085571251801	7.17197747018519	7.93504489639877	7.03231730071822	7.42690396824184	7.52211114385013	6.83786849883035
	31.2690240577251	7.76702613318263	21.9660102092096	7.80281956741228	6.90307790302647	7.12346169095187	7.85328837055613	7.0396715748218	7.37113056934018	7.49731059779799	6.8001277777296
	31.6668581828362	7.74197624657048	21.8930711872853	7.80030527134659	6.88780843652147	7.0895883153823	7.78717476313447	7.04957798496637	7.33099825586481	7.47679821581404	6.78108405215125
	32.0697539302995	7.7013452612418	21.7822328408828	7.79230884391138	6.88312534984017	7.06876971630251	7.72762385678777	7.05981490106208	7.30034013169104	7.45523940040394	6.77862604593161
	32.4777756988662	7.64898114083365	21.6342606088856	7.77618938113953	6.88639016681106	7.05915887333488	7.66716793211513	7.06801131278346	7.27343156220491	7.42847304217768	6.78910751043203
	32.8909887066294	7.59294445063813	21.4586241992523	7.75092577620923	6.89434933243732	7.05908223658179	7.60206328510329	7.07168857081966	7.24605135843458	7.39451369251343	6.80720933673615
	33.3094590014485	7.54298950075102	21.2683488512199	7.71768470148598	6.9036434928341	7.06672980090251	7.53204602412628	7.06940585039728	7.21582442626632	7.35393256427455	6.82673041576589
	33.7332534715062	7.50513210166631	21.0684220681304	7.68085352803405	6.91174845377326	7.07952957795031	7.45977470240591	7.06275015108611	7.18289566175827	7.31051373431021	6.84215024169539
	34.162439856	7.47951142909898	20.8513258367	7.64866972221536	6.91727083914652	7.09385406875654	7.39120984494362	7.05700186116923	7.15044246234704	7.27178595397958	6.84918709335142
	34.5970867559698	7.46253767033801	20.6015801563015	7.630276265107	6.91974020583967	7.10605028793681	7.33350794831311	7.05881502148902	7.12298868020737	7.2462846909778	6.84512460907627
	35.0372636452627	7.44948936987949	20.3045253056033	7.63020210217634	6.91956117293649	7.11397830258849	7.29060184957209	7.07291801516053	7.10342085349591	7.23841118327774	6.83002819143763
	35.4830408816378	7.43582037525598	19.958936639898	7.64533251002741	6.91800865774863	7.11735092184001	7.2614745175113	7.10120071890582	7.09176217277634	7.24586336239232	6.80780107370465
	35.9344897180124	7.41710376544267	19.5791587271813	7.66695779242477	6.91696489541541	7.11689390544368	7.2416875903417	7.14521871482063	7.08604129818097	7.26168364259655	6.78525005340843
	36.3916823138506	7.38846350241267	19.1689309394953	7.68664442940466	6.91825725219478	7.11323954691453	7.22573994926362	7.21049846118882	7.08382749213809	7.2793718096404	6.76841156749122
	36.8546917466977	7.34609773481644	18.6960556592739	7.69983369012543	6.92285837020855	7.1064462564709	7.20888449001553	7.30801054894905	7.08299898028226	7.29606002076314	6.75929856812999
	37.3235920238608	7.29214717496541	18.1187784330904	7.70342666065037	6.93032125766045	7.09657927560232	7.18818065652379	7.44832194608912	7.08128267732416	7.31060242469913	6.75626571449812
	37.7984580942378	7.23705835415442	17.4407071171629	7.69373427082519	6.93883783857285	7.08456701206229	7.16319185335662	7.62977934161468	7.0763086591488	7.32111705171712	6.7562449245881
	38.2793658602976	7.19306630457357	16.725293479689	7.67015087188242	6.9462409026804	7.07225147985876	7.13617808121674	7.83023139815673	7.06745026218406	7.32649143618375	6.75634015860189
	38.766392190212	7.16571527922233	16.0531226982485	7.63804519234894	6.95109173543092	7.06162165500621	7.11089294803521	8.01545779503623	7.05695577844859	7.32872647654464	6.75426442629759
	39.2596149301425	7.15390340802349	15.4579093419753	7.60397257832181	6.95278378843215	7.05381482969676	7.08989926453495	8.16315488675576	7.04791328238897	7.33194538368784	6.74780841020245
	39.7591129166834	7.15538191884191	14.8893411633843	7.56889999226166	6.95102430378938	7.04867113639095	7.07265483261036	8.27740946204629	7.04154703394159	7.33977932041037	6.73428549545804
	40.2649659894624	7.16876797917681	14.2391822725517	7.52788926795846	6.94576408407301	7.04535906916358	7.05641286296276	8.37733357126128	7.03725792827698	7.35402782359525	6.7115857304477
	40.7772550039028	7.19078378990415	13.4223893289087	7.47592287583483	6.93800134055103	7.04345384957665	7.0389183024346	8.4746583333288	7.03437441551618	7.37406457802077	6.68117171691149
	41.2960618441471	7.21485665245683	12.4610238017979	7.41547151606296	6.93045457480446	7.04346542525621	7.02084935537289	8.56382581328064	7.03270232895379	7.39690183593306	6.64940728749087
	41.8214694361452	7.23496253702922	11.4866560149046	7.35778899669172	6.92667834727654	7.04652498162921	7.00569222618199	8.63289264704915	7.0315604736292	7.41945166276513	6.62351568858134
	42.3535617609096	7.24914988378464	10.6382336746617	7.31252402037675	6.92946978466886	7.0538779462879	6.99641199764387	8.67850438932168	7.02954680719798	7.44106217527458	6.60692464657573
	42.8924238679387	7.25822714240351	9.97577061093219	7.27817032762297	6.94044004703357	7.06667924027971	6.99289247971939	8.70774225847854	7.02536899107828	7.46331186212347	6.59970323786735
	43.4381418888112	7.26335961009904	9.48832803717641	7.24535827474051	6.96010516844618	7.08565735586562	6.99284194809298	8.73076640130304	7.01837432101681	7.48832019982224	6.6008559846725
	43.9908030509531	7.26537709028668	9.13696638224339	7.20679294014698	6.98681121004974	7.11006124973258	6.99401151605113	8.75264174257795	7.00898655661844	7.51747767706265	6.60855496608132
	44.5504956915805	7.26486035854994	8.88226076239732	7.16264500588742	7.01551304917479	7.13667638919739	6.99511089171415	8.76987691498556	6.99909443712032	7.55084106147079	6.61949657208421
	45.1173092718191	7.2620840410274	8.69352614937217	7.11677432930248	7.04001223936006	7.16153725351886	6.99548289394125	8.77421404905659	6.99122142228337	7.5883625961102	6.63000760417299
	45.6913343910036	7.25711413105179	8.54694041286112	7.07126546411318	7.05743280924165	7.1835546012314	6.99535895816143	8.75644980234608	6.98707542546414	7.63243076157451	6.6379198864692
	46.2726628011595	7.25011400318807	8.42367832864039	7.02628130774598	7.06898384303184	7.20488565482122	6.99601369059862	8.70746227040887	6.98719193815294	7.68696744613083	6.6429202710193
	46.8613874216681	7.24148375785074	8.31182952327196	6.98220597344982	7.07712446988564	7.22764579614448	6.99857390484032	8.622271401298	6.99110695990174	7.7522451734018	6.64625669951058
	47.4576023541193	7.23172314782442	8.20737068915088	6.94102433842853	7.08309550108814	7.2509451567271	7.00268026440359	8.50605634162968	6.99710869315283	7.82092431638457	6.65092784211987
	48.0614028973523	7.22101101999781	8.11085470176507	6.90595786518233	7.08643109263262	7.27102118054044	7.00646219350699	8.37398238568167	7.00226227760483	7.88091642100416	6.6614503768194
	48.6728855626885	7.20893868544277	8.02187473454264	6.87974273341346	7.08626245985459	7.28425460928057	7.0080005624918	8.24155658709391	7.00345214072537	7.92359033926475	6.68214650597907
	49.2921480893577	7.19498642433967	7.93703791265376	6.86395157032689	7.08329490099504	7.2899620617045	7.0069916980762	8.11541964892349	6.99854458421158	7.94915957402616	6.71473326604474
	49.9192894601204	7.17927840677427	7.85277781787398	6.85993692944707	7.08084927226252	7.29046774346449	7.00509621451861	7.99407651822681	6.98644316819624	7.96531362741864	6.7573167826225
	50.55440991709	7.16239762855174	7.76827657242067	6.86884648551651	7.08363044558778	7.28864467123113	7.00442879397901	7.87386268188269	6.96617837101014	7.98167442163756	6.80646377914759
	51.1976109777545	7.14438205045518	7.68652304999986	6.88934295235315	7.09448709755219	7.28481224223149	7.00510444518506	7.75366208699719	6.9363878170537	8.0036694423398	6.86046138605995
	51.8489954512037	7.12468971055842	7.61528400606802	6.91560445972799	7.11180838555722	7.27611300250319	7.00445475740793	7.63811383473277	6.89662935119346	8.03012555178264	6.91877451263456
	52.508667454562	7.10341146093679	7.56521724690899	6.93884341068798	7.1296145488058	7.25963827439769	6.99937660886791	7.53551772011253	6.84972138548723	8.05694347550604	6.97809770725598
	53.1767324296303	7.08172884739114	7.54515611267782	6.95100180941414	7.13989973067958	7.23516246088074	6.98884847353241	7.45055448206858	6.80157676706946	8.08246963124235	7.03142467409164
	53.85329715974	7.06068575756964	7.56043057034854	6.94751399071613	7.13604823850251	7.2036043857758	6.97345512414088	7.38095661538272	6.75688585357134	8.10865584326026	7.07263539845686
	54.5384697868211	7.04056094930143	7.61319771483298	6.92912637195289	7.11592094097028	7.16523491666147	6.95429787107753	7.32202217640568	6.71602394802443	8.13790456890983	7.10009755564926
	55.2323598286875	7.02201176958136	7.698231034045	6.90238260683439	7.08356238963481	7.12205565387881	6.93378266296034	7.27327479580187	6.67782181130528	8.16914950728179	7.11530237535291
	55.9350781965426	7.0059497851779	7.79784742225262	6.87592753686381	7.04818268987955	7.07963677617049	6.91535462541983	7.2384803166481	6.64285954257513	8.19690430931945	7.12196313199041
	56.646737212707	6.99190432378397	7.89129106973525	6.85497988773073	7.01886817541066	7.0433470494525	6.90105513554769	7.22002960049532	6.61195944352605	8.21481515252049	7.12581911667507
	57.3674506285723	6.97817499210364	7.97036405526087	6.84026496808475	6.99961053968084	7.01435700635733	6.8905637937488	7.21635334746733	6.5839779263338	8.21998412166801	7.13137965396131
	58.0973336427827	6.96360954449338	8.03702443717153	6.83031367142726	6.99066793853439	6.99205569080768	6.88273304029819	7.22267178960415	6.55803826457881	8.2141211744391	7.1387004085562
	58.836502919649	6.94850727346413	8.09092397763599	6.82347963931981	6.9928874424289	6.97823928640954	6.87695589257175	7.23136517062114	6.53651238523685	8.2019269612219	7.14390276675648
	59.5850766077956	6.93362649609937	8.12860615168982	6.818972345723	7.00869489434357	6.97592388576515	6.87307678489273	7.23423246488253	6.52299935890625	8.18834510029675	7.14269936590241
	60.3431743590454	6.91899678079237	8.15099586593388	6.81638826256214	7.03956540383774	6.98528695090894	6.87126421433089	7.22739467020036	6.51861645640119	8.17723303984993	7.13305058393449

## THD
Hz	TOP Poron Normal press_#1	TOP Poron Normal press_#2	TOP Poron Normal press_#3	TOP Poron Strong PRESS_#1	TOP Poron Strong PRESS_#2	TOP Poron Back to Normal Press_#1	Bottom Poron Normal press_#1	Bottom Poron Normal press_#2	Bottom Poron Normal press_#3	Bottom Poron Strong PRESS_#1	Bottom Poron Strong PRESS_#2	Bottom Poron Back to Normal Press_#1
20	2.838	2.154	1.271	2.603	2.508	4.087	1.815	2.701	4.962	3.276	5.946	2.933
21.2	0.714	6.919	2.059	5.278	2.995	3.11	1.094	1.253	1.476	6.414	3.122	1.672
22.4	2.339	6.102	1.46	5.127	5.833	4.025	1.027	0.767	1.871	3.4	2.727	2.051
23.6	2.95	6.173	3.673	2.877	2.878	3.993	1.744	1.431	1.125	2.038	1.194	1.918
25	1.4	5.311	2.604	3.897	3.749	3.276	0.941	0.942	0.457	0.711	0.988	1.113
26.5	1.337	3.921	3.94	1.875	1.362	6.744	0.946	1.234	0.443	1.105	1.53	0.808
28	3.666	2.206	1.351	2.318	1.919	1.913	1.475	0.571	0.769	0.227	1.406	0.961
30	3.145	1.312	1.201	2.818	2.32	2.434	1.046	1.14	0.594	0.202	0.146	0.796
31.5	0.676	0.735	1.718	1.541	1.527	1.432	0.564	0.627	0.54	0.919	1.38	0.487
33.5	1.593	2.933	2.047	0.695	1.383	1.503	0.524	0.273	0.153	0.901	0.985	0.374
35.5	1.257	2.378	1.647	0.82	0.886	2.136	0.623	0.263	0.594	0.453	0.417	0.403
37.5	1.319	0.655	1.958	1.023	0.731	1.304	0.532	0.718	0.311	0.511	0.511	0.537
40	0.977	1.813	1.378	1.332	1.267	0.977	0.332	0.419	0.289	0.307	0.631	0.443
42.5	0.76	0.711	1.937	1.154	0.507	1.894	0.234	0.288	0.146	0.227	0.341	0.256
45	0.603	1.213	0.779	0.505	1.632	1.584	0.182	0.416	0.317	0.121	0.278	0.205
47.5	1.614	1.018	0.706	1.585	1.073	2.27	0.116	0.332	0.35	0.1	0.369	0.193
50	0.997	1.529	0.842	1.914	1.459	2.563	0.349	0.094	0.341	0.216	0.139	0.304
53	1.231	1.418	1.76	1.555	1.489	0.993	0.114	0.172	0.17	0.314	0.286	0.29
56	0.492	0.77	0.517	1.62	0.621	2.449	0.184	0.33	0.273	0.22	0.418	0.233
60	0.795	0.811	1.222	0.824	1.108	0.845	0.203	0.277	0.307	0.315	0.46	0.387
63	0.417	0.974	1.31	0.871	0.987	1.426	0.305	0.17	0.402	0.35	0.316	0.216
67	0.635	1.032	1.078	0.334	0.777	1.079	0.248	0.192	0.218	0.215	0.337	0.205
71	0.243	0.657	1.528	1.273	0.769	1.301	0.171	0.149	0.138	0.221	0.276	0.163
75	0.451	0.81	0.405	0.784	1.105	0.594	0.144	0.141	0.195	0.156	0.195	0.102
80	0.349	0.527	0.708	0.702	0.313	0.938	0.224	0.229	0.335	0.289	0.434	0.197
85	0.673	0.576	0.884	0.773	0.386	0.512	0.257	0.314	0.238	0.378	0.41	0.274
90	0.765	0.243	1.317	0.331	0.688	0.259	0.168	0.209	0.269	0.204	0.345	0.151
95	0.253	0.369	0.769	0.462	0.28	0.82	0.24	0.307	0.245	0.207	0.232	0.214
100	0.669	0.913	0.905	0.353	0.452	0.3	0.319	0.228	0.216	0.333	0.258	0.25
106	0.408	0.466	1.121	0.407	0.663	0.612	0.253	0.149	0.113	0.258	0.479	0.215
112	0.476	0.583	0.556	0.353	0.144	0.184	0.2	0.237	0.359	0.322	0.392	0.187
118	0.547	0.409	0.781	0.732	0.35	0.357	0.1	0.163	0.232	0.366	0.179	0.231
125	0.231	0.796	0.507	0.8	0.213	0.266	0.368	0.201	0.203	0.175	0.372	0.195
132	0.623	0.643	0.36	0.499	0.718	0.783	0.219	0.17	0.229	0.182	0.271	0.171
140	0.328	1.164	1.371	0.483	0.458	0.317	0.209	0.078	0.307	0.301	0.391	0.237
150	0.637	1.231	1.329	0.153	0.442	0.242	0.276	0.292	0.125	0.506	0.367	0.314
160	0.605	1.572	1.825	0.289	0.489	0.312	0.188	0.114	0.354	0.131	0.106	0.125
170	0.467	0.496	0.406	0.459	0.374	0.257	0.107	0.123	0.228	0.12	0.257	0.16
180	0.28	0.341	0.359	0.309	0.124	0.41	0.136	0.216	0.279	0.12	0.176	0.237
190	0.373	0.443	0.426	0.346	0.338	0.333	0.129	0.089	0.217	0.144	0.266	0.171
200	0.432	0.417	0.391	0.402	0.359	0.274	0.238	0.122	0.186	0.25	0.077	0.145
212	0.356	0.553	0.505	0.402	0.188	0.27	0.285	0.24	0.092	0.506	0.06	0.099
224	0.441	0.203	0.356	0.134	0.111	0.18	0.176	0.1	0.139	0.065	0.361	0.077
236	0.149	0.314	0.218	0.234	0.103	0.194	0.193	0.133	0.198	0.114	0.057	0.259
250	0.297	0.15	0.257	0.126	0.22	0.169	0.233	0.14	0.14	0.16	0.326	0.107
265	0.259	0.383	0.186	0.161	0.146	0.278	0.284	0.33	0.107	0.23	0.257	0.144
280	0.088	0.14	0.195	0.154	0.307	0.159	0.095	0.153	0.124	0.156	0.151	0.136
300	0.224	0.321	0.165	0.323	0.217	0.182	0.075	0.097	0.158	0.167	0.091	0.227
315	0.21	0.323	0.315	0.344	0.363	0.218	0.193	0.226	0.155	0.232	0.156	0.179
335	0.271	0.205	0.344	0.194	0.166	0.257	0.192	0.168	0.208	0.194	0.184	0.115
355	0.282	0.127	0.283	0.245	0.208	0.329	0.15	0.231	0.122	0.274	0.345	0.274
375	0.294	0.177	0.264	0.346	0.151	0.284	0.324	0.169	0.085	0.368	0.25	0.081
400	0.221	0.173	0.304	0.451	0.077	0.285	0.24	0.076	0.276	0.414	0.325	0.176
425	0.19	0.318	0.232	0.383	0.253	0.122	0.155	0.251	0.107	0.229	0.244	0.089
450	0.241	0.129	0.223	0.103	0.195	0.099	0.295	0.165	0.179	0.191	0.208	0.204
475	0.11	0.256	0.235	0.17	0.262	0.225	0.315	0.157	0.123	0.182	0.23	0.214
500	0.406	0.331	0.158	0.185	0.188	0.264	0.273	0.324	0.086	0.431	0.213	0.344
530	0.126	0.336	0.214	0.146	0.155	0.047	0.191	0.273	0.245	0.19	0.253	0.188
560	0.173	0.288	0.241	0.209	0.162	0.201	0.241	0.286	0.39	0.259	0.345	0.082
600	0.152	0.289	0.538	0.196	0.257	0.222	0.271	0.207	0.245	0.247	0.203	0.094
630	0.287	0.373	0.203	0.125	0.245	0.29	0.177	0.243	0.162	0.467	0.182	0.289
670	0.167	0.29	0.238	0.288	0.231	0.177	0.152	0.285	0.159	0.435	0.178	0.115
710	0.207	0.183	0.279	0.211	0.231	0.186	0.18	0.142	0.163	0.253	0.404	0.113
750	0.234	0.173	0.226	0.157	0.193	0.298	0.241	0.267	0.205	0.27	0.259	0.255
800	0.342	0.195	0.28	0.384	0.169	0.452	0.372	0.334	0.271	0.348	0.286	0.058
850	0.279	0.122	0.283	0.354	0.26	0.233	0.19	0.229	0.3	0.197	0.305	0.145
900	0.236	0.217	0.221	0.211	0.219	0.242	0.153	0.279	0.193	0.191	0.25	0.267
950	0.242	0.264	0.319	0.2	0.272	0.214	0.185	0.276	0.317	0.326	0.163	0.158
1000	0.143	0.254	0.239	0.261	0.244	0.144	0.112	0.268	0.286	0.223	0.212	0.298
1060	0.284	0.308	0.204	0.264	0.244	0.314	0.126	0.05	0.274	0.275	0.271	0.177
1120	0.242	0.141	0.173	0.103	0.262	0.216	0.18	0.205	0.228	0.23	0.339	0.101
1180	0.368	0.098	0.418	0.178	0.17	0.356	0.17	0.506	0.37	0.275	0.388	0.403
1250	0.292	0.166	0.128	0.226	0.337	0.382	0.311	0.155	0.367	0.208	0.361	0.23
1320	0.245	0.118	0.285	0.3	0.234	0.355	0.452	0.311	0.227	0.475	0.488	0.27
1400	0.29	0.355	0.325	0.29	0.505	0.48	0.43	0.252	0.266	0.138	0.401	0.526
1500	0.39	0.464	0.253	0.423	0.379	0.262	0.232	0.369	0.268	0.675	0.48	0.158
1600	1.037	0.207	0.58	0.645	0.368	0.531	0.893	0.701	0.91	0.426	0.432	0.244
1700	0.681	0.772	0.356	0.457	0.911	0.608	0.45	0.461	0.229	0.254	0.579	0.847
1800	1.091	1.173	1.312	0.463	0.516	0.991	0.869	0.629	0.804	0.831	1.56	0.56
1900	0.71	0.985	0.742	1.062	1.704	0.255	2.36	0.899	0.536	0.964	1.036	0.909
2000	0.54	1.38	1.04	0.599	0.646	0.53	0.62	0.437	0.566	0.71	0.634	0.828
2120	0.788	0.947	0.521	0.549	1.19	0.492	0.587	0.619	0.504	0.516	0.382	0.472
2240	0.783	0.245	0.458	0.428	0.448	0.877	0.682	0.552	0.241	0.717	0.501	0.902
2360	0.418	0.506	0.67	0.908	0.465	0.39	0.891	0.638	0.676	0.718	0.527	1.158
2500	1.014	1.087	0.518	0.396	0.799	1.017	1.101	0.22	0.907	0.494	0.666	0.694
2650	0.752	1.253	0.678	1.48	0.644	0.615	1.022	0.994	1.637	1.008	1.219	1.142
2800	0.957	1.145	1.573	1.661	1.513	1.277	1.383	0.974	0.999	1.125	2.003	1.588
3000	1.685	1.111	1.04	0.277	0.694	0.876	0.699	1.154	0.766	0.47	0.366	1.491
3150	1.638	1.401	1.514	0.363	1.123	1.313	1.323	2.17	0.575	0.559	1.158	0.792
3350	2.115	2.406	2.285	1.005	1.452	3.689	1.689	1.301	2.888	0.947	0.672	1.139
3550	1.98	0.667	2.294	1.687	3.64	1.861	0.95	1.809	0.407	2.38	3.512	0.445
3750	0.774	0.583	4.068	2.073	1.97	2.734	2.012	1.357	3.816	2.371	13.346	1.231
4000	2.971	0.639	2.823	2.87	4.758	2.855	1.232	0.331	0.53	2.672	4.427	0.313
4250	0.78	0.462	0.644	0.361	0.479	0.614	0.498	0.934	0.602	0.651	0.662	0.413
4500	0.463	0.421	0.331	0.57	0.508	0.681	0.58	0.522	0.653	0.438	0.411	0.696
4750	0.621	0.643	0.85	0.702	0.572	0.633	0.936	0.634	0.937	0.242	0.725	0.733
5000	1.008	1.034	0.604	0.975	2.003	1.12	1.385	2.123	0.792	0.659	0.342	0.992
5300	0.724	0.673	0.47	0.983	1.222	1.137	0.319	0.261	0.472	1.114	1.393	0.686
5600	1.06	0.558	0.476	0.785	0.614	0.788	1.161	1.024	0.554	1.744	0.863	0.875
6000	1.747	0.89	1.516	1.802	1.808	1.667	0.67	0.888	1.394	2.724	2.937	0.819
6300	0.777	0.483	0.642	0.796	0.772	0.545	0.409	0.3	0.722	0.985	1.392	0.651
6700	0.451	0.568	0.39	0.403	0.496	0.295	0.465	0.491	0.353	0.347	0.721	0.609
7100	0.415	0.406	0.386	0.471	0.424	0.448	0.476	0.45	0.352	0.46	0.443	0.44
7500	0.578	0.38	0.565	0.566	0.569	0.535	0.55	0.596	0.57	0.627	0.621	0.656
8000	0.663	0.47	0.897	0.867	0.943	0.907	0.996	0.9	0.899	0.966	1.157	1.125
8500	2.701	2.521	3.001	2.766	2.677	2.977	3.962	3.75	3.649	3.382	3.378	3.425
9000	1.388	1.349	1.555	1.594	1.64	1.807	1.524	1.632	1.43	1.172	1.224	1.496
9500	1.18	1.321	1.185	1.326	1.477	1.518	1.533	1.553	1.417	0.883	0.942	1.427
10000	1.602	1.48	1.628	1.818	1.922	1.882	1.689	1.766	1.775	1.106	1.144	1.922
10600	0.748	0.57	0.644	1.089	0.974	0.982	0.471	0.462	0.48	1.407	1.35	0.755
11200	0.114	0.058	0.102	0.373	0.315	0.308	0.049	0.081	0.065	0.434	0.416	0.176
11800	0.059	0.048	0.043	0.17	0.16	0.124	0.058	0.035	0.053	0.064	0.047	0.125
12500	0.41	0.506	0.463	0.41	0.366	0.359	0.336	0.338	0.105	0.511	0.534	0.368
13200	0.588	0.251	0.569	0.362	0.272	0.46	0.941	0.898	0.676	0.597	0.339	0.137
14000	1.259	1.451	1.62	1.233	1.542	1.543	1.509	1.424	1.31	1.089	1.165	1.099
15000	0.682	0.502	0.521	0.695	0.566	0.524	0.415	0.375	0.456	0.451	0.519	0.466
16000	0.137	0.07	0.189	0.2	0.251	0.238	0.074	0.068	0.095	0.391	0.312	0.092
17000	0.064	0.079	0.046	0.132	0.059	0.066	0.052	0.039	0.067	0.061	0.085	0.104
18000	0.079	0.082	0.047	0.061	0.056	0.038	0.051	0.034	0.052	0.092	0.072	0.063
19000	0.041	0.062	0.03	0.041	0.032	0.038	0.039	0.04	0.043	0.052	0.053	0.047
20000	0.054	0.047	0.037	0.056	0.057	0.019	0.042	0.031	0.054	0.065	0.058	0.043
21200	0.045	0.027	0.032	0.024	0.041	0.042	0.008	0.018	0.047	0.019	0.024	0.014
22400	0.038	0.025	0.003	0.033	0.016	0.039	0.013	0.032	0.055	0.019	0.005	0.025

## IMP
Hz	TOP Poron Normal press_#1	TOP Poron Normal press_#2	TOP Poron Normal press_#3	TOP Poron Strong PRESS_#1	TOP Poron Strong PRESS_#2	TOP Poron Back to Normal Press_#1	Bottom Poron Normal press_#1	Bottom Poron Normal press_#2	Bottom Poron Normal press_#3	Bottom Poron Strong PRESS_#1	Bottom Poron Strong PRESS_#2	Bottom Poron Back to Normal Press_#1
20	10.516	11.393	10.516	10.589	10.58	10.517	10.877	10.517	10.89	10.851	10.752	10.88
21.2	10.504	11.09	10.548	10.614	10.609	10.551	10.912	10.46	10.932	10.873	10.688	10.959
22.4	10.561	11.023	10.664	10.637	10.606	10.562	10.934	10.457	10.754	10.893	10.716	11.068
23.6	10.548	11.019	10.65	10.637	10.607	10.558	10.856	10.466	10.758	10.893	10.687	10.845
25	10.568	11.011	10.66	10.586	10.6	10.559	10.708	10.452	10.818	10.899	10.642	10.737
26.5	10.779	11.03	10.857	10.571	10.578	10.551	10.689	10.448	10.857	10.872	10.634	10.705
28	10.806	11.011	11.008	10.561	10.56	10.557	10.665	10.443	10.853	10.833	10.619	10.686
30	10.752	10.996	10.95	10.547	10.555	10.555	10.659	10.432	10.79	10.806	10.608	10.678
31.5	10.724	10.984	10.939	10.541	10.544	10.549	10.655	10.415	10.778	10.806	10.604	10.665
33.5	10.717	11.027	10.932	10.534	10.539	10.544	10.643	10.401	10.771	10.806	10.587	10.657
35.5	10.709	11.037	10.927	10.521	10.534	10.532	10.63	10.401	10.801	10.788	10.646	10.64
37.5	10.706	11.018	10.92	10.521	10.532	10.528	10.622	10.397	10.793	10.78	10.733	10.637
40	10.707	10.994	10.916	10.514	10.526	10.525	10.623	10.4	10.722	10.776	10.696	10.622
42.5	10.696	10.989	10.912	10.512	10.518	10.513	10.64	10.389	10.764	10.774	10.654	10.619
45	10.692	10.979	10.907	10.511	10.52	10.518	10.641	10.389	10.709	10.758	10.627	10.61
47.5	10.702	11.005	10.907	10.506	10.513	10.509	10.634	10.386	10.726	10.743	10.592	10.611
50	10.708	11.072	10.899	10.503	10.513	10.505	10.628	10.382	10.735	10.737	10.585	10.608
53	10.705	11.061	10.9	10.5	10.508	10.507	10.624	10.381	10.744	10.736	10.582	10.61
56	10.7	11.069	10.896	10.494	10.504	10.498	10.619	10.379	10.733	10.732	10.58	10.602
60	10.695	11.072	10.893	10.487	10.503	10.502	10.613	10.38	10.697	10.733	10.578	10.601
63	10.701	11.065	10.89	10.486	10.502	10.505	10.608	10.381	10.681	10.732	10.578	10.601
67	10.667	11.066	10.887	10.486	10.499	10.504	10.614	10.376	10.675	10.72	10.575	10.592
71	10.695	11.06	10.884	10.488	10.499	10.502	10.599	10.372	10.676	10.705	10.573	10.594
75	10.689	11.065	10.884	10.485	10.497	10.498	10.6	10.377	10.687	10.73	10.572	10.594
80	10.689	11.068	10.88	10.487	10.497	10.505	10.598	10.372	10.649	10.694	10.57	10.585
85	10.69	11.061	10.885	10.483	10.497	10.493	10.602	10.374	10.627	10.686	10.623	10.593
90	10.685	11.066	10.881	10.492	10.494	10.498	10.611	10.373	10.621	10.669	10.629	10.589
95	10.684	11.076	10.885	10.477	10.496	10.498	10.592	10.373	10.613	10.677	10.643	10.591
100	10.695	11.072	10.877	10.485	10.491	10.501	10.601	10.338	10.607	10.651	10.634	10.587
106	10.701	11.063	10.872	10.478	10.492	10.499	10.599	10.358	10.601	10.654	10.646	10.593
112	10.702	11.071	10.883	10.479	10.494	10.49	10.599	10.371	10.596	10.659	10.633	10.58
118	10.682	11.076	10.875	10.48	10.496	10.493	10.611	10.367	10.593	10.67	10.628	10.583
125	10.701	11.079	10.871	10.485	10.5	10.491	10.612	10.365	10.577	10.696	10.627	10.586
132	10.69	11.088	10.864	10.484	10.486	10.493	10.614	10.363	10.576	10.7	10.623	10.587
140	10.68	11.081	10.877	10.477	10.495	10.487	10.613	10.371	10.579	10.701	10.631	10.581
150	10.687	11.094	10.869	10.474	10.483	10.492	10.608	10.372	10.583	10.67	10.625	10.585
160	10.673	11.087	10.879	10.483	10.487	10.49	10.597	10.364	10.572	10.682	10.616	10.597
170	10.67	11.089	10.872	10.483	10.481	10.491	10.605	10.357	10.56	10.656	10.635	10.59
180	10.666	11.081	10.878	10.491	10.483	10.498	10.607	10.365	10.569	10.666	10.627	10.587
190	10.672	11.088	10.867	10.492	10.49	10.489	10.598	10.362	10.565	10.649	10.624	10.588
200	10.672	11.088	10.866	10.487	10.483	10.494	10.593	10.36	10.582	10.655	10.617	10.581
212	10.688	11.091	10.884	10.488	10.485	10.484	10.601	10.359	10.57	10.659	10.63	10.578
224	10.675	11.09	10.873	10.491	10.483	10.486	10.594	10.361	10.568	10.656	10.64	10.587
236	10.67	11.082	10.863	10.49	10.482	10.493	10.614	10.357	10.578	10.651	10.638	10.58
250	10.676	11.097	10.87	10.491	10.476	10.485	10.599	10.359	10.566	10.666	10.626	10.594
265	10.674	11.076	10.867	10.504	10.491	10.489	10.593	10.368	10.563	10.642	10.62	10.586
280	10.666	11.072	10.871	10.493	10.488	10.488	10.597	10.357	10.551	10.613	10.622	10.583
300	10.693	11.073	10.867	10.503	10.48	10.496	10.591	10.357	10.551	10.623	10.627	10.585
315	10.672	11.074	10.868	10.484	10.481	10.482	10.597	10.356	10.554	10.62	10.627	10.586
335	10.675	11.089	10.869	10.487	10.485	10.48	10.603	10.356	10.549	10.646	10.629	10.58
355	10.676	11.084	10.872	10.495	10.485	10.487	10.591	10.364	10.551	10.635	10.626	10.576
375	10.674	11.089	10.868	10.48	10.48	10.482	10.591	10.366	10.536	10.677	10.613	10.581
400	10.691	11.084	10.868	10.501	10.479	10.488	10.592	10.353	10.552	10.678	10.615	10.588
425	10.665	11.091	10.859	10.503	10.483	10.48	10.593	10.366	10.527	10.674	10.621	10.596
450	10.665	11.085	10.878	10.482	10.481	10.478	10.6	10.362	10.521	10.655	10.613	10.586
475	10.692	11.071	10.864	10.495	10.494	10.46	10.602	10.373	10.509	10.649	10.613	10.589
500	10.681	11.066	10.872	10.498	10.484	10.48	10.601	10.359	10.531	10.643	10.622	10.598
530	10.675	11.064	10.867	10.487	10.485	10.488	10.591	10.358	10.537	10.641	10.632	10.596
560	10.67	11.087	10.856	10.482	10.482	10.49	10.607	10.357	10.511	10.638	10.622	10.582
600	10.676	11.081	10.88	10.498	10.474	10.48	10.602	10.374	10.524	10.628	10.613	10.593
630	10.677	11.079	10.859	10.482	10.481	10.482	10.601	10.369	10.543	10.652	10.633	10.587
670	10.667	11.054	10.874	10.48	10.468	10.479	10.585	10.371	10.514	10.646	10.632	10.601
710	10.683	11.079	10.886	10.5	10.488	10.478	10.602	10.359	10.535	10.644	10.635	10.598
750	10.679	11.066	10.874	10.477	10.464	10.48	10.6	10.357	10.529	10.631	10.643	10.582
800	10.674	11.077	10.866	10.508	10.49	10.483	10.587	10.382	10.523	10.633	10.64	10.579
850	10.671	11.077	10.855	10.495	10.488	10.467	10.591	10.358	10.533	10.62	10.621	10.59
900	10.673	11.084	10.866	10.485	10.479	10.492	10.6	10.361	10.51	10.632	10.634	10.593
950	10.676	11.069	10.863	10.487	10.472	10.48	10.595	10.372	10.52	10.622	10.638	10.596
1000	10.684	11.075	10.858	10.49	10.479	10.47	10.6	10.365	10.507	10.619	10.63	10.589
1060	10.685	11.086	10.869	10.484	10.493	10.487	10.594	10.37	10.521	10.622	10.635	10.599
1120	10.675	11.074	10.86	10.488	10.465	10.474	10.591	10.365	10.514	10.625	10.616	10.585
1180	10.678	11.088	10.858	10.477	10.477	10.464	10.591	10.361	10.514	10.65	10.622	10.589
1250	10.681	11.069	10.872	10.485	10.479	10.474	10.582	10.36	10.535	10.672	10.598	10.59
1320	10.667	11.082	10.884	10.486	10.48	10.48	10.606	10.362	10.512	10.657	10.597	10.582
1400	10.666	11.083	10.861	10.49	10.476	10.47	10.598	10.356	10.53	10.649	10.614	10.592
1500	10.675	11.076	10.889	10.5	10.477	10.475	10.6	10.368	10.525	10.653	10.599	10.577
1600	10.677	11.069	10.868	10.492	10.486	10.483	10.601	10.365	10.526	10.658	10.598	10.592
1700	10.676	11.074	10.865	10.506	10.481	10.492	10.583	10.361	10.534	10.663	10.6	10.587
1800	10.688	11.084	10.862	10.494	10.487	10.47	10.588	10.371	10.522	10.643	10.606	10.6
1900	10.696	11.08	10.876	10.48	10.478	10.462	10.595	10.362	10.525	10.637	10.601	10.591
2000	10.68	11.088	10.863	10.496	10.472	10.474	10.587	10.366	10.536	10.649	10.609	10.587
2120	10.678	11.071	10.862	10.501	10.48	10.478	10.584	10.361	10.516	10.639	10.608	10.593
2240	10.677	11.086	10.877	10.485	10.485	10.489	10.591	10.36	10.52	10.631	10.617	10.591
2360	10.679	11.089	10.862	10.488	10.475	10.474	10.591	10.363	10.512	10.632	10.61	10.596
2500	10.678	11.075	10.858	10.484	10.483	10.466	10.585	10.348	10.518	10.636	10.608	10.582
2650	10.681	11.092	10.868	10.478	10.468	10.474	10.595	10.362	10.517	10.633	10.607	10.577
2800	10.68	11.079	10.882	10.481	10.491	10.489	10.591	10.373	10.527	10.64	10.624	10.595
3000	10.676	11.093	10.866	10.489	10.479	10.488	10.608	10.357	10.53	10.641	10.615	10.579
3150	10.687	11.071	10.88	10.492	10.482	10.483	10.61	10.353	10.529	10.644	10.602	10.577
3350	10.693	11.08	10.861	10.488	10.491	10.485	10.599	10.377	10.537	10.637	10.607	10.586
3550	10.68	11.08	10.879	10.485	10.486	10.478	10.599	10.38	10.525	10.617	10.606	10.595
3750	10.69	11.09	10.876	10.513	10.48	10.477	10.604	10.364	10.545	10.628	10.624	10.579
4000	10.693	11.093	10.888	10.495	10.502	10.478	10.6	10.364	10.534	10.626	10.622	10.576
4250	10.688	11.094	10.874	10.504	10.49	10.482	10.59	10.369	10.529	10.636	10.631	10.598
4500	10.694	11.074	10.873	10.512	10.486	10.469	10.602	10.375	10.539	10.633	10.633	10.596
4750	10.69	11.092	10.882	10.505	10.491	10.496	10.604	10.371	10.527	10.635	10.64	10.593
5000	10.693	11.076	10.871	10.493	10.493	10.493	10.607	10.38	10.541	10.625	10.634	10.599
5300	10.708	11.096	10.887	10.511	10.497	10.487	10.605	10.376	10.549	10.638	10.627	10.604
5600	10.697	11.095	10.868	10.498	10.493	10.474	10.616	10.377	10.535	10.64	10.631	10.6
6000	10.699	11.093	10.895	10.517	10.489	10.482	10.614	10.357	10.534	10.65	10.636	10.608
6300	10.698	11.088	10.883	10.518	10.491	10.502	10.604	10.372	10.532	10.653	10.641	10.612
6700	10.713	11.09	10.896	10.503	10.508	10.493	10.625	10.379	10.557	10.663	10.646	10.608
7100	10.711	11.118	10.895	10.516	10.512	10.507	10.63	10.382	10.549	10.657	10.637	10.611
7500	10.712	11.103	10.898	10.523	10.516	10.502	10.635	10.388	10.559	10.657	10.664	10.631
8000	10.713	11.126	10.905	10.536	10.52	10.508	10.651	10.401	10.567	10.657	10.655	10.634
8500	10.745	11.137	10.922	10.55	10.54	10.531	10.653	10.431	10.588	10.674	10.656	10.637
9000	10.776	11.17	10.962	10.574	10.581	10.553	10.719	10.487	10.633	10.691	10.671	10.672
9500	10.866	11.298	11.059	10.648	10.667	10.665	10.837	10.631	10.756	10.705	10.694	10.773
10000	11.118	11.518	11.342	10.928	10.934	10.915	11.05	10.817	10.999	10.759	10.737	11.064
10600	10.934	11.255	11.088	10.754	10.708	10.711	10.764	10.527	10.708	11.085	11.023	10.793
11200	10.817	11.174	10.98	10.6	10.592	10.589	10.689	10.446	10.605	10.903	10.885	10.674
11800	10.764	11.148	10.961	10.574	10.564	10.553	10.675	10.45	10.611	10.763	10.741	10.671
12500	10.761	11.138	10.94	10.565	10.547	10.545	10.672	10.435	10.607	10.708	10.694	10.662
13200	10.754	11.143	10.932	10.561	10.571	10.553	10.673	10.443	10.597	10.713	10.691	10.652
14000	10.763	11.149	10.962	10.573	10.551	10.54	10.669	10.439	10.593	10.714	10.707	10.672
15000	10.771	11.156	10.944	10.58	10.567	10.565	10.669	10.462	10.624	10.723	10.704	10.674
16000	10.789	11.167	10.965	10.578	10.563	10.554	10.68	10.447	10.636	10.718	10.732	10.673
17000	10.799	11.172	10.969	10.595	10.58	10.572	10.689	10.44	10.67	10.729	10.729	10.689
18000	10.775	11.171	10.971	10.602	10.59	10.57	10.696	10.47	10.676	10.75	10.714	10.687
19000	10.792	11.191	10.988	10.597	10.597	10.579	10.718	10.487	10.672	10.748	10.723	10.711
20000	10.813	11.198	10.987	10.617	10.618	10.602	10.713	10.491	10.69	10.756	10.732	10.715
21200	10.845	11.229	11.02	10.634	10.638	10.632	10.74	10.508	10.706	10.765	10.745	10.729
22400	10.846	11.229	11.024	10.649	10.634	10.628	10.742	10.523	10.723	10.798	10.74	10.743
23600	10.87	11.252	11.054	10.668	10.645	10.655	10.765	10.542	10.736	10.804	10.76	10.762
25000	10.884	11.263	11.06	10.7	10.684	10.672	10.8	10.563	10.757	10.823	10.775	10.781
26500	10.918	11.309	11.097	10.72	10.708	10.7	10.819	10.577	10.79	10.868	10.796	10.824
28000	10.928	11.331	11.12	10.749	10.726	10.725	10.842	10.618	10.797	10.874	10.829	10.833
30000	10.983	11.355	11.171	10.781	10.765	10.757	10.899	10.663	10.85	10.924	10.859	10.88
31500	11.022	11.413	11.179	10.83	10.818	10.81	10.925	10.695	10.872	10.963	10.902	10.924
33500	11.065	11.438	11.238	10.872	10.864	10.834	10.972	10.735	10.929	11.004	10.941	10.961
35500	11.118	11.516	11.3	10.944	10.92	10.898	11.014	10.798	10.987	11.048	10.994	11.022
37500	11.199	11.583	11.376	11.004	10.99	10.968	11.083	10.857	11.046	11.129	11.078	11.088
40000	11.29	11.683	11.494	11.121	11.087	11.087	11.224	10.966	11.171	11.241	11.181	11.202
42500	11.471	11.863	11.671	11.289	11.266	11.261	11.389	11.146	11.427	11.422	11.357	11.375
45000	12.141	12.548	12.333	11.917	11.924	11.929	12.05	11.799	12.162	12.073	12.025	12.038

## VP CO
Hz	VP COIL 0.05mg_#1	VP COIL 0.05mg_#2	VP COIL 0.05mg_#3	VP COIL 0.05mg_#4	VP COIL 0.05mg_#5	VP COIL 0.05mg_#6	VP COIL 0.05mg_#7	VP COIL 0.05mg_#8	VP COIL 0.05mg_#9	VP COIL 0.05mg_#10	VP COIL 0.05mg_#11	VP COIL 0.05mg_#12	VP COIL 0.05mg_#13	PV2 GN REF		Hz	VP COIL 0.14mg_#1	VP COIL 0.14mg_#2	VP COIL 0.14mg_#3	VP COIL 0.14mg_#4	VP COIL 0.14mg_#5	VP COIL 0.14mg_#6	VP COIL 0.14mg_#7	VP COIL 0.14mg_#8	VP COIL 0.14mg_#9	VP COIL 0.14mg_#10	PV2 GN REF		Hz	VP COIL 0.2mg_#1	VP COIL 0.2mg_#2	VP COIL 0.2mg_#3	VP COIL 0.2mg_#4	VP COIL 0.2mg_#5	VP COIL 0.2mg_#6	VP COIL 0.2mg_#7	VP COIL 0.2mg_#8	VP COIL 0.2mg_#9	VP COIL 0.2mg_#10	PV2 GN REF
20	69.624	54.119	70.773	68.109	67.654	67.588	70.318	68.762	68.65	67.22	70.5	67.393	67.444	69.813		20	64.232	65.78	70.215	70.488	66.242	68.493	69.196	66.568	70.938	67.916	69.813		20	64.502	65.308	68.712	57.797	64.347	58.899	65.014	60.244	56.916	66.791	69.813
21.2	71.54	67.345	67.805	68.853	70.728	69.101	67.397	70.733	69.083	71.949	72.147	69.723	70.396	70.775		21.2	70.518	67.764	68.271	71.661	68.333	71.189	69.304	67.708	71.868	70.382	70.775		21.2	66.805	62.868	64.497	56.673	67.341	57.118	64.332	56.965	56.036	68.18	70.775
22.4	59.27	73.241	69.499	70.462	69.146	69.113	69.187	70.683	68.047	68.047	71.715	69.708	72.202	68.214		22.4	71.196	68.465	68.139	72.088	68.533	69.484	70.961	67.714	71.357	70.698	68.214		22.4	69.932	65.282	62.379	60.18	68.752	60.588	64.036	65.528	63.023	67.224	68.214
23.6	71.891	71.297	70.805	68.153	69.862	67.055	69.606	71.427	70.912	65.758	71.554	70.417	69.031	71.269		23.6	72.159	68.283	69.825	72.315	70.236	71.558	69.983	69.136	72.487	71.346	71.269		23.6	67.339	66.213	58.913	60.911	67.175	64.455	68.165	61.764	55.97	68.169	71.269
25	72.4	71.262	71.569	69.027	70.151	68.522	68.961	71.22	70.548	68.267	72.488	72.051	71.267	72.195		25	72.424	68.829	69.886	72.42	71.13	72.048	70.523	70.217	72.217	72.062	72.195		25	65.3	65.115	58.651	60.436	68.271	63.172	68.747	62.976	56.565	68.679	72.195
26.5	72.139	71.714	70.787	70.222	71.187	70.373	68.999	73.298	69.328	70.291	74.096	71.041	71.142	72.953		26.5	72.824	70.147	70.276	73.018	69.961	71.633	70.624	70.635	72.763	72.227	72.953		26.5	70.044	64.563	61.087	64.246	67.165	61.303	67.437	53.844	60.846	69.191	72.953
28	72.412	72.195	73.23	70.947	71.278	71.454	70.222	72.707	71.104	71.848	72.838	71.766	71.691	72.264		28	73.377	70.038	69.899	73.516	71.758	72.53	72.31	69.976	73.367	72.911	72.264		28	69.491	67.727	63.082	63.339	69.289	64.705	66.832	64.703	63.21	69.494	72.264
30	73.311	71.91	73.148	71.034	71.574	71.892	70.466	73.018	70.587	71.445	73.774	71.748	73.045	71.706		30	73.483	70.707	70.332	73.718	71.781	72.345	72.284	70.633	73.435	72.552	71.706		30	71.752	67.875	65.759	63.291	69.277	62.861	68.673	63.606	63.367	70.506	71.706
31.5	73.324	72.583	73.42	71.251	72.24	71.816	71.811	73.903	71.322	71.468	74.043	73.473	72.147	72.643		31.5	73.186	69.957	71.136	74.145	71.965	73.273	72.882	70.361	74.543	74.089	72.643		31.5	70.417	67.871	63.94	66.614	70.399	64.023	68.658	61.791	60.926	71.61	72.643
33.5	74.42	73.459	72.789	71.154	73.221	71.081	71.663	75.002	72.683	71.716	74.744	73.526	73.152	73.931		33.5	75.44	71.578	72.905	74.675	72.964	73.756	72.938	71.317	73.848	73.427	73.931		33.5	72.409	67.105	67.757	63.798	70.375	63.624	70.655	61.581	63.339	71.979	73.931
35.5	74.031	72.648	75.146	71.965	74.803	72.206	72.761	73.649	72.685	66.902	75.525	73.82	73.18	73.88		35.5	75.516	71.563	69.93	74.695	74.429	73.868	73.115	72.231	75.119	74.056	73.88		35.5	72.777	68.479	66.057	66.357	71.299	61.915	70.665	64.442	63.935	73.269	73.88
37.5	75.058	74.811	73.921	72.973	72.894	73.635	71.81	76.152	73.158	69.879	74.832	73.925	74.33	74.294		37.5	75.333	73.165	73.918	75.386	73.395	73.572	73.672	73.285	74.994	74.627	74.294		37.5	72.735	67.37	64.644	66.467	71.106	68.371	66.581	66.886	65.101	72.35	74.294
40	75.672	74.078	74.599	73.567	73.858	72.832	72.523	75.383	71.465	72.507	75.583	71.116	74.568	75.028		40	75.608	72.451	73.365	75.514	72.506	74.827	74.349	74.014	75.861	75.175	75.028		40	72.402	69.016	63.543	65.783	70.512	67.048	72.95	66.612	64.006	72.797	75.028
42.5	75.324	74.532	74.597	72.192	75.843	73.977	72.977	74.586	74.028	71.907	76.142	75.739	74.959	76.111		42.5	74.384	72.923	73.282	75.19	72.861	75.628	75.044	73.629	75.202	75.764	76.111		42.5	72.766	70.473	66.218	65.733	72.939	67.15	71.548	66.842	63.153	73.275	76.111
45	76.56	74.674	74.756	74.238	73.786	74.451	72.694	76.484	73.863	72.963	77.345	73.853	75.847	75.954		45	76.963	73.875	74.388	76.245	73.349	75.6	75.492	74.078	76.787	75.322	75.954		45	73.773	68.873	65.362	67.871	70.357	67.941	71.69	67.868	65.885	74.917	75.954
47.5	75.791	75.925	74.971	74.651	74.562	73.794	73.437	76.816	74.352	73.842	75.999	75.63	76.022	76.639		47.5	75.753	73.674	74.758	75.997	75.008	75.137	75.362	74.762	75.893	76.07	76.639		47.5	74.707	69.597	67.645	68.048	72.685	69.038	71.203	67.545	68.016	73.924	76.639
50	75.525	76.311	75.511	74.349	75.815	74.638	74.894	75.494	74.985	74.628	76.08	76.828	76.809	75.84		50	77.26	74.776	74.702	75.874	75.891	75.252	74.629	74.413	77.073	76.447	75.84		50	73.869	71.929	69.465	68.273	73.84	67.39	72.108	65.065	66.919	72.882	75.84
53	77.074	76.463	75.484	73.774	75.948	75.558	74.652	76.622	74.528	73.818	77.772	76.173	64.927	76.657		53	76.956	74.956	75.055	76.285	74.716	76.223	76.926	75.051	77.895	76.809	76.657		53	74.415	71.567	67.98	67.529	71.976	70.224	72.611	70.679	67.079	75.432	76.657
56	76.699	76.781	76.389	76.287	75.833	74.659	75.078	78.274	75.766	74.667	76.937	76.226	75.98	77.027		56	77.414	75.299	76.125	76.986	76.789	75.634	76.484	74.566	76.919	76.743	77.027		56	74.521	70.37	67.184	67.594	73.009	68.296	71.56	70.062	68.586	73.989	77.027
60	77.53	76.371	76.334	75.166	76.804	75.54	75.772	78.16	76.136	76.534	77.645	76.888	77.641	77.048		60	77.63	75.366	75.933	76.361	76.459	76.902	75.945	75.225	77.267	77.751	77.048		60	75.777	71.749	68.381	67.747	73.514	69.39	74.013	68.442	67.564	74.483	77.048
63	77.552	77.112	76.877	76.113	77.076	75.35	76.227	78.185	75.894	75.64	77.993	76.254	76.385	77.135		63	77.601	74.506	76.238	77.818	76.879	77.341	77.253	76.12	78.355	77.295	77.135		63	75.632	70.573	69.361	70.808	73.849	69.657	74.039	68.757	66.115	75.459	77.135
67	78.419	77.778	77.601	75.324	77.424	76.797	76.68	78.039	76.528	76.199	78.793	77.012	76.787	77.335		67	78.398	75.459	76.301	77.888	76.484	77.884	76.933	75.844	78.642	77.412	77.335		67	76.105	73.92	68.967	69.644	73.754	69.68	74.289	71.062	67.093	75.269	77.335
71	78.49	77.699	77.272	76.113	78.154	76.215	76.925	78.36	76.195	76.137	78.058	77.95	77.538	77.743		71	78.837	75.921	76.585	77.608	76.973	77.14	77.413	76.385	78.367	77.591	77.743		71	76.859	72.907	69.617	68.77	74.632	70.742	75.128	70.271	68.921	75.777	77.743
75	78.27	77.555	77.702	76.826	78.02	76.616	76.73	78.33	76.453	76.402	79.163	77.916	77.905	78.69		75	78.848	76.072	76.718	78.314	77.602	78.526	77.388	76.794	78.543	77.822	78.69		75	76.886	74.333	69.611	70.18	74.89	71.064	75.011	70.879	69.436	75.68	78.69
80	78.791	78.403	77.819	76.67	77.999	76.753	77.4	79.248	77.235	77.124	78.835	78.418	77.987	78.74		80	78.744	77.047	76.876	78.292	77.456	78.597	77.659	76.562	78.922	78.222	78.74		80	76.771	73.577	70.044	71.629	75.813	70.509	75.449	71.41	69.922	75.633	78.74
85	79.191	78.226	78.076	76.767	77.919	77.761	77.033	78.932	76.384	76.922	79.021	78.113	78.283	78.987		85	78.954	76.52	77.099	78.71	77.484	78.608	77.748	77.238	78.845	78.348	78.987		85	77.075	74.774	70.728	69.576	75.345	72.707	74.84	71.332	70.863	76.301	78.987
90	79.544	78.007	77.25	76.487	77.899	77.161	78.206	79.873	76.628	77.702	78.948	78.884	77.813	79.387		90	79.347	76.821	77.18	78.474	77.4	78.631	77.884	77.396	78.841	78.51	79.387		90	77.052	74.47	70.043	71.808	76.353	71.075	75.569	73.085	71.557	76.482	79.387
95	78.575	79.583	79.302	78.408	79.356	77.277	77.085	79.46	78.402	77.285	79.543	78.638	79.034	79.143		95	79.924	77.952	78.479	79.259	78.935	79.041	78.9	77.001	79.707	79.515	79.143		95	78.322	75.124	73.369	70.032	75.262	73.359	77.001	71.697	69.836	77.399	79.143
100	78.815	79.509	79.228	78.454	79.184	77.406	77.872	79.819	78.282	78.252	79.439	79.512	78.933	78.87		100	80.212	78.423	78.608	79.39	78.787	78.967	78.849	77.199	79.757	79.574	78.87		100	78.345	74.65	73.736	72.923	76.019	72.983	76.661	71.992	71.484	76.577	78.87
106	78.916	79.937	79.691	78.3	79.394	79.767	77.833	79.473	78.419	78.325	79.96	78.712	79.232	79.504		106	80.076	78.213	78.44	79.727	79.185	79.744	79.08	77.212	80.102	79.859	79.504		106	79.027	75.658	74.613	72.236	76.038	74.621	77.382	70.309	70.406	77.628	79.504
112	80.106	79.134	79.129	77.988	78.769	77.917	78.686	80.152	77.561	78.489	79.686	79.872	79.062	79.855		112	80.079	77.705	78.136	79	78.58	79.094	78.433	78.686	79.282	79.285	79.855		112	77.573	75.288	72.024	73.257	76.809	73.501	76.165	74.042	72.112	77.056	79.855
118	79.923	79.854	79.243	77.811	79.237	78.653	78.725	79.693	77.866	77.822	80.136	79.586	79.195	80.236		118	80.083	78.106	78.809	79.388	78.838	79.879	79.03	77.814	79.873	79.52	80.236		118	78.558	76.71	72.158	73.114	76.558	74.066	76.978	72.623	72.151	77.58	80.236
125	79.954	79.653	79.381	77.839	78.703	78.149	78.807	80.162	77.877	78.631	80.093	79.891	79.053	80.34		125	80.201	78.372	78.468	79.508	78.759	79.796	78.987	78.242	79.954	79.728	80.34		125	78.272	76.877	72.086	72.865	76.948	74.478	77.362	74.259	72.368	78.006	80.34
132	79.972	79.947	80.277	78.838	80.096	78.321	78.983	80.5	78.154	79.218	79.733	80.187	79.148	79.98		132	80.506	78.697	79.062	79.551	79.3	80.065	78.863	78.751	80.091	79.938	79.98		132	78.933	75.979	73.918	75.158	77.677	74.266	77.479	74.23	74.086	77.433	79.98
140	79.972	80.296	79.781	77.976	80.037	78.957	78.884	80.235	78.867	78.374	80.093	79.851	79.456	80.41		140	80.355	78.648	78.689	79.616	79.199	80.089	79.377	77.471	80.277	79.901	80.41		140	79.145	77.383	73.333	74.066	77.269	75.492	77.973	74.536	72.857	78.2	80.41
150	79.951	80.661	80.196	79.207	79.808	79.294	79.172	80.391	78.997	79.237	80.425	80.429	79.733	80.323		150	80.426	79	79.064	79.813	79.811	80.397	79.649	79.129	80.282	80.225	80.323		150	79.141	77.708	74.554	73.596	77.17	75.506	78.178	74.309	73.304	78.027	80.323
160	80.057	80.747	80.338	78.822	79.994	79.056	79.28	80.902	78.984	79.409	80.229	80.341	79.242	80.686		160	80.769	78.849	79.413	80.017	79.76	80.511	79.621	78.719	80.315	80.364	80.686		160	79.41	77.48	75.115	74.129	77.305	75.907	77.861	75.872	73.236	78.068	80.686
170	80.268	80.844	80.411	79.375	80.122	78.883	79.725	81.292	79.05	79.649	80.294	80.572	79.526	81.014		170	80.857	79.057	79.378	79.956	79.717	80.411	79.476	78.822	80.337	80.491	81.014		170	79.368	77.697	75.222	75.41	77.844	76.13	78.544	75.215	74.212	78.429	81.014
180	80.333	80.759	80.564	79.276	80.315	79.198	79.598	81.067	78.964	79.377	80.399	80.52	79.725	80.798		180	80.608	79.372	79.56	80.015	79.776	80.465	79.722	79.068	80.42	80.547	80.798		180	79.535	77.797	75.372	74.518	77.875	76.853	78.553	75.46	73.872	78.654	80.798
190	80.193	80.675	80.863	79.375	80.359	79.23	79.681	80.761	79.226	79.655	80.517	80.649	79.865	80.763		190	80.629	79.472	79.894	80.107	80.037	80.72	79.703	79.01	80.37	80.57	80.763		190	79.69	77.928	75.921	75.325	77.764	76.129	78.073	75.869	74.561	78.291	80.763
200	80.146	80.988	80.855	79.224	80.738	79.067	79.506	81.16	79.162	79.798	80.511	80.664	79.767	80.617		200	80.873	79.421	79.956	80.279	80.174	80.723	79.834	79.438	80.504	80.786	80.617		200	79.918	77.791	76.191	75.419	77.843	77.135	78.45	76.001	75.009	78.293	80.617
212	80.134	81.077	80.737	79.425	80.53	79.254	79.763	81.14	79.47	79.856	80.482	80.949	80.024	80.973		212	80.95	79.558	79.685	80.251	79.83	80.799	79.911	79.116	80.625	80.699	80.973		212	79.905	78.581	76.685	75.715	78.119	77.002	79.053	76.355	75.395	78.64	80.973
224	80.093	81.093	80.912	79.589	80.47	79.095	79.869	81.234	79.418	79.804	80.581	80.851	79.701	80.975		224	80.739	79.779	79.505	80.231	80.18	80.784	79.95	79.247	80.544	80.697	80.975		224	79.923	78.486	76.641	76.165	78.108	77.488	78.684	76.414	75.799	78.488	80.975
236	80.483	81.067	80.919	79.614	80.368	79.239	79.968	81.306	79.356	80.194	80.628	80.926	80.064	81.029		236	80.904	79.727	79.902	80.229	80.186	80.737	79.883	79.271	80.651	80.863	81.029		236	79.923	78.557	76.553	76.397	77.91	77.243	78.473	77.052	75.868	78.608	81.029
250	80.098	81.193	80.92	79.628	80.473	79.407	80.071	81.114	79.463	80.098	80.615	80.91	79.448	81.183		250	80.687	79.736	79.807	80.161	80.374	80.792	79.802	79.188	80.705	80.8	81.183		250	79.958	79.374	77.049	76.311	78.19	77.611	79.257	77.08	76.628	78.739	81.183
265	80.221	81.192	80.864	79.734	80.354	79.164	80.026	81.199	79.419	80.147	80.677	81.068	79.865	81.211		265	80.855	79.598	79.868	80.196	80.248	80.985	79.992	79.407	80.771	80.811	81.211		265	80.295	79.344	77.004	76.863	78.183	77.722	78.803	77.082	75.979	78.589	81.211
280	80.155	81.526	81.163	79.651	80.562	79.184	80.136	81.332	79.497	80.167	80.713	80.952	79.462	81.121		280	80.926	79.666	79.869	80.135	80.516	80.979	80.008	79.49	80.557	80.914	81.121		280	80.16	79.172	76.609	77.002	77.908	77.858	79.31	77.282	76.125	78.751	81.121
300	80.374	81.343	81.027	79.832	80.634	79.042	80.142	81.259	79.498	80.084	80.627	81.017	79.424	81.139		300	80.874	79.918	79.832	80.333	80.434	80.92	80.015	79.376	80.594	80.883	81.139		300	80.155	79.076	77.727	76.932	78.565	77.721	79.335	77.301	76.207	78.905	81.139
315	80.052	81.44	81.187	79.884	80.652	79.148	79.899	81.359	79.711	80.166	80.674	81.111	79.641	81.049		315	80.863	79.906	79.747	80.269	80.267	80.889	79.923	79.46	80.514	80.929	81.049		315	80.124	79.279	77.593	76.876	78.439	77.877	79.471	77.448	76.334	78.902	81.049
335	79.903	81.549	81.385	79.862	80.677	79.083	80.417	81.37	79.637	80.171	80.641	81.005	79.579	81.09		335	80.766	79.799	79.696	80.387	80.332	80.865	79.934	79.528	80.434	80.993	81.09		335	80.449	79.254	77.445	76.635	78.563	78.098	79.567	77.773	76.423	78.798	81.09
355	79.818	81.375	81.169	79.915	80.694	79.165	80.156	81.295	79.647	80.189	80.707	81.01	79.312	81.161		355	80.772	79.955	79.685	80.308	80.392	80.973	79.902	79.473	80.552	81.032	81.161		355	80.097	79.145	77.557	76.939	78.242	78.587	79.095	77.53	76.632	78.778	81.161
375	79.734	81.574	81.221	79.93	80.559	78.958	80.275	81.297	79.678	80.21	80.698	81.076	79.571	81.077		375	80.739	79.829	79.624	80.372	80.389	80.941	79.881	79.593	80.477	81.048	81.077		375	80.303	79.218	78.422	77.063	78.346	78.876	79.079	78.01	76.989	78.9	81.077
400	79.725	81.502	80.925	80.065	80.652	78.98	80.091	81.321	79.739	80.209	80.691	80.972	79.479	81.098		400	80.685	79.915	79.604	80.264	80.348	81.041	79.934	79.463	80.451	81.059	81.098		400	80.296	79.988	78.103	77.386	78.449	78.698	79.482	78.01	76.837	78.934	81.098
425	79.54	81.592	81.108	80.044	80.578	78.658	79.923	81.262	79.943	80.18	80.607	81.096	79.457	81.005		425	80.525	79.796	79.39	80.302	80.23	80.784	79.927	79.447	80.331	81.048	81.005		425	80.247	79.946	78.078	76.898	78.545	78.774	79.441	78.054	76.988	78.979	81.005
450	79.541	81.651	80.995	79.968	80.524	78.799	79.877	81.284	79.782	80.213	80.661	80.974	79.163	80.914		450	80.515	80.04	79.434	80.344	80.288	81.103	79.936	79.455	80.338	81.081	80.914		450	80.352	80.019	78.07	76.633	78.423	78.756	79.568	78.003	76.785	78.881	80.914
475	79.46	81.54	81.186	80.018	80.413	78.845	79.984	81.185	79.807	80.23	80.606	80.938	79.054	80.971		475	80.437	80.028	79.426	80.286	80.381	80.815	79.708	79.498	80.399	81.036	80.971		475	80.208	79.962	78.038	76.908	78.386	78.909	79.463	78.231	77.133	78.971	80.971
500	79.359	81.712	81.038	80.15	80.432	78.673	79.904	81.149	79.983	80.147	80.648	80.876	79.058	80.924		500	80.346	79.889	79.278	80.283	80.323	80.764	79.869	79.559	80.301	80.97	80.924		500	80.415	80.212	78.019	77.076	78.325	78.926	79.611	77.996	77.386	78.922	80.924
530	79.371	81.642	81.016	80.1	80.439	78.619	80.041	81.215	79.869	80.153	80.556	80.982	78.989	80.851		530	80.359	79.893	79.379	80.405	80.188	80.72	79.711	79.453	80.187	81.006	80.851		530	80.251	79.832	78.278	77.192	78.578	79.119	79.613	78.121	77.035	78.863	80.851
560	79.357	81.611	80.975	80.131	80.371	78.482	80.101	81.222	79.931	80.125	80.635	80.922	78.763	80.807		560	80.281	79.829	79.3	80.322	79.956	80.833	79.805	79.47	80.276	81.002	80.807		560	80.358	79.222	78.062	77.054	78.39	79.047	79.564	78.294	77.359	79.018	80.807
600	79.211	81.744	80.979	80.119	80.371	78.621	79.986	81.074	79.846	80.033	80.628	80.881	78.975	80.736		600	80.211	79.831	79.164	80.365	80.272	80.737	79.595	79.534	80.134	81.069	80.736		600	80.473	79.637	78.005	77.324	78.497	79.12	79.655	78.155	77.401	79.03	80.736
630	79.219	81.715	80.934	80.248	80.307	78.571	80.034	81.082	79.872	80.046	80.562	80.854	78.777	80.65		630	80.152	79.85	79.069	80.366	80.408	80.749	79.659	79.44	80.141	81.086	80.65		630	80.512	80.316	78.252	77.503	78.363	78.926	79.709	78.056	77.673	79.138	80.65
670	79.225	81.743	80.924	80.232	80.204	78.461	79.867	81.091	79.909	80.035	80.551	80.847	78.794	80.583		670	80.093	79.858	79.109	80.354	80.342	80.823	79.55	79.465	79.993	81.116	80.583		670	80.533	80.339	78.219	77.29	78.44	79.206	79.746	78.109	77.587	79.16	80.583
710	79.126	81.879	81.006	80.305	80.228	78.454	79.828	81.08	80.082	79.994	80.55	80.755	78.885	80.61		710	80.111	79.857	78.994	80.436	79.912	80.815	79.541	79.432	80.012	81.145	80.61		710	80.575	80.277	78.254	77.528	78.612	79.295	79.696	78.345	77.764	79.193	80.61
750	79.154	81.905	80.962	80.376	80.212	78.465	79.925	81.109	80.127	79.964	80.631	80.725	78.87	80.619		750	80.09	79.919	79.053	80.504	80.003	80.691	79.64	79.537	79.994	81.27	80.619		750	80.625	80.326	78.271	77.483	78.592	79.294	79.706	78.283	77.775	79.201	80.619
800	79.201	82.035	80.99	80.506	80.271	78.509	80.017	81.153	80.165	80.064	80.698	80.847	79.014	80.567		800	80.129	79.886	79.101	80.592	80.291	80.776	79.599	79.594	80.075	81.158	80.567		800	80.657	80.524	78.33	77.444	78.737	79.536	79.964	78.212	77.668	79.411	80.567
850	79.313	82.187	81.093	80.648	80.327	78.623	80.095	81.207	80.373	80.136	80.763	80.985	79.107	80.673		850	80.175	80.026	79.134	80.702	80.327	80.912	79.755	79.641	80.144	81.06	80.673		850	80.842	80.719	78.391	77.454	78.913	79.726	80.187	78.279	77.902	79.591	80.673
900	79.477	82.412	81.276	80.922	80.465	78.798	80.197	81.368	80.586	80.323	81.006	81.052	79.321	80.795		900	80.262	80.173	79.288	80.867	80.488	81.003	79.882	79.825	80.255	82.109	80.795		900	80.943	80.704	78.653	77.653	79.035	79.816	80.313	78.613	78.131	79.838	80.795
950	79.687	82.624	81.43	81.198	80.641	78.98	80.328	81.519	80.828	80.44	81.143	81.222	79.524	80.93		950	80.47	80.392	79.423	81.094	80.684	81.153	80.033	79.991	80.444	81.892	80.93		950	81.215	80.967	78.777	77.843	79.248	80.147	80.553	78.828	78.338	80.082	80.93
1000	79.856	82.907	81.607	81.442	80.801	79.185	80.567	81.689	81.066	80.636	81.333	81.401	79.757	81.094		1000	80.611	80.572	79.677	81.325	81.001	81.317	80.225	80.234	80.621	81.94	81.094		1000	81.379	81.207	79.052	78.118	79.455	80.378	80.841	78.907	78.655	80.315	81.094
1060	80.139	83.23	81.842	81.745	81.038	79.442	80.796	81.896	81.365	80.912	81.579	81.629	80.008	81.331		1060	80.839	80.833	79.889	81.608	81.16	81.542	80.446	80.478	80.829	82.324	81.331		1060	81.668	81.53	79.296	78.338	79.764	80.755	81.146	79.183	78.952	80.655	81.331
1120	80.376	83.52	82.081	82.025	81.245	79.68	81.033	82.118	81.657	81.105	81.835	81.82	80.335	81.525		1120	81.059	81.123	80.135	81.859	81.402	81.782	80.712	80.716	81.005	82.554	81.525		1120	81.938	81.839	79.567	78.682	80.036	81.018	81.439	79.478	79.243	80.938	81.525
1180	80.613	83.788	82.25	82.333	81.424	79.938	81.219	82.315	81.915	81.375	81.983	81.982	80.535	81.708		1180	81.242	81.255	80.334	82.102	81.595	81.967	80.87	80.926	81.204	82.78	81.708		1180	82.121	82.08	79.762	78.918	80.301	81.356	81.706	79.7	79.499	81.217	81.708
1250	80.851	84.012	82.415	82.566	81.587	80.131	81.424	82.524	82.193	81.502	82.199	82.219	80.781	81.832		1250	81.411	81.46	80.533	82.29	81.806	82.118	81.038	81.147	81.335	83.024	81.832		1250	82.341	82.316	79.958	79.175	80.514	81.596	81.972	79.964	79.795	81.465	81.832
1320	81.037	84.199	82.537	82.746	81.764	80.339	81.604	82.659	82.387	81.626	82.36	82.322	80.915	81.978		1320	81.52	81.546	80.734	82.424	81.879	82.265	81.209	81.26	81.495	83.129	81.978		1320	82.488	82.502	80.143	79.363	80.687	81.795	82.199	80.12	80.014	81.718	81.978
1400	81.184	84.365	82.673	82.93	81.904	80.545	81.704	82.747	82.544	81.729	82.444	82.41	81.106	82.078		1400	81.633	81.682	80.875	82.545	81.981	82.357	81.323	81.374	81.608	83.278	82.078		1400	82.611	82.709	80.283	79.558	80.807	81.997	82.389	80.272	80.197	81.906	82.078
1500	81.386	84.558	82.771	83.144	82.013	80.723	81.792	82.821	82.726	81.841	82.542	82.492	81.306	82.19		1500	81.765	81.793	81.008	82.686	82.099	82.461	81.452	81.455	81.718	83.422	82.19		1500	82.762	82.893	80.428	79.756	80.945	82.21	82.58	80.408	80.375	82.104	82.19
1600	81.587	84.748	82.859	83.348	82.117	80.899	81.926	82.945	82.894	81.958	82.657	82.624	81.553	82.335		1600	81.893	81.9	81.194	82.826	82.195	82.573	81.563	81.601	81.824	83.536	82.335		1600	82.897	83.066	80.615	79.961	81.113	82.428	82.782	80.556	80.609	82.313	82.335
1700	81.801	84.922	82.964	83.527	82.257	81.072	82.056	83.07	83.074	82.094	82.766	82.715	81.741	82.438		1700	82.019	82.056	81.375	82.945	82.313	82.691	81.725	81.733	81.955	83.69	82.438		1700	83.018	83.223	80.789	80.151	81.227	82.594	82.977	80.724	80.766	82.522	82.438
1800	81.984	85.09	83.078	83.722	82.403	81.282	82.2	83.186	83.23	82.238	82.884	82.861	81.962	82.567		1800	82.175	82.204	81.545	83.079	82.443	82.803	81.86	81.858	82.084	83.8	82.567		1800	83.149	83.384	80.898	80.366	81.376	82.76	83.181	80.863	80.924	82.719	82.567
1900	82.215	85.265	83.212	83.9	82.582	81.515	82.365	83.332	83.409	82.403	83.015	83.011	82.189	82.691		1900	82.349	82.308	81.756	83.213	82.584	82.951	82.047	82.006	82.248	83.997	82.691		1900	83.281	83.534	81.068	80.575	81.535	82.952	83.368	81.038	81.103	82.92	82.691
2000	82.447	85.437	83.378	84.121	82.75	81.749	82.548	83.488	83.609	82.578	83.183	83.169	82.431	82.886		2000	82.539	82.429	81.962	83.383	82.748	83.14	82.245	82.173	82.42	84.058	82.886		2000	83.448	83.721	81.247	80.813	81.704	83.169	83.578	81.226	81.29	83.159	82.886
2120	82.751	85.679	83.596	84.379	83.018	82.045	82.798	83.713	83.853	82.805	83.393	83.425	82.734	83.128		2120	82.796	82.656	82.262	83.585	82.97	83.364	82.49	82.388	82.665	84.383	83.128		2120	83.663	83.944	81.503	81.07	81.923	83.379	83.837	81.458	81.503	83.42	83.128
2240	83.107	85.938	83.822	84.65	83.305	82.367	83.069	83.966	84.103	83.083	83.632	83.668	83.086	83.399		2240	83.097	82.897	82.56	83.82	83.215	83.604	82.762	82.62	82.935	84.545	83.399		2240	83.874	84.218	81.78	81.395	82.178	83.647	84.108	81.723	81.766	83.723	83.399
2360	83.456	86.201	84.108	84.947	83.595	82.726	83.368	84.265	84.38	83.367	83.905	83.946	83.475	83.698		2360	83.406	83.169	82.91	84.081	83.487	83.885	83.089	82.897	83.233	84.802	83.698		2360	84.139	84.456	82.063	81.739	82.438	83.916	84.41	82.054	82.024	84.011	83.698
2500	83.902	86.52	84.438	85.291	83.993	83.161	83.74	84.614	84.729	83.733	84.233	84.312	83.915	84.071		2500	83.805	83.519	83.334	84.411	83.861	84.232	83.463	83.25	83.616	85.099	84.071		2500	84.435	84.76	82.429	82.138	82.773	84.23	84.763	82.431	82.359	84.382	84.071
2650	84.406	86.883	84.851	85.676	84.429	83.665	84.174	85.032	85.096	84.173	84.631	84.757	84.404	84.515		2650	84.262	83.908	83.818	84.792	84.26	84.664	83.92	83.669	84.062	85.479	84.515		2650	84.809	85.11	82.881	82.619	83.162	84.603	85.152	82.873	82.712	84.783	84.515
2800	84.934	87.271	85.277	86.084	84.915	84.181	84.642	85.476	85.502	84.64	85.064	85.213	84.939	84.995		2800	84.757	84.352	84.33	85.199	84.712	85.115	84.403	84.097	84.532	85.876	84.995		2800	85.207	85.514	83.358	83.108	83.577	84.983	85.555	83.361	83.087	85.212	84.995
3000	85.691	87.815	85.934	86.66	85.613	84.915	85.332	86.151	86.07	85.311	85.698	85.875	85.693	85.645		3000	85.468	84.982	85.066	85.782	85.366	85.785	85.103	84.746	85.217	86.42	85.645		3000	85.746	86.033	83.991	83.83	84.18	85.508	86.127	84.085	83.66	85.8	85.645
3150	86.294	88.248	86.45	87.103	86.165	85.507	85.895	86.701	86.536	85.864	86.217	86.44	86.287	86.202		3150	86.03	85.491	85.646	86.269	85.872	86.331	85.659	85.253	85.773	86.869	86.202		3150	86.242	86.492	84.595	84.387	84.688	85.972	86.599	84.665	84.109	86.263	86.202
3350	87.141	88.89	87.216	87.769	86.969	86.342	86.676	87.483	87.182	86.637	86.957	87.175	87.131	86.998		3350	86.845	86.235	86.471	86.957	86.648	87.094	86.459	85.993	86.562	87.548	86.998		3350	86.928	87.132	85.372	85.191	85.382	86.609	87.209	84.898	84.786	86.915	86.998
3550	88.059	89.575	88.041	88.464	87.824	87.218	87.512	88.292	87.915	87.491	87.763	88.039	88.04	87.859		3550	87.735	87.059	87.349	87.727	87.487	87.927	87.329	86.827	87.44	88.306	87.859		3550	87.665	87.851	85.614	86.023	86.161	87.314	87.981	85.392	85.464	87.609	87.859
3750	89.055	90.34	88.949	89.251	88.759	88.196	88.454	89.238	88.712	88.425	88.674	88.976	89.035	88.813		3750	88.694	87.974	88.307	88.598	88.406	88.85	88.261	87.724	88.344	89.118	88.813		3750	88.518	88.616	86.46	86.967	87.036	88.071	88.755	86.376	86.251	88.388	88.813
4000	90.436	91.465	90.26	90.357	90.108	89.548	89.769	90.551	89.875	89.761	89.976	90.306	90.401	90.135		4000	90.04	89.253	89.667	89.818	89.71	90.175	89.611	89.019	89.699	90.323	90.135		4000	89.713	89.771	87.838	88.265	88.26	89.156	89.531	87.743	87.376	89.481	90.135
4250	92.007	92.753	91.754	91.657	91.625	91.093	91.276	92.046	91.252	91.269	91.456	91.812	91.962	91.66		4250	91.589	90.73	91.211	91.26	91.218	91.687	91.12	90.483	91.21	91.723	91.66		4250	91.099	91.105	89.349	89.734	89.683	90.527	90.76	89.25	88.804	90.751	91.66
4500	93.826	94.378	93.518	93.258	93.433	92.865	93.047	93.808	92.859	93.027	93.223	93.601	93.746	93.425		4500	93.388	92.464	92.991	92.972	92.988	93.449	92.904	92.209	92.991	93.41	93.425		4500	92.808	92.775	91.145	91.463	91.406	92.346	92.43	91.029	90.365	92.354	93.425
4750	95.94	96.322	95.574	95.187	95.462	94.906	95.096	95.885	94.835	95.072	95.281	95.677	95.81	95.477		4750	95.472	94.505	95.05	94.99	95.034	95.513	94.966	94.237	95.051	95.43	95.477		4750	94.856	94.757	93.128	93.411	93.42	94.184	94.416	92.986	92.041	94.294	95.477
5000	98.369	98.527	97.925	97.365	97.825	97.275	97.435	98.255	97.053	97.422	97.657	98.039	98.219	97.761		5000	97.875	96.808	97.425	97.297	97.382	97.861	97.33	96.562	97.451	97.724	97.761		5000	97.096	96.864	95.311	95.659	95.656	96.209	96.546	95.176	94.15	96.426	97.761
5300	101.669	101.508	101.112	100.32	101.02	100.475	100.609	101.462	100.079	100.596	100.88	101.253	101.463	100.92		5300	101.128	99.964	100.632	100.453	100.576	101.058	100.557	99.698	100.681	100.8	100.92		5300	100.175	99.592	98.34	98.687	98.749	99.083	99.452	98.213	97.055	99.371	100.92
5600	104.454	104.088	103.86	102.85	103.757	103.195	103.316	104.179	102.641	103.317	103.586	103.994	104.213	103.699		5600	103.875	102.616	103.365	103.086	103.302	103.764	103.267	102.357	103.407	103.444	103.699		5600	102.795	102.117	101.038	101.261	101.357	101.642	101.916	100.902	99.626	101.834	103.699
6000	104.152	103.756	103.727	102.427	103.576	103.008	103.137	103.956	102.245	103.183	103.272	103.844	104.056	103.599		6000	103.633	102.421	103.237	102.672	103.11	103.588	103.015	102.075	103.116	103.108	103.599		6000	102.508	101.936	101.132	101.228	101.056	101.593	101.411	100.941	99.522	101.288	103.599
6300	102.483	101.991	102.078	100.541	101.899	101.311	101.43	102.288	100.44	101.535	101.564	102.212	102.407	101.94		6300	101.958	100.72	101.57	100.86	101.442	101.915	101.298	100.332	101.398	101.372	101.94		6300	100.749	100.156	99.404	99.55	99.259	99.919	99.526	99.196	97.712	99.374	101.94
6700	100.7	100.287	100.454	98.712	100.152	99.559	99.705	100.607	98.654	99.915	99.925	100.627	100.746	100.254		6700	100.333	99.013	99.899	99.095	99.803	100.264	99.585	98.55	99.718	99.651	100.254		6700	98.935	98.409	97.518	97.681	97.402	97.888	97.677	97.277	95.799	97.493	100.254
7100	100.029	99.45	99.795	97.853	99.224	98.74	98.922	99.911	97.818	99.29	99.264	99.945	100.04	99.489		7100	99.708	98.258	99.167	98.243	99.124	99.375	98.826	97.707	98.956	98.882	99.489		7100	98.111	97.385	96.506	96.632	96.425	96.928	96.695	96.236	94.808	96.559	99.489
7500	100.265	99.239	100.029	97.613	99.276	98.856	98.896	100.043	97.707	99.288	99.441	99.827	100.296	99.607		7500	99.994	98.39	99.279	98.217	99.194	99.259	98.986	97.733	99.107	98.826	99.607		7500	98.056	96.983	96.201	96.345	96.253	96.522	96.248	95.891	94.225	96.272	99.607
8000	101.522	99.743	101.153	98.053	100.008	99.629	99.304	101.126	98.388	98.559	100.492	100.454	100.955	99.868		8000	100.82	98.31	100.064	98.944	99.666	100.226	99.876	98.226	100.125	99.256	99.868		8000	98.67	97.252	96.623	96.569	96.614	96.519	96.496	96.207	94.22	96.563	99.868
8500	103.459	101.141	102.417	99.391	101.956	100.748	101.029	103.231	99.757	99.804	102.497	102.106	102.601	100.997		8500	102.378	99.765	101.861	100.433	100.863	102.319	101.079	99.464	101.796	100.848	100.997		8500	100.071	98.418	97.845	97.687	97.564	97.646	97.636	97.387	95.103	97.739	100.997
9000	107.21	103.74	105.707	101.96	105.166	102.767	103.897	106.61	102.236	102.694	105.809	104.597	104.59	103.828		9000	104.962	101.54	104.379	103.038	103.408	105.737	103.592	101.454	104.814	103.3	103.828		9000	102.021	100.622	100.045	99.862	99.666	99.499	99.812	99.567	96.742	100.172	103.828
9500	112.432	106.229	108.9	104.489	109.409	105.736	107.893	109.772	104.884	107.186	108.544	109.517	109.638	108.366		9500	109.751	104.897	108.173	105.095	108.246	109.405	106.422	103.91	107.325	106.273	108.366		9500	105.411	103.795	102.335	102.745	101.818	102.13	102.852	102.483	99.202	102.887	108.366
10000	113.947	109.604	111.66	106.894	113.079	112.136	112.44	111.455	107.678	112.51	110.463	112.683	115.904	112.722		10000	112.509	110.458	113.848	109.141	112.458	111.271	112.555	109.087	111.649	109.58	112.722		10000	109.025	107.541	106.324	107.179	105.89	105.621	105.855	104.905	102.529	105.745	112.722
10600	110.735	111.293	110.197	111.937	113.155	116.464	114.47	110.819	110.911	114.037	109.197	110.907	113.629	111.865		10600	110.71	113.49	112.673	112.995	111.585	111.119	113.393	114.764	111.073	111.467	111.865		10600	112.183	111.001	112.455	113.126	112.477	111.043	110.005	111.051	105.776	110.534	111.865
11200	110.767	112.1	110.387	114.11	112.685	114.853	113.745	110.896	111.627	113.368	109.449	111.245	112.783	112.231		11200	110.718	112.381	111.906	113.333	111.295	111.336	112.698	115.176	110.803	112.092	112.231		11200	113.078	115.898	117.697	119.267	116.859	115.608	115.783	118.523	114.217	114.379	112.231
11800	115.68	116.917	115.301	118.43	117.066	118.511	117.787	115.863	115.882	117.701	114.746	116.171	117.308	117.019		11800	115.772	116.852	116.298	117.674	115.798	116.175	117.088	118.91	116.499	116.947	117.019		11800	117.68	120.278	120.75	121.41	120.717	120.175	120.502	122.123	122.256	118.88	117.019
12500	112.725	113.836	112.631	114.6	113.965	114.785	113.881	113.05	112.189	114.354	111.885	113.285	114.2	113.944		12500	112.312	115.157	112.839	113.755	113.729	112.851	113.48	114.985	113.068	113.501	113.944		12500	113.984	115.488	115.836	116.247	116.223	115.687	115.459	117.016	117.503	114.686	113.944
13200	103.87	104.769	103.871	106.23	105.24	106.058	105.486	104.673	105.463	105.299	103.402	104.689	105.12	104.739		13200	103.463	105.559	103.758	104.57	104.576	103.985	104.415	105.461	104.127	104.398	104.739		13200	104.796	106.102	105.996	105.989	106.376	105.838	105.605	106.774	107.919	105.164	104.739
14000	99.055	99.676	98.912	100.75	99.928	100.717	100.502	99.484	99.811	100.036	98.363	99.489	100.028	99.558		14000	98.653	100.226	100.044	100.165	99.101	99.134	99.313	100.002	99.112	99.369	99.558		14000	99.592	100.535	100.314	100.509	100.614	100.001	99.827	100.982	101.616	99.745	99.558
15000	96.404	97.036	96.168	97.786	97.218	97.674	97.531	96.815	96.802	97.104	95.661	96.728	97.293	96.939		15000	96.437	97.278	96.954	97.241	96.34	96.455	96.954	97.295	96.234	96.626	96.939		15000	96.821	97.254	96.678	97.36	97.379	96.534	97.004	97.412	97.732	96.754	96.939
16000	96.918	97.426	96.501	97.833	97.591	97.905	97.816	97.193	97.027	97.482	96.158	97.176	97.733	97.313		16000	96.85	97.569	97.252	97.413	96.791	96.89	97.278	97.563	96.607	97.04	97.313		16000	97.306	97.683	97.369	97.369	97.899	97.02	97.602	97.385	97.151	97.269	97.313
17000	101.282	101.734	100.867	102.036	101.957	102.189	102.087	101.613	101.304	101.772	100.561	101.52	102.073	101.535		17000	101.214	101.851	101.58	101.733	101.199	101.296	101.556	101.831	101.044	101.418	101.535		17000	101.627	101.889	101.556	101.49	102.427	101.397	101.841	101.516	101.117	101.546	101.535
18000	103.858	104.309	103.475	104.533	104.374	104.591	104.503	103.984	103.679	104.187	102.99	103.941	104.519	104.081		18000	103.633	104.173	103.956	104.122	103.626	103.746	103.929	104.201	103.45	103.835	104.081		18000	103.907	103.517	103.193	103.182	104.597	103.106	103.372	103.198	103.554	103.78	104.081
19000	96.252	96.666	95.921	96.856	96.734	96.932	96.824	96.362	96.016	96.535	95.388	96.32	96.86	96.343		19000	95.98	96.457	96.297	96.417	95.936	96.137	96.252	96.49	95.825	96.202	96.343		19000	96.37	95.679	95.301	95.307	96.875	95.225	95.462	95.367	95.664	96.122	96.343
20000	93.326	93.682	92.984	93.871	93.784	93.969	93.87	93.441	93.044	93.567	92.468	93.379	93.895	93.149		20000	93.124	93.563	93.423	93.498	93.033	93.241	93.326	93.564	92.953	93.319	93.149		20000	93.632	92.655	92.242	92.289	93.976	92.146	92.424	92.335	92.43	93.295	93.149
21200	93.357	93.708	93.049	93.844	93.828	93.997	93.913	93.487	93.025	93.503	92.458	93.419	93.864	93.13		21200	93.224	93.548	93.447	93.491	93.049	93.296	93.354	93.528	93.018	93.305	93.13		21200	93.779	92.296	91.838	91.92	94.007	91.793	91.98	91.896	91.867	93.346	93.13
22400	88.7	89.119	88.46	89.149	89.085	89.26	89.23	88.898	88.34	88.923	87.772	88.712	89.178	88.452		22400	88.702	89.02	88.765	88.883	88.374	88.699	88.701	88.887	88.431	88.697	88.452		22400	89.348	87.109	86.537	86.826	89.495	86.769	86.805	86.395	86.727	88.784	88.452
23600	88.623	89.046	88.356	89.009	89.062	89.165	89.269	88.976	88.286	88.966	87.825	88.796	89.191	88.359		23600	89.01	89.25	88.931	88.927	88.584	88.802	88.779	88.957	88.519	88.784	88.359		23600	89.65	86.776	86.353	86.529	89.646	86.58	86.461	86.155	86.434	88.941	88.359
25000	97.296	97.57	96.958	97.489	97.655	97.738	97.955	97.623	96.878	97.598	96.538	97.583	97.923	96.956		25000	97.644	97.975	97.64	97.556	97.271	97.441	97.458	97.512	97.218	97.43	96.956		25000	98.123	94.765	94.42	94.414	97.96	94.407	94.44	94.18	94.358	97.397	96.956
26500	94.551	94.78	94.166	94.614	94.741	94.888	95.102	94.772	93.983	94.724	93.679	94.745	95.124	94.203		26500	94.684	94.956	94.665	94.608	94.279	94.477	94.504	94.513	94.269	94.444	94.203		26500	94.891	90.161	89.82	89.818	94.764	89.822	89.907	89.648	89.706	94.195	94.203
28000	92.968	93.071	92.55	92.946	93.152	93.242	93.428	93.151	92.299	93.028	91.969	93.149	93.471	92.332		28000	92.822	93.105	92.839	92.672	92.407	92.581	92.583	92.593	92.463	92.602	92.332		28000	92.852	86.932	86.64	86.555	92.488	86.593	86.618	86.433	86.416	91.93	92.332
30000	104.275	104.506	104.084	104.406	104.62	104.793	104.869	104.512	103.544	104.285	103.306	104.595	104.716	103.51		30000	104.134	104.398	104.038	103.818	103.685	103.768	103.873	103.678	103.837	103.769	103.51		30000	104.068	96.151	95.991	95.758	103.395	95.745	95.799	95.625	95.589	102.889	103.51
31500	97.46	98.517	97.788	98.375	98.6	99.177	98.44	97.381	97.128	98.59	96.759	97.139	98.405	98.357		31500	98.697	98.751	98.518	98.447	98.277	98.299	98.416	98.346	98.368	98.403	98.357		31500	98.121	88.482	88.1	87.944	97.764	88.004	88.284	87.711	87.675	97.14	98.357
33500	101.006	100.397	100.609	100.439	99.737	99.631	100.137	100.606	100.07	100.098	100.053	100.259	99.742	100.499		33500	99.571	101.077	99.921	100.572	99.865	100.465	100.722	100.998	99.625	100.464	100.499		33500	101.328	86.21	85.999	85.704	100.592	85.614	85.803	85.667	85.475	100.122	100.499
35500	98.721	98.872	98.656	98.953	97.807	98.655	98.783	98.657	98.195	98.495	98.022	98.505	98.056	98.703		35500	97.846	97.684	98.11	98.014	97.4	97.931	97.693	97.92	97.457	97.449	98.703		35500	98.698	88.41	88.234	87.813	98.637	88.029	88.066	87.818	87.56	97.97	98.703
37500	93.546	94.061	92.827	94.324	93.526	93.7	93.697	93.794	93.607	93.329	92.83	92.705	93.443	94.597		37500	92.476	92.201	92.772	93.434	93.103	93.335	93.452	93.758	92.799	93.196	94.597		37500	92.546	79.666	78.798	79.392	94.029	79.508	79.33	78.866	79.033	93.507	94.597
40000	87.508	86.72	85.451	88.2	85.121	86.41	86.073	85.896	85.927	85.032	84.859	84.778	85.359	87.319		40000	84.3	84.534	85.057	85.658	85.219	85.536	85.737	86.085	84.932	85.515	87.319		40000	84.402	77.721	77.021	77.276	85.544	77.036	77.013	76.556	78.31	85.365	87.319
42500	77.937	75.259	78.294	78.222	77.011	78.289	77.829	77.637	77.395	75.177	77.538	77.203	77.747	74.31		42500	72.694	73.043	73.648	73.721	73.213	73.545	73.382	74.251	72.906	73.509	74.31		42500	72.676	71.916	71.99	71.84	73.338	71.843	70.78	70.865	71.106	72.783	74.31
45000	73.225	75.232	73.768	73.232	72.988	73.416	73.543	73.526	72.618	74.146	73.39	73.437	74.203	71.129		45000	73.08	73.754	70.777	70.875	69.976	68.517	70.591	69.729	72.977	70.938	71.129		45000	67.242	78.271	78.628	78.284	67.877	78.239	77.456	77.487	77.497	67.3	71.129

## FR VP
Hz	FR VP_0.3mg_#1	FR VP_0.3mg_#2	FR VP_0.3mg_#3	FR VP_0.3mg_#4	FR VP_0.3mg_#5	FR VP_0.3mg_#6	FR VP_0.3mg_#7	FR VP_0.3mg_#8	FR VP_0.3mg_#9	FR VP_0.3mg_#10	FR VP_0.3mg_#11	FR VP_0.3mg_#12	FR VP_0.3mg_#13	FR VP_0.3mg_#14	FR VP_0.3mg_#15	FR VP_0.3mg_#16	FR VP_0.3mg_#17	FR VP_0.3mg_#18	FR VP_0.3mg_#19	FR VP_0.3mg_#20	PV2 GN REF		Hz	FR VP_0.4mg_#1	FR VP_0.4mg_#2	FR VP_0.4mg_#3	FR VP_0.4mg_#4	FR VP_0.4mg_#5	FR VP_0.4mg_#6	FR VP_0.4mg_#7	FR VP_0.4mg_#8	FR VP_0.4mg_#9	FR VP_0.4mg_#10	PV2 GN REF		Hz	FR VP_0.5mg_#1	FR VP_0.5mg_#2	FR VP_0.5mg_#3	FR VP_0.5mg_#4	FR VP_0.5mg_#5	FR VP_0.5mg_#6	FR VP_0.5mg_#7	FR VP_0.5mg_#8	FR VP_0.5mg_#9	FR VP_0.5mg_#10	PV2 GN REF
20	67.666	69.173	67.679	68.303	67.441	70.428	70.127	63.793	68.965	63.594	68.482	69.677	68.841	69.528	70.381	77.798	67.756	69.988	69.864	70.527	69.813		20	70.555	63.772	69.17	69.219	68.132	67.228	69.973	69.363	67.562	68.815	69.813		20	68.252	70.534	68.737	68.407	69.67	68.709	68.392	69.013	45.285	67.691	69.813
21.2	66.65	68.924	68.616	67.131	65.398	70.404	71.112	64.421	66.574	59.452	64.533	69.051	67.845	70.323	70.62	74.285	69.128	70.906	70.585	69.818	70.775		21.2	68.547	66.99	70.42	69.577	68.804	67.589	68.773	69.27	71.267	69.045	70.775		21.2	69.186	68.54	70.471	64.014	66.957	47.752	69.569	69.096	67.609	68.421	70.775
22.4	68.82	67.417	69.722	67.922	70.219	70.72	69.737	64.796	69.798	62.491	70.495	69.643	69.216	70.097	71.178	71.553	68.357	70.725	70.948	70.359	68.214		22.4	67.622	70.641	71.86	69.92	68.993	69.58	67.788	68.355	68.704	70.013	68.214		22.4	68.662	72.278	70.986	69.374	68.474	69.926	61.016	69.303	67.271	68.48	68.214
23.6	71.441	69.315	67.92	68.926	70.122	70.88	69.534	65.742	69.267	62.783	69.555	71.359	70.935	71.422	70.405	70.736	69.899	72.065	71.305	70.052	71.269		23.6	69.764	69.656	71.249	70.702	70.135	69.586	71.146	70.497	66.894	69.748	71.269		23.6	70.329	71.121	70.835	68.638	69.432	71.306	70.049	68.592	67.825	70.189	71.269
25	69.756	69.37	70.466	68.346	69.96	71.359	69.883	66.762	70.844	61.59	72.289	72.087	70.876	70.766	71.638	72.517	71.273	72.887	70.928	70.305	72.195		25	69.935	68.848	72.195	70.276	68.991	70.491	71.376	70.922	65.555	71.527	72.195		25	70.395	71.712	71.852	70.438	69.806	71.529	70.386	69.54	68.064	70.847	72.195
26.5	71.009	70.856	70.244	69.621	70.111	72.092	71.254	66.925	70.898	64.381	69.52	70.606	71.662	72.346	73.422	72.546	71.651	73.18	72.074	70.087	72.953		26.5	70.208	70.384	71.812	71.992	71.036	70.796	70.58	70.561	67.702	71.362	72.953		26.5	71.273	72.527	72.078	70.283	70.393	78.627	69.791	70.401	70.241	70.432	72.953
28	71.743	70.607	70.08	70.945	71.339	73.198	71.156	67.54	71.042	64.278	70.008	72.302	72.455	72.136	72.826	72.875	70.629	73.16	71.216	72.555	72.264		28	68.51	70.254	73.613	71.338	70.573	71.124	72.433	70.672	68.892	72.444	72.264		28	70.413	72.083	72.649	70.377	70.675	66.512	71.473	71.463	68.806	70.501	72.264
30	71.453	73.054	70.367	69.914	71.27	73.916	72.095	68.828	70.979	65.745	71.608	72.578	71.488	72.012	73.57	74.051	70.804	73.733	71.829	71.124	71.706		30	70.194	71.376	74.211	71.778	72.74	71.766	72.197	72.09	67.561	73.366	71.706		30	71.071	72.674	72.698	71.722	71.393	72.706	72.081	71.331	68.807	70.894	71.706
31.5	71.476	72.577	72.391	71.519	73.012	74.919	71.98	67.151	72.089	67.055	70.566	71.711	72.383	72.894	73.634	74.921	71.691	74.067	71.666	72.304	72.643		31.5	69.49	72.392	74.175	73.566	71.057	72.248	72.514	72.083	69.076	73.83	72.643		31.5	70.678	74.18	72.61	72.567	72.08	72.1	71.851	71.375	70.575	71.06	72.643
33.5	71.71	72.971	70.934	70.826	71.548	73.767	72.841	69.178	73.202	68.965	72.909	73.94	72.656	73.509	74.087	74.247	72.645	74.8	73.482	72.81	73.931		33.5	71.545	72.616	73.393	73.293	72.484	73.036	72.686	72.34	70.308	74.108	73.931		33.5	72.77	74.292	74.498	71.331	72.974	73.252	73.113	72.612	71.38	72.946	73.931
35.5	72.125	74.282	72.456	72.123	72.754	74.916	72.669	69.66	73.014	62.479	73.117	73.506	72.28	73.891	74.292	74.682	73.741	74.169	72.927	73.239	73.88		35.5	72.482	71.982	73.914	74.244	73.198	72.631	72.605	73.115	71.436	73.52	73.88		35.5	73.219	73.743	73.552	73.356	70.531	72.779	73.645	73.528	72.248	73.778	73.88
37.5	72.594	73.645	72.469	72.151	73.806	74.886	72.41	69.425	72.821	66.605	74.331	73.501	73.31	75.076	74.985	73.98	74.07	75.093	73.391	74.023	74.294		37.5	71.709	73.538	74.936	74.448	73.012	74.1	72.989	73.885	71.329	74.316	74.294		37.5	71.965	74.119	74.487	72.839	71.615	74.057	74.021	72.835	72.288	72.669	74.294
40	74.127	74.529	74.24	74.296	74.281	75.626	74.64	70.333	73.61	68.982	73.194	74.236	75.624	75.356	74.608	75.127	75.08	75.287	73.983	74.477	75.028		40	72.335	73.894	75.014	74.665	73.811	73.973	73.625	73.854	69.913	74.411	75.028		40	72.531	74.759	74.655	74.055	72.272	74.08	74.566	73.776	73.038	74.78	75.028
42.5	72.741	74.401	72.677	72.688	74.356	75.687	72.949	72.207	74.295	68.105	74.147	75.369	73.981	75.279	75.97	76.47	73.987	75.897	75.044	74.589	76.111		42.5	72.163	73.593	75.498	75.145	74.563	71.913	73.745	74.89	69.13	74.311	76.111		42.5	73.101	77.018	75.335	73.77	72.668	74.868	74.922	75.349	70.863	74.029	76.111
45	73.92	74.423	74.249	73.62	74.529	76.122	75.466	71.392	73.157	68.333	76.411	74.779	75.821	75.74	75.686	75.732	74.05	75.785	76.31	75.321	75.954		45	73.115	74.87	74.545	75.729	73.776	74.025	75.276	75.307	70.11	76.173	75.954		45	72.694	75.439	74.624	74.3	73.848	74.817	75.876	74.38	73.526	74.25	75.954
47.5	73.653	75.17	76.754	74.154	76.099	76.162	73.899	70.6	74.673	68.704	75.056	75.508	75.97	76.037	77.007	74.993	74.499	76.001	75.602	75.599	76.639		47.5	73.348	76.326	78.291	75.54	73.819	76.844	75.009	75.854	72.557	75.902	76.639		47.5	73.627	76.749	75.298	75.153	72.93	75.873	74.953	73.87	72.657	75.291	76.639
50	75.188	75.691	73.305	73.945	75.03	76.021	74.442	69.991	75.597	66.821	73.683	76.261	75.348	76.554	76.916	76.445	75.031	75.856	74.89	74.832	75.84		50	72.679	74.31	76.635	75.766	75.326	73.962	74.868	75.794	71.064	75.137	75.84		50	75.12	77.195	76.324	75.225	73.537	76.159	74.136	75.196	73.768	74.03	75.84
53	74.552	75.372	74.748	74.309	75.377	77.246	75.165	72.586	75.589	68.85	76.841	76.096	76.51	76.277	76.804	77.229	75.168	76.814	76.154	75.835	76.657		53	74.141	75.533	77.589	75.551	74.966	75.578	75.462	76.904	73.311	75.661	76.657		53	73.236	76.892	75.06	76.061	74.937	76.963	76.416	75.577	75.445	74.735	76.657
56	75.198	76.413	73.766	74.521	75.089	77.122	75.963	72.723	75.128	69.101	75.683	76.691	76.227	76.961	77.392	77.305	75.29	76.297	75.934	75.306	77.027		56	73.962	73.994	77.239	76.686	75.67	75.735	75.773	76.294	73.871	76.783	77.027		56	75.087	77.308	76.646	76.158	75.171	76.598	75.61	76.387	75.927	75.451	77.027
60	75.918	76.131	75.216	75.717	75.1	77.263	75.492	74.242	76.589	68.526	75.305	76.944	76.437	77.138	77.879	77.248	76.704	77.121	76.524	76.719	77.048		60	73.031	74.954	77.284	77.303	76.074	75.494	76.195	76.754	73.951	76.734	77.048		60	75.757	78.212	77.048	75.786	75.773	76.92	76.752	76.811	74.88	76.322	77.048
63	76.514	77.419	75.976	75.277	77.116	77.801	76.737	71.837	75.61	69.815	76.891	76.628	77.328	78.177	78.398	76.741	76.3	77.346	76.744	76.547	77.135		63	75.432	76.458	78.044	77.291	76.648	77.173	76.745	77.314	74.576	76.885	77.135		63	75.456	77.734	76.635	77.211	75.524	77.73	77.351	77.079	76.222	77.566	77.135
67	77.022	78.548	76.391	75.907	75.65	78.746	77.14	73.723	76.211	70.694	76.679	77.494	76.436	77.083	77.775	77.746	76.555	78.041	76.197	76.89	77.335		67	75.563	76.701	78.017	77.842	76.759	76.788	76.448	76.92	74.025	77.257	77.335		67	77.064	77.735	77.049	77.017	75.843	77.496	77.235	77.576	75.175	77.015	77.335
71	77.144	78.041	75.661	76.552	77.593	78.508	76.634	73.733	76.984	71.812	76.325	77.895	77.474	77.697	78.904	77.263	76.909	77.952	77.679	77.632	77.743		71	75.824	77.263	78.526	78.118	77.473	77.133	76.614	77.722	74.966	77.53	77.743		71	77.141	78.114	77.817	76.394	75.744	78.259	77.285	77.89	76.115	76.302	77.743
75	77.648	78.057	76.674	76.303	77.182	78.566	77.717	73.602	76.74	72.213	77.762	77.63	77.868	78.051	78.333	77.389	77.104	78.287	78.214	77.467	78.69		75	76.524	76.75	78.881	78.29	77.652	77.303	77.844	78.014	74.764	78.159	78.69		75	77.628	78.483	77.967	77.599	76.768	78.293	77.711	78.159	76.227	77.46	78.69
80	77.407	78.368	76.736	77.563	78.174	79.107	77.44	74.367	77.895	73.15	76.863	77.958	77.664	78.189	78.795	78.345	77.734	78.505	77.925	77.455	78.74		80	76.824	77.185	78.476	78.374	77.406	77.709	77.336	78.277	75.47	78.427	78.74		80	77.994	79.256	78.583	77.435	77.12	78.516	77.376	78.681	75.739	77.289	78.74
85	77.943	78.684	77.085	77.039	77.572	79.201	78.081	74.096	76.782	73.788	77.534	78.648	78.342	78.594	79.249	77.99	77.897	78.886	77.895	78.148	78.987		85	76.53	77.012	79.211	79.296	78.001	78.06	78.107	78.279	75.184	78.551	78.987		85	78.06	79.424	78.016	79.386	76.455	78.541	77.981	78.637	76.918	77.511	78.987
90	78.367	79.141	77.153	77.926	78.233	80.179	78.767	74.25	78.189	74.271	77.933	78.791	78.678	78.39	79.19	78.192	78.191	79.257	78.44	78.846	79.387		90	77.567	76.847	79.241	79.067	78.703	78.421	78.032	78.449	76.559	78.711	79.387		90	78.84	79.549	78.756	79.08	77.319	79.681	77.815	78.909	76.539	77.723	79.387
95	78.246	78.647	78.388	77.587	78.502	79.282	77.893	76.389	77.399	73.671	78.066	78.834	78.691	79.148	79.001	78.913	78.383	79.086	78.802	77.807	79.143		95	77.318	78.148	78.899	79.322	77.793	77.554	78.756	79.495	75.002	78.56	79.143		95	78.062	78.966	78.411	77.73	76.975	78.993	79.522	78.501	77.982	78.035	79.143
100	77.947	78.912	78.35	78.14	79.214	79.307	78.044	77.017	79.126	72.917	77.979	78.889	78.594	78.975	79.156	79.009	78.492	78.997	79.54	78.384	78.87		100	78.379	78.679	78.941	78.92	78.044	78.434	78.698	79.83	76.885	78.974	78.87		100	78.729	79.153	79.103	77.652	76.721	79.509	79.642	79.298	77.424	78.313	78.87
106	78.779	78.669	78.363	78.193	79.299	79.631	78.328	76.873	78.251	73.187	77.995	79.445	78.573	79.338	79.568	78.776	78.764	79.185	79.413	78.829	79.504		106	77.934	78.762	79.162	79.658	78.312	78.589	79.007	79.957	74.69	79.011	79.504		106	78.048	79.552	78.635	78.075	77.617	79.013	79.931	78.665	78.354	78.248	79.504
112	78.968	79.562	77.976	78.898	78.987	80.627	79.359	76.176	79.369	75.739	78.871	79.388	79.446	79.367	79.922	78.426	78.624	79.624	79.182	78.616	79.855		112	78.321	77.801	79.964	79.761	78.995	79.345	78.787	79.897	77.023	79.455	79.855		112	79.651	80.333	79.629	79.055	78.255	80.043	78.849	80.191	77.84	78.332	79.855
118	79.354	79.615	78.202	78.152	79.098	80.496	79.444	76.097	78.653	75.422	78.631	80.002	79.168	79.699	80.016	78.992	79.139	79.974	79.201	79.363	80.236		118	77.893	78.379	80.358	80.245	79.36	79.116	79.28	80.084	76.528	79.519	80.236		118	79.003	80.167	79.065	79.133	78.244	79.71	79.142	79.839	78.389	78.156	80.236
125	79.781	80.072	78.446	78.737	79.031	80.427	79.446	76.536	78.963	76.081	79.209	79.739	79.268	80.033	80.204	78.821	79.389	79.998	78.889	79.328	80.34		125	78.314	78.444	80.27	80.508	79.6	79.638	79.884	80.042	76.592	79.809	80.34		125	79.412	80.431	79.027	79.53	78.42	80.252	79.23	80.051	78.132	78.741	80.34
132	79.264	80.567	78.766	79.614	80.019	80.409	79.51	77.618	79.587	75.292	78.984	79.883	79.608	79.707	80.042	78.768	79.372	79.933	80.025	79.242	79.98		132	78.659	78.804	80.13	80.06	79.119	79.891	79.094	80.335	77.434	80.274	79.98		132	79.804	80.334	79.731	79.086	77.798	80.657	79.548	80.392	78.266	79.292	79.98
140	79.686	80.295	78.885	79.036	79.898	80.676	79.43	78.108	78.899	76.137	79.278	80.151	79.829	79.971	80.307	79.023	79.661	80.163	79.669	79.761	80.41		140	78.582	78.7	80.457	80.793	79.464	79.852	79.826	80.586	77.092	79.879	80.41		140	79.458	80.385	79.516	79.452	78.828	80.151	79.866	80.551	78.5	78.591	80.41
150	79.743	80.459	79.455	79.225	79.76	80.803	79.76	78.131	79.48	76.065	79.275	80.417	79.657	80.204	80.386	79.006	79.934	80.21	80.018	79.594	80.323		150	78.662	79.058	80.515	81.095	79.646	79.743	80.101	80.709	76.774	79.919	80.323		150	79.634	80.465	79.491	79.5	78.612	80.204	79.897	80.321	79.173	78.97	80.323
160	79.809	80.624	79.348	79.704	80.238	80.8	79.579	78.644	79.578	76.779	79.481	80.528	80.1	80.344	80.373	79.257	79.745	80.287	80.066	79.763	80.686		160	78.87	79.305	80.567	80.96	79.81	79.944	80.132	80.804	77.508	80.193	80.686		160	80.095	80.629	79.72	79.697	78.813	80.858	80.138	80.917	79.207	79.016	80.686
170	79.784	80.766	79.399	79.791	80.109	81.042	80.233	78.784	79.917	76.341	79.588	80.634	80.078	80.344	80.363	79.122	79.889	80.348	80.262	79.768	81.014		170	79.117	79.129	80.686	81.152	79.67	80.391	80.01	81.143	77.793	80.29	81.014		170	80.162	80.759	79.82	79.617	78.797	80.97	80.072	80.806	79.183	79.541	81.014
180	80.167	80.477	79.483	80.123	80.255	81.052	80.342	78.54	79.815	77.36	79.625	80.658	80.168	80.299	80.517	79.065	79.964	80.615	80.302	80.107	80.798		180	79.001	78.827	80.645	81.255	79.871	80.3	80.304	81.084	77.781	80.369	80.798		180	80.262	80.735	79.659	79.902	78.964	81.1	80.01	80.718	79.321	79.39	80.798
190	80.035	80.915	79.499	80.085	80.372	81.182	80.29	79.76	79.865	77.356	79.631	80.416	79.857	80.436	80.619	79.072	80.149	80.526	80.371	80.085	80.763		190	79.146	79.335	80.705	81.314	80.038	80.572	80.628	81.355	77.646	80.4	80.763		190	80.21	80.896	80.094	79.698	79.054	81.093	80.45	80.897	79.405	79.652	80.763
200	80.188	80.981	79.438	80.078	80.464	81.31	80.56	80.174	80.064	77.668	79.791	80.775	80.123	80.365	80.648	78.938	80.092	80.518	80.408	79.997	80.617		200	79.298	79.127	80.842	81.428	80.006	80.484	80.284	81.325	77.992	80.5	80.617		200	80.524	80.842	79.979	79.924	79.007	81.289	80.505	80.921	79.28	79.694	80.617
212	80.536	80.852	79.785	80.253	80.428	81.247	79.46	80.102	80.38	77.426	79.849	80.845	80.279	80.506	80.757	79.09	80.156	80.592	80.457	80.334	80.973		212	79.04	79.313	80.874	81.27	80.179	80.678	80.462	81.62	78.013	80.54	80.973		212	80.536	80.926	79.985	79.908	78.994	81.285	80.55	81.025	79.672	79.586	80.973
224	80.211	80.902	79.634	80.072	80.645	81.297	79.633	80.226	80.048	77.984	79.746	80.868	80.436	80.551	80.683	79.008	80.151	80.366	80.396	79.99	80.975		224	79.267	79.354	81.039	81.589	80.361	80.609	80.511	81.713	78.42	80.661	80.975		224	80.644	80.954	80.204	80.102	79.342	81.311	80.229	81.174	79.754	79.634	80.975
236	80.069	81.242	79.916	80.47	80.691	81.436	80.046	79.487	80.059	77.818	80.004	81.054	80.261	80.527	80.78	79.036	80.148	80.774	80.82	80.265	81.029		236	79.445	79.29	80.985	81.511	80.325	80.731	80.65	81.706	78.152	80.594	81.029		236	80.694	80.788	80.334	80.133	79.006	81.375	80.283	81.364	79.625	79.704	81.029
250	80.011	80.779	79.845	80.587	80.727	81.254	79.671	79.801	80.212	78.168	79.941	81.023	80.218	80.624	80.829	78.882	80.322	80.518	80.795	80.361	81.183		250	79.402	79.196	80.995	81.569	80.373	80.773	80.67	81.937	78.124	80.575	81.183		250	80.805	81.101	80.217	80.178	79.196	81.358	80.533	81.234	79.791	79.86	81.183
265	80.247	81.133	79.762	80.397	80.716	81.337	81.144	79.767	80.41	78.328	80.111	80.901	80.174	80.674	80.752	78.864	80.374	80.646	80.817	80.357	81.211		265	79.319	79.271	81.077	81.685	80.512	80.873	80.52	81.776	78.157	80.786	81.211		265	80.776	80.744	80.301	80.116	79.213	81.574	80.286	81.325	79.835	79.891	81.211
280	80.344	81.191	79.97	80.615	80.731	81.392	80.931	79.884	80.376	78.219	80.169	81.018	80.315	80.49	80.822	78.9	80.214	80.704	80.884	80.594	81.121		280	79.492	79.39	81.198	81.568	80.469	80.787	80.679	81.989	78.421	80.782	81.121		280	80.744	81.016	80.168	80.279	79.017	81.571	80.207	81.307	79.695	79.858	81.121
300	80.176	81.026	79.908	80.597	80.607	81.544	80.789	79.979	80.356	78.728	80.02	80.987	80.32	80.514	80.745	78.76	80.308	80.636	80.899	80.474	81.139		300	79.303	79.01	81.184	82.174	80.486	80.991	80.54	81.852	78.485	80.767	81.139		300	80.857	80.998	80.312	80.286	79.208	81.349	80.403	81.107	79.945	79.98	81.139
315	80.143	81.114	79.92	80.754	80.61	81.509	80.445	80.021	80.318	78.819	80.12	81.044	80.055	80.487	80.921	78.615	80.357	80.791	81.088	80.603	81.049		315	79.4	78.966	81.243	82.149	80.545	80.806	80.799	81.862	78.377	80.723	81.049		315	80.94	81.054	80.32	80.26	79.216	81.518	80.281	81.289	79.959	79.896	81.049
335	80.314	81.281	79.943	80.881	80.679	81.52	80.565	80.051	80.464	78.881	80.116	81.016	80.187	80.486	80.955	78.685	80.254	80.983	80.854	80.461	81.09		335	79.194	78.915	81.163	81.511	80.605	81.084	80.67	81.818	78.589	80.697	81.09		335	80.871	81.012	80.311	80.317	79.326	81.698	80.264	81.277	79.708	79.876	81.09
355	80.054	81.267	80.038	80.896	80.694	81.606	80.661	80.086	80.505	78.948	80.242	81.174	79.995	80.508	80.809	78.577	80.348	80.929	80.9	80.463	81.161		355	79.224	79.035	81.232	81.878	80.487	81.039	80.821	81.925	78.574	80.823	81.161		355	81.011	81.062	80.379	80.383	79.21	81.558	80.12	81.493	79.913	79.83	81.161
375	80.09	81.291	79.993	80.825	80.684	81.595	80.921	80.34	80.437	79.028	80.071	81.182	80.133	80.439	80.701	78.601	80.354	80.693	80.985	80.519	81.077		375	79.065	79.086	81.236	81.881	80.623	81.116	80.785	81.818	78.497	80.793	81.077		375	80.958	80.992	80.445	80.476	79.156	81.59	80.154	81.384	79.895	79.974	81.077
400	80.188	81.132	80.047	80.798	80.77	81.661	80.381	80.36	80.464	79.091	80.185	81.112	79.916	80.453	80.777	78.545	80.27	81.041	81.102	80.601	81.098		400	79.014	78.934	81.282	81.997	80.665	81.164	80.762	81.994	78.529	80.837	81.098		400	80.958	80.931	80.164	80.546	79.221	81.699	79.961	81.293	79.891	79.882	81.098
425	80.011	81.216	80.057	80.94	80.756	81.683	81.011	80.335	80.535	79.154	80.272	81.175	79.812	80.35	80.757	78.532	80.153	80.956	81.084	80.597	81.005		425	79.047	78.905	81.228	81.98	80.719	81.08	80.781	81.852	78.552	80.821	81.005		425	81.003	80.955	80.351	80.432	79.169	81.61	80.101	81.332	79.89	79.856	81.005
450	80.095	81.336	80.136	80.866	80.787	81.702	80.134	80.478	80.593	79.504	80.168	81.234	79.745	80.38	80.787	78.393	80.167	81.025	80.988	80.656	80.914		450	78.873	78.806	81.269	81.894	80.724	81.145	80.754	81.8	78.609	80.744	80.914		450	81.189	80.692	80.477	80.415	79.136	81.558	79.896	81.235	80.047	79.939	80.914
475	79.99	81.186	80.093	80.74	80.614	81.686	81.069	80.348	80.434	79.351	80.237	81.258	79.903	80.409	80.75	78.332	80.072	81.049	81.045	80.569	80.971		475	78.853	78.754	81.277	81.851	80.758	81.128	80.812	81.735	78.753	80.575	80.971		475	81.042	80.995	80.088	80.516	79.112	81.676	79.899	81.267	80.139	79.906	80.971
500	79.811	81.13	80.197	80.837	80.596	81.774	80.227	80.38	80.5	79.651	80.309	81.106	79.77	80.377	80.746	78.208	80.181	80.954	81.111	80.702	80.924		500	78.886	78.756	81.251	81.806	80.803	81.125	80.728	81.838	78.702	80.735	80.924		500	81.035	80.792	80.146	80.445	79.141	81.619	79.773	81.389	80.107	79.895	80.924
530	79.822	81.196	80.077	81.001	80.485	81.681	80.576	80.505	80.531	79.444	80.24	81.169	79.576	80.278	80.88	78.234	80.091	81.009	81.124	80.706	80.851		530	78.879	78.672	81.387	82.006	80.914	81.019	80.805	81.938	78.805	80.765	80.851		530	81.04	80.725	80.158	80.591	79.045	81.576	79.768	81.197	80.027	79.845	80.851
560	79.758	81.14	80.201	81.096	80.485	81.759	80.945	80.631	80.557	79.422	80.269	81.117	79.639	80.315	80.71	78.143	80.059	81.024	81.164	80.739	80.807		560	78.747	78.688	81.296	81.889	80.943	81.228	80.732	81.792	78.797	80.586	80.807		560	81.047	80.695	80.394	80.55	78.988	81.633	79.631	81.053	80.05	79.852	80.807
600	79.742	80.967	80.098	81.153	80.449	81.81	80.734	80.497	80.518	79.51	80.216	81.264	79.6	80.242	80.685	78.033	79.957	80.993	81.212	80.644	80.736		600	78.785	78.535	81.36	81.906	81.016	81.125	80.729	81.828	79.067	80.691	80.736		600	81.246	80.634	80.426	80.66	78.986	81.631	79.591	81.057	80.088	79.76	80.736
630	79.634	80.993	80.109	81.19	80.388	81.8	80.695	80.558	80.565	79.495	80.269	81.174	79.504	80.328	80.609	78.075	79.967	81.01	81.232	80.78	80.65		630	78.819	78.539	81.328	81.93	81.013	81.367	80.757	81.619	79.051	80.606	80.65		630	81.165	80.637	80.237	80.689	78.961	81.667	79.469	81.096	79.854	79.756	80.65
670	79.574	80.969	80.151	81.184	80.378	81.853	80.869	80.73	80.535	79.462	80.262	81.265	79.418	80.263	80.586	78.038	79.938	81.093	81.337	80.758	80.583		670	78.708	78.513	81.392	81.948	81.146	81.166	80.75	81.654	79.117	80.639	80.583		670	81.232	80.496	80.148	80.666	78.793	81.621	79.371	81.072	80.01	79.729	80.583
710	79.631	81.094	80.204	81.211	80.312	81.969	80.964	80.662	80.643	79.583	80.365	81.249	79.466	80.229	80.587	78.012	79.956	81.126	81.345	80.892	80.61		710	78.597	78.443	81.416	82.023	81.131	81.355	80.747	81.687	79.173	80.641	80.61		710	81.302	80.516	80.247	80.755	78.952	81.689	79.441	80.987	79.997	79.783	80.61
750	79.688	80.891	80.294	81.279	80.329	82.032	81.026	80.712	80.664	79.58	80.415	81.351	79.505	80.187	80.666	78.05	79.88	81.121	81.409	80.984	80.619		750	78.695	78.382	81.496	82.069	81.227	81.595	80.813	81.738	79.417	80.687	80.619		750	81.35	80.516	80.256	80.846	78.907	81.719	79.387	81.054	80.106	79.743	80.619
800	79.664	80.972	80.329	81.37	80.392	82.177	81.096	80.836	80.752	79.771	80.474	81.427	79.431	80.277	80.734	78.13	79.919	81.26	81.584	81.181	80.567		800	78.805	78.608	81.653	82.11	81.375	81.645	81.012	81.779	79.521	80.739	80.567		800	81.438	80.57	80.465	80.918	78.985	81.816	79.363	80.991	80.142	79.857	80.567
850	79.704	81.111	80.49	81.508	80.431	82.352	81.298	80.979	80.824	79.861	80.644	81.57	79.586	80.337	80.803	78.243	80.013	81.408	81.779	81.319	80.673		850	78.881	78.764	81.752	82.218	81.564	81.891	81.071	81.826	79.668	80.846	80.673		850	81.662	80.628	80.44	81.081	79.129	81.94	79.53	81.094	80.119	79.999	80.673
900	79.818	81.146	80.639	81.698	80.505	82.566	81.475	81.176	81.047	80.085	80.796	81.72	79.626	80.458	80.933	78.358	80.145	81.619	81.967	81.521	80.795		900	79.008	78.833	81.948	82.428	81.81	81.899	81.236	81.953	79.82	80.947	80.795		900	81.782	80.761	80.634	81.326	79.225	82.095	79.689	81.3	80.394	80.104	80.795
950	80.02	81.428	80.867	81.92	80.68	82.837	81.729	81.358	81.251	80.284	81.02	81.942	79.8	80.592	81.085	78.57	80.278	81.825	82.222	81.782	80.93		950	79.2	79.019	82.177	82.632	82.055	82.216	81.41	82.107	80.095	81.164	80.93		950	82.034	80.913	80.869	81.556	79.434	82.268	79.816	81.377	80.602	80.284	80.93
1000	80.154	81.542	81.083	82.119	80.872	83.046	81.963	81.597	81.475	80.51	81.292	82.201	80.019	80.797	81.275	78.813	80.509	82.086	82.516	81.98	81.094		1000	79.391	79.247	82.407	82.841	82.279	82.466	81.621	82.292	80.307	81.352	81.094		1000	82.342	81.094	81.075	81.83	79.666	82.465	80.014	81.542	80.802	80.545	81.094
1060	80.398	81.777	81.373	82.427	81.103	83.415	82.279	81.897	81.765	80.837	81.574	82.445	80.292	81.009	81.521	79.082	80.756	82.375	82.842	82.285	81.331		1060	79.709	79.564	82.698	83.109	82.618	82.731	81.851	82.53	80.646	81.604	81.331		1060	82.593	81.32	81.338	82.131	79.885	82.755	80.31	81.74	81.151	80.761	81.331
1120	80.612	81.983	81.631	82.71	81.347	83.714	82.534	82.168	82.011	81.062	81.848	82.749	80.544	81.251	81.736	79.318	81.026	82.662	83.156	82.572	81.525		1120	79.995	79.827	82.976	83.388	82.927	83.01	82.092	82.747	80.954	81.823	81.525		1120	82.875	81.524	81.512	82.445	80.127	82.986	80.573	81.984	81.339	80.998	81.525
1180	80.797	82.202	81.907	82.938	81.53	83.993	82.79	82.422	82.237	81.315	82.097	82.941	80.747	81.43	81.97	79.577	81.226	82.923	83.461	82.833	81.708		1180	80.219	80.058	83.191	83.58	83.214	83.267	82.297	82.937	81.183	82.009	81.708		1180	83.156	81.738	81.777	82.71	80.314	83.238	80.82	82.15	81.576	81.208	81.708
1250	80.999	82.362	82.087	83.15	81.685	84.278	83.053	82.654	82.457	81.501	82.259	83.123	80.931	81.59	82.098	79.784	81.351	83.124	83.708	83.069	81.832		1250	80.489	80.301	83.422	83.756	83.464	83.493	82.455	83.093	81.428	82.19	81.832		1250	83.354	81.903	81.912	82.931	80.485	83.378	81.003	82.313	81.769	81.36	81.832
1320	81.145	82.499	82.207	83.297	81.799	84.499	83.263	82.82	82.586	81.682	82.415	83.253	81.087	81.709	82.19	79.949	81.462	83.266	83.909	83.233	81.978		1320	80.704	80.481	83.613	83.902	83.667	83.687	82.583	83.206	81.622	82.347	81.978		1320	83.56	82.021	82.039	83.104	80.632	83.491	81.179	82.5	81.911	81.462	81.978
1400	81.27	82.598	82.341	83.455	81.896	84.695	83.426	82.955	82.704	81.812	82.552	83.391	81.217	81.826	82.307	80.101	81.582	83.418	84.1	83.42	82.078		1400	80.834	80.64	83.74	84.012	83.891	83.858	82.701	83.295	81.837	82.442	82.078		1400	83.714	82.115	82.114	83.294	80.747	83.589	81.31	82.568	82.014	81.586	82.078
1500	81.37	82.682	82.467	83.612	82.004	84.911	83.593	83.111	82.826	81.989	82.713	83.52	81.404	81.972	82.404	80.305	81.738	83.582	84.332	83.601	82.19		1500	81.025	80.816	83.89	84.142	84.12	84.053	82.832	83.373	82.066	82.544	82.19		1500	83.871	82.231	82.239	83.476	80.902	83.706	81.506	82.648	82.127	81.715	82.19
1600	81.521	82.811	82.627	83.759	82.161	85.135	83.773	83.254	82.972	82.152	82.859	83.672	81.578	82.116	82.539	80.497	81.89	83.73	84.572	83.786	82.335		1600	81.215	81.031	84.048	84.262	84.354	84.232	82.946	83.483	82.283	82.663	82.335		1600	84.046	82.403	82.374	83.678	81.039	83.844	81.7	82.762	82.273	81.865	82.335
1700	81.678	82.919	82.742	83.904	82.28	85.346	83.942	83.382	83.11	82.259	83.01	83.781	81.741	82.248	82.617	80.711	82.017	83.892	84.768	83.978	82.438		1700	81.441	81.247	84.185	84.373	84.565	84.372	83.07	83.576	82.486	82.767	82.438		1700	84.238	82.523	82.526	83.842	81.202	83.927	81.897	82.898	82.404	81.989	82.438
1800	81.828	83.041	82.88	84.046	82.425	85.561	84.101	83.525	83.235	82.395	83.136	83.898	81.932	82.413	82.749	80.916	82.164	84.044	84.981	84.136	82.567		1800	81.65	81.438	84.32	84.483	84.785	84.537	83.189	83.665	82.684	82.92	82.567		1800	84.379	82.682	82.63	84.02	81.368	84.039	82.1	83.034	82.545	82.119	82.567
1900	82.028	83.191	83.022	84.181	82.589	85.785	84.283	83.674	83.392	82.547	83.284	84.037	82.123	82.587	82.878	81.129	82.33	84.198	85.196	84.298	82.691		1900	81.871	81.66	84.482	84.609	85.011	84.686	83.335	83.799	82.897	83.051	82.691		1900	84.55	82.849	82.806	84.203	81.545	84.163	82.308	83.153	82.677	82.263	82.691
2000	82.203	83.371	83.178	84.346	82.752	86.011	84.451	83.825	83.54	82.701	83.461	84.202	82.36	82.793	83.059	81.374	82.524	84.376	85.433	84.486	82.886		2000	82.114	81.907	84.656	84.761	85.248	84.883	83.5	83.953	83.095	83.214	82.886		2000	84.708	83.051	82.967	84.398	81.751	84.289	82.537	83.332	82.832	82.448	82.886
2120	82.476	83.584	83.381	84.55	83.009	86.31	84.681	84.035	83.746	82.924	83.681	84.419	82.649	83.062	83.285	81.68	82.764	84.583	85.713	84.736	83.128		2120	82.423	82.227	84.87	84.942	85.547	85.111	83.715	84.176	83.358	83.434	83.128		2120	84.94	83.31	83.195	84.64	82.017	84.478	82.844	83.56	83.06	82.693	83.128
2240	82.77	83.84	83.616	84.778	83.273	86.609	84.94	84.269	83.977	83.169	83.921	84.638	82.966	83.359	83.532	82.01	83.053	84.829	86.011	84.974	83.399		2240	82.763	82.557	85.103	85.163	85.859	85.358	83.976	84.4	83.668	83.713	83.399		2240	85.183	83.592	83.44	84.899	82.301	84.704	83.175	83.829	83.292	82.947	83.399
2360	83.084	84.13	83.882	85.04	83.584	86.937	85.203	84.532	84.243	83.442	84.188	84.898	83.3	83.677	83.808	82.373	83.352	85.078	86.324	85.278	83.698		2360	83.123	82.906	85.359	85.428	86.198	85.635	84.259	84.67	83.95	83.985	83.698		2360	85.444	83.922	83.731	85.167	82.615	84.952	83.532	84.101	83.576	83.233	83.698
2500	83.49	84.501	84.202	85.349	83.96	87.318	85.531	84.863	84.585	83.766	84.512	85.216	83.718	84.074	84.166	82.814	83.749	85.412	86.699	85.598	84.071		2500	83.557	83.356	85.677	85.723	86.594	85.972	84.61	85.011	84.319	84.33	84.071		2500	85.771	84.329	84.082	85.523	83.028	85.241	83.959	84.47	83.924	83.598	84.071
2650	83.948	84.924	84.57	85.699	84.412	87.74	85.894	85.216	84.965	84.149	84.895	85.574	84.219	84.541	84.58	83.306	84.198	85.776	87.096	85.969	84.515		2650	84.045	83.853	86.049	86.09	87.02	86.32	85.003	85.422	84.723	84.743	84.515		2650	86.139	84.767	84.497	85.908	83.473	85.596	84.457	84.898	84.317	84.026	84.515
2800	84.427	85.363	84.981	86.071	84.891	88.163	86.285	85.595	85.361	84.565	85.316	86.001	84.718	85.038	85.012	83.841	84.68	86.162	87.53	86.357	84.995		2800	84.574	84.377	86.424	86.469	87.47	86.693	85.456	85.863	85.136	85.195	84.995		2800	86.504	85.263	84.927	86.292	83.952	85.99	84.983	85.354	84.745	84.483	84.995
3000	85.117	86.028	85.543	86.578	85.555	88.746	86.83	86.181	85.951	85.151	85.895	86.567	85.446	85.726	85.657	84.562	85.351	86.723	88.098	86.894	85.645		3000	85.317	85.113	86.987	87.018	88.043	87.22	86.086	86.5	85.709	85.838	85.645		3000	87.045	85.936	85.557	86.849	84.664	86.55	85.706	86.03	85.377	85.148	85.645
3150	85.68	86.565	86.023	87.032	86.119	89.195	87.255	86.656	86.43	85.652	86.388	87.048	86.027	86.302	86.195	85.153	85.921	87.18	88.562	87.343	86.202		3150	85.915	85.689	87.443	87.502	88.524	87.687	86.593	87.015	86.194	86.366	86.202		3150	87.492	86.495	86.08	87.309	85.215	87.027	86.29	86.565	85.9	85.691	86.202
3350	86.481	87.319	86.722	87.674	86.898	89.845	87.899	87.326	87.146	86.38	87.077	87.75	86.847	87.123	86.95	85.982	86.715	87.836	89.205	87.98	86.998		3350	86.704	86.531	88.061	88.187	89.185	88.304	87.348	87.748	86.826	87.106	86.998		3350	88.135	87.295	86.837	87.971	86.001	87.724	87.134	87.353	86.644	86.473	86.998
3550	87.336	88.165	87.505	88.391	87.774	90.49	88.586	88.083	87.938	87.159	87.872	88.523	87.749	88.011	87.791	86.879	87.591	88.577	89.89	88.682	87.859		3550	87.604	87.43	88.808	88.945	89.895	89.008	88.172	88.578	87.534	87.958	87.859		3550	88.843	88.174	87.661	88.673	86.872	88.502	88.03	88.202	87.457	87.311	87.859
3750	88.296	89.094	88.355	89.19	88.715	91.239	89.371	88.912	88.81	88.033	88.733	89.397	88.72	88.972	88.714	87.864	88.544	89.415	90.647	89.461	88.813		3750	88.592	88.4	89.632	89.804	90.637	89.784	89.079	89.489	88.326	88.869	88.813		3750	89.625	89.135	88.578	89.48	87.822	89.357	89.02	89.138	88.363	88.244	88.813
4000	89.614	90.415	89.569	90.351	90.031	92.246	90.48	90.106	90.051	89.243	89.961	90.617	90.07	90.319	90.017	89.216	89.87	90.592	91.698	90.58	90.135		4000	89.938	89.755	90.802	91.018	91.693	90.915	90.367	90.783	89.422	90.155	90.135		4000	90.773	90.473	89.852	90.603	89.137	90.598	90.379	90.466	89.624	89.539	90.135
4250	91.132	91.926	90.982	91.764	91.57	93.455	91.788	91.511	91.49	90.676	91.387	92.047	91.61	91.878	91.517	90.757	91.379	91.973	92.924	91.869	91.66		4250	91.473	91.305	92.192	92.436	92.92	92.232	91.846	92.293	90.694	91.648	91.66		4250	92.112	92.003	91.32	91.921	90.648	92.016	91.935	91.981	91.092	91.023	91.66
4500	92.924	93.747	92.732	93.427	93.344	94.939	93.43	93.255	93.238	92.448	93.105	93.776	93.41	93.673	93.305	92.554	93.185	93.677	94.494	93.501	93.425		4500	93.261	93.086	93.887	94.193	94.433	93.902	93.623	94.081	92.325	93.403	93.425		4500	93.773	93.799	93.074	93.552	92.424	93.758	93.733	93.771	92.846	92.8	93.425
4750	94.983	95.747	94.796	95.309	95.403	96.856	95.44	95.271	95.309	94.418	95.116	95.82	95.471	95.734	95.346	94.613	95.237	95.699	96.441	95.503	95.477		4750	95.327	95.162	95.914	96.267	96.328	95.876	95.685	96.137	94.306	95.491	95.477		4750	95.732	95.886	95.143	95.583	94.487	95.839	95.816	95.867	94.909	94.869	95.477
5000	97.332	98.097	97.057	97.511	97.775	98.898	97.611	97.457	97.589	96.595	97.427	98.118	97.853	98.142	97.711	97.012	97.606	97.952	98.49	97.663	97.761		5000	97.689	97.541	98.166	98.562	98.37	98.054	98.014	98.466	96.392	97.837	97.761		5000	97.938	98.264	97.477	97.776	96.816	98.12	98.227	98.228	97.204	97.212	97.761
5300	100.503	101.282	100.134	100.53	100.96	101.735	100.604	100.49	100.634	99.597	100.547	101.252	101.083	101.389	100.923	100.275	100.835	101.078	101.372	100.65	100.92		5300	100.889	100.757	101.268	101.726	101.183	101.057	101.182	101.635	99.312	101.02	100.92		5300	100.993	101.493	100.665	100.8	100.023	101.271	101.465	101.429	100.342	100.405	100.92
5600	103.204	104.005	102.666	103.089	103.701	104.089	103.143	103.1	103.079	102.265	103.166	103.905	103.815	104.127	103.615	102.981	103.548	103.679	103.782	103.162	103.699		5600	103.606	103.479	103.87	104.402	103.542	103.599	103.881	104.365	101.795	103.698	103.699		5600	103.574	104.216	103.322	103.346	102.698	103.936	104.221	104.151	103.002	103.083	103.699
6000	102.999	103.819	102.363	102.825	103.551	103.436	102.724	102.925	102.812	102.257	102.824	103.597	103.617	103.905	103.294	102.582	103.327	103.247	103.213	102.693	103.599		6000	103.474	103.232	103.465	104.141	102.918	103.232	103.651	104.266	101.315	103.39	103.599		6000	103.191	103.972	102.961	102.913	102.42	103.711	104.077	104.031	102.742	102.781	103.599
6300	101.321	102.138	100.618	101.067	101.882	101.516	100.912	101.202	101.108	100.569	101.07	101.875	101.972	102.237	101.564	100.805	101.679	101.477	101.329	100.855	101.94		6300	101.825	101.529	101.699	101.923	100.974	101.445	101.966	102.667	99.468	101.645	101.94		6300	101.389	102.292	101.195	101.133	100.697	102.043	102.452	102.431	101.026	101.037	101.94
6700	99.632	100.451	98.844	99.269	100.211	99.664	99.121	99.421	99.397	98.788	99.316	100.199	100.3	100.612	99.862	99.015	100.072	99.732	99.53	99.063	100.254		6700	100.15	99.811	99.999	99.948	99.027	99.711	100.304	101.086	97.609	99.906	100.254		6700	99.618	100.616	99.415	99.253	98.932	100.409	100.816	100.853	99.268	99.289	100.254
7100	98.765	99.722	97.968	98.409	99.494	98.797	98.262	98.525	98.51	97.76	98.536	99.511	99.577	99.972	99.095	98.16	99.421	98.944	98.686	98.17	99.489		7100	99.349	99.009	99.255	99.341	98.138	98.875	99.566	100.448	96.628	99.116	99.489		7100	98.851	99.895	98.599	98.389	98.059	99.778	100.156	100.248	98.46	98.479	99.489
7500	98.411	99.806	97.903	98.33	99.632	98.463	98.232	98.316	98.491	97.561	98.555	99.598	99.501	100.138	99.183	98.2	99.038	98.96	98.649	98.063	99.607		7500	99.239	99.088	99.269	99.316	98.027	98.815	99.63	100.447	96.432	99.161	99.607		7500	98.701	100.075	98.63	98.334	97.759	99.956	100.426	100.482	98.466	98.509	99.607
8000	99.209	100.585	98.629	98.871	100.649	98.468	98.823	98.757	99.272	97.908	98.872	99.707	100.35	100.986	100.095	99.038	98.938	99.754	99.238	98.672	99.868		8000	100.064	99.785	100.041	99.921	98.284	99.488	100.401	101.188	96.365	99.909	99.868		8000	99.327	101.034	99.365	98.904	98.21	100.245	101.646	101.246	98.933	99.371	99.868
8500	101.063	102.568	100.047	100.206	102.703	99.463	99.28	100.077	100.186	98.368	100.406	101.403	101.975	102.667	101.767	100.723	100.768	101.143	99.614	99.853	100.997		8500	101.694	101.554	101.342	101.727	99.331	100.99	102.413	103.086	97.329	101.438	100.997		8500	100.729	102.865	100.959	100.397	99.954	101.599	103.613	102.312	100.14	101.068	100.997
9000	103.888	105.988	101.919	102.625	106.165	101.312	101.271	102.386	101.975	99.835	101.826	103.169	104	105.238	104.313	102.598	103.091	103.266	101.484	101.385	103.828		9000	103.328	104.579	103.645	104.773	101.147	103.314	105.74	106.267	98.835	104.382	103.828		9000	103.122	106.124	103.573	102.498	102.294	103.501	106.235	105.9	102.425	104.126	103.828
9500	108.263	109.716	103.962	105.282	108.435	104.563	103.451	105.644	106.105	102.939	105.407	106.954	109.032	109.622	107.259	106.293	107.746	105.681	104.007	103.738	108.366		9500	108.106	107.843	107.131	108.58	102.639	105.103	108.076	110.205	100.812	108.03	108.366		9500	105.121	110.297	106.885	105.29	105.307	107.831	110.555	110.363	106.245	106.353	108.366
10000	111.354	111.976	109.104	107.595	111.938	108.266	108.202	109.994	111.303	107.596	109.985	111.395	114.908	113.898	112.123	112.155	113.106	110.157	108.075	107.373	112.722		10000	114.821	113.781	110.195	111.297	106.691	109.056	112.005	111.502	104.733	112.353	112.722		10000	109.363	113.904	111.168	108.813	110.536	111.324	114.18	112.02	110.8	111.065	112.722
10600	113.834	111.558	113.851	112.535	109.876	110.741	112.545	113.775	113.531	113.983	112.792	112.353	113.859	111.57	112.316	115.928	113.233	112.332	111.259	112.225	111.865		10600	114.811	115.272	111.175	111.403	110.447	111.757	112.045	110.418	111.173	113.278	111.865		10600	112.32	112.028	113.584	112.571	116.166	110.875	111.333	110.267	114.502	113.931	111.865
11200	113.46	111.846	114.341	113.929	111.932	112.412	114.133	115.213	113.669	117.973	112.935	112.52	113.074	111.211	112.313	114.257	112.337	112.7	112.618	113.974	112.231		11200	113.28	113.773	111.656	111.852	112.386	112.446	112.101	110.825	117.236	113.092	112.231		11200	113.189	111.796	113.541	113.373	115.228	111.154	111.256	110.682	114.254	113.313	112.231
11800	117.797	116.805	118.527	118.412	116.976	117.54	118.687	119.419	118.17	121.397	117.28	117.289	117.651	116.488	117.129	118.153	116.823	117.457	117.547	118.525	117.019		11800	117.467	118.01	116.581	116.911	117.152	117.066	116.995	115.877	121.41	117.696	117.019		11800	117.83	116.737	118.086	117.926	119.033	116.073	116.282	115.86	118.35	117.642	117.019
12500	113.963	113.399	114.499	114.674	113.352	113.963	114.846	114.87	114.3	116.536	113.185	113.677	114.067	113.286	113.324	113.583	112.86	113.814	113.812	114.31	113.944		12500	114.885	113.948	112.459	113.528	112.864	113.888	113.293	112.882	116.263	113.616	113.944		12500	114.101	113.357	113.998	113.762	114.774	113.478	112.736	112.333	114.705	113.448	113.944
13200	104.865	104.497	105.328	105.469	104.335	105.006	105.577	105.577	105.169	106.615	103.466	104.82	105.066	104.391	104.429	105.181	103.273	104.86	104.95	104.855	104.739		13200	105.645	104.702	103.732	104.716	104.724	105.311	104.476	104.285	107.181	104.836	104.739		13200	105.165	104.559	104.867	104.344	105.462	104.863	104.057	104.055	105.467	103.99	104.739
14000	99.834	99.478	99.946	100.209	99.288	100.062	100.295	100.212	100.39	100.926	101.264	99.862	99.987	99.403	99.519	99.5	101.905	99.71	99.867	100.651	99.558		14000	100.512	100.189	99.712	99.771	101.485	100.197	99.665	99.413	101.484	100.345	99.558		14000	100.178	99.422	99.681	100.425	100.101	99.742	99.167	99.201	100.33	100.237	99.558
15000	97.156	96.997	97.854	97.448	96.641	97.211	97.574	97.102	97.603	97.695	98.336	97.079	97.267	96.707	96.858	97.894	98.113	96.994	97.103	98.607	96.939		15000	97.557	97.441	97.811	97.023	98.089	97.295	96.955	96.899	99.066	97.626	96.939		15000	97.389	96.973	97.399	97.658	97.877	96.932	96.551	96.693	97.536	97.362	96.939
16000	97.606	97.526	98.161	97.803	97.155	97.698	97.966	97.306	98.026	97.815	98.232	97.578	97.778	97.278	97.355	98.593	98.175	97.458	97.55	98.631	97.313		16000	98.029	97.856	97.981	97.536	98.26	97.715	97.375	97.481	99.053	98.019	97.313		16000	97.771	97.502	97.881	97.944	98.118	97.465	97.404	97.224	97.899	97.72	97.313
17000	101.914	102.061	102.485	102.125	101.659	102.148	102.371	101.592	102.422	101.962	102.502	102.089	102.248	101.813	101.901	102.769	102.49	101.968	102.006	102.893	101.535		17000	102.48	102.316	102.348	102.097	102.553	102.179	101.916	102.003	103.224	102.467	101.535		17000	102.264	101.984	102.31	102.259	102.5	101.961	101.948	101.762	102.326	102.137	101.535
18000	104.147	104.344	104.634	104.32	103.969	104.391	104.575	103.237	104.575	103.592	104.647	104.317	104.499	104.068	104.122	104.768	104.594	104.138	104.161	104.928	104.081		18000	104.614	104.437	104.479	104.293	104.625	104.328	104.075	104.22	105.215	104.687	104.081		18000	104.446	104.232	104.449	104.431	104.613	104.146	104.129	103.921	104.41	104.234	104.081
19000	96.616	96.785	96.981	96.704	96.415	96.854	97.003	95.533	96.981	95.78	97.006	96.753	96.947	96.52	96.57	97.125	96.995	96.526	96.633	97.323	96.343		19000	97.049	96.889	96.898	96.802	96.993	96.804	96.625	96.73	97.53	97.122	96.343		19000	96.933	96.779	96.898	96.891	97.026	96.637	96.635	96.464	96.913	96.726	96.343
20000	93.853	94.091	94.174	93.915	93.695	94.133	94.241	92.598	94.187	92.82	94.216	94.026	94.249	93.836	93.875	94.343	94.252	93.816	93.91	94.567	93.149		20000	94.342	94.143	94.161	94.104	94.237	94.079	93.937	94.06	94.712	94.388	93.149		20000	94.234	94.066	94.175	94.164	94.257	93.944	93.944	93.788	94.179	93.985	93.149
21200	93.816	94.257	94.23	93.956	93.863	94.296	94.37	92.337	94.231	92.537	94.314	94.166	94.382	93.953	93.984	94.381	94.32	93.912	93.994	94.624	93.13		21200	94.421	94.28	94.27	94.238	94.32	94.192	94.097	94.185	94.758	94.506	93.13		21200	94.339	94.255	94.328	94.258	94.347	94.036	94.088	93.94	94.28	94.084	93.13
22400	89.439	89.76	89.676	89.475	89.405	89.847	89.915	87.213	89.75	87.534	89.829	89.695	89.857	89.56	89.508	89.897	89.843	89.488	89.533	90.184	88.452		22400	89.952	89.811	89.823	89.777	89.796	89.718	89.643	89.757	90.177	90.062	88.452		22400	89.882	89.83	89.887	89.823	89.819	89.557	89.641	89.455	89.837	89.65	88.452
23600	89.708	90.093	90.074	89.683	89.746	90.165	90.224	87.029	90.138	87.353	90.082	90.042	90.253	89.939	89.87	90.257	90.141	89.853	89.883	90.506	88.359		23600	90.406	90.16	90.201	90.153	90.167	90.019	89.997	90.185	90.415	90.43	88.359		23600	90.234	90.226	90.261	90.179	90.144	90.002	90.027	89.883	90.242	90.024	88.359
25000	98.096	98.711	98.616	98.009	98.324	98.769	98.737	95.073	98.756	95.263	98.584	98.65	98.872	98.558	98.462	98.801	98.691	98.381	98.454	98.969	96.956		25000	99.03	98.693	98.766	98.899	98.643	98.577	98.651	98.877	98.896	98.978	96.956		25000	98.893	98.826	98.821	98.73	98.752	98.653	98.733	98.568	98.781	98.555	96.956
26500	94.922	95.5	95.352	94.802	95.068	95.558	95.523	90.449	95.449	90.575	95.339	95.409	95.639	95.335	95.209	95.495	95.39	95.065	95.125	95.655	94.203		26500	95.633	95.324	95.451	95.551	95.286	95.266	95.3	95.604	95.559	95.764	94.203		26500	95.589	95.514	95.463	95.392	95.41	95.382	95.443	95.207	95.372	95.189	94.203
28000	92.781	93.62	93.334	92.47	93.095	93.623	93.558	87.386	93.435	87.526	93.281	93.413	93.721	93.427	93.258	93.494	93.417	93.026	93.125	93.609	92.332		28000	93.742	93.354	93.529	93.665	93.298	93.267	93.379	93.849	93.545	93.883	92.332		28000	93.742	93.634	93.571	93.435	93.423	93.53	93.604	93.37	93.43	93.238	92.332
30000	103.017	104.984	104.609	102.484	104.456	104.935	104.85	96.994	104.77	96.982	104.517	104.64	105.062	104.518	104.652	104.908	104.726	104.313	104.418	104.125	103.51		30000	105.119	104.692	104.658	105.068	104.66	104.612	104.841	105.099	104.947	104.978	103.51		30000	105.195	104.998	105.012	104.831	104.803	104.867	104.814	104.859	104.756	104.381	103.51
31500	97.583	98.891	98.988	97.781	98.618	99.172	99.231	89.527	99.026	89.322	98.794	99.039	99.477	98.79	99.094	99.28	99.029	98.646	98.714	99.078	98.357		31500	99.231	99.064	98.803	99.315	98.897	98.88	98.51	99.453	99.025	99.627	98.357		31500	99.455	99.3	99.095	99.119	99.158	99.334	99.256	98.636	99.148	98.691	98.357
33500	97.445	100.532	100.476	96.46	100.914	100.522	99.485	85.658	99.692	86.592	100.036	99.71	100.736	98.145	99.344	99.862	100.179	99.08	99.167	98.081	100.499		33500	99.623	99.263	99.127	99.851	99.832	99.657	100.411	99.181	99.84	98.913	100.499		33500	100.025	99.634	100.268	99.433	99.365	99.854	99.073	100.202	99.026	99.541	100.499
35500	97.402	98.573	98.566	97.116	97.667	98.734	98.334	88.017	98.065	87.318	98.618	98.122	98.51	97.291	97.715	98.181	98.779	98.103	97.93	97.656	98.703		35500	98.045	98.164	97.337	98.461	98.383	98.555	98.428	97.002	98.596	97.854	98.703		35500	98.469	98.343	98.363	98.143	98.219	98.436	97.669	98.358	98.048	97.759	98.703
37500	92.212	92.903	93.161	92.416	92.711	92.668	92.643	79.884	93.131	79.145	93.891	92.993	92.377	92.449	93.597	93.453	93.643	93.846	93.519	91.869	94.597		37500	93.128	93.79	93.437	92.934	93.919	93.684	93.488	91.084	94.354	92.616	94.597		37500	93.042	92.717	92.693	93.143	93.373	91.935	91.97	92.531	93.665	92.499	94.597
40000	85.201	84.8	85.372	85.544	84.799	84.839	84.899	80.029	84.946	79.254	85.769	85.193	84.663	83.904	85.14	85.343	85.471	85.622	85.342	84.819	87.319		40000	84.431	85.482	84.521	84.835	85.479	85.525	85.147	82.5	86.095	84.299	87.319		40000	84.721	84.924	84.808	85.234	85.132	84.032	83.897	84.484	85.424	84.818	87.319
42500	75.943	75.558	74.198	73.636	72.653	74.158	73.138	77.186	73.718	76.078	74.074	73.189	72.997	72.09	74.76	73.767	74.365	73.74	73.712	73.611	74.31		42500	73.36	73.849	74.32	73.206	73.686	73.522	75.982	71.286	74.46	72.602	74.31		42500	73.943	73.468	73.191	73.154	74.451	72.21	72.144	74.173	74.181	73.504	74.31
45000	74.22	72.901	73.291	72.169	71.452	74.333	71.364	78.558	72.17	79.855	73.781	71.078	73.878	73.246	73.187	73.804	73.84	71.06	71.585	74.262	71.129		45000	73.995	68.203	72.964	74.494	72.602	70.841	73.354	74.251	73.974	70.89	71.129		45000	74.179	72.943	71.353	72.254	74.152	72.586	73.37	73.87	73.004	70.616	71.129

## Sheet1
	〔b〕TOP PORON (HM 0.3T)			〔b〕BOTTOM PORON (HM 0.3T)										
〔b〕실물														
									〔b〕개발 금형		MAX	MIN	MAX-MIN	〔b〕안착단 MAX-MIN AVG
										REF GRILL (개발금형)	2.013	1.995	0.0179999999999998	〔b〕0.017
										〔fg=#0000FF〕개발 금형 그릴 1번	〔fg=#0000FF〕2.008	〔fg=#0000FF〕1.991	〔fg=#0000FF〕0.0169999999999999	
										〔fg=#0000FF〕개발 금형 그릴 2번	〔fg=#0000FF〕2.007	〔fg=#0000FF〕1.992	〔fg=#0000FF〕0.0150000000000001	
										〔fg=#0000FF〕개발 금형 그릴 3번	〔fg=#0000FF〕2.008	〔fg=#0000FF〕1.997	〔fg=#0000FF〕0.0109999999999999	
										〔fg=#0000FF〕개발 금형 그릴 4번	〔fg=#0000FF〕2.01	〔fg=#0000FF〕1.99	〔fg=#0000FF〕0.0199999999999998	
										〔fg=#0000FF〕개발 금형 그릴 5번	〔fg=#0000FF〕2.008	〔fg=#0000FF〕1.989	〔fg=#0000FF〕0.0189999999999999	
									〔b〕양산 금형	〔fg=#FF0000〕양산 금형 그릴 1번	〔fg=#FF0000〕2.022	〔fg=#FF0000〕2.01	〔fg=#FF0000〕0.012	〔b〕0.008
										〔fg=#FF0000〕양산 금형 그릴 2번	〔fg=#FF0000〕2.018	〔fg=#FF0000〕2.016	〔fg=#FF0000〕0.00199999999999978	
										〔fg=#FF0000〕양산 금형 그릴 3번	〔fg=#FF0000〕2.018	〔fg=#FF0000〕2.01	〔fg=#FF0000〕0.00800000000000001	
										〔fg=#FF0000〕양산 금형 그릴 4번	〔fg=#FF0000〕2.007	〔fg=#FF0000〕1.999	〔fg=#FF0000〕0.00800000000000001	
										〔fg=#FF0000〕양산 금형 그릴 5번	〔fg=#FF0000〕2.022	〔fg=#FF0000〕2.01	〔fg=#FF0000〕0.012	
										〔fg=#FF0000〕양산 금형 그릴 6번	〔fg=#FF0000〕1.995	〔fg=#FF0000〕1.992	〔fg=#FF0000〕0.00300000000000011	
										〔fg=#FF0000〕양산 금형 그릴 7번	〔fg=#FF0000〕2.017	〔fg=#FF0000〕2.004	〔fg=#FF0000〕0.0129999999999999	
