## NTI_종합
〔b〕MASK	
HZ	%
100	40
200	30
300	30
400	40
500	40
1000	10
2000	5
7000	11
10000	11
14000	5

## SPL DATA_(NTI
	〔fg=#0000FF,b〕MASK 1	〔fg=#0000FF,b〕MASK 2	〔fg=#0000FF,b〕 ST AVG		〔fg=#0000FF,b〕E2 #1	〔fg=#0000FF,b〕E2 #2	〔fg=#0000FF,b〕E2 #3	〔fg=#0000FF,b〕E2 #4	〔fg=#0000FF,b〕E2 #5	〔fg=#0000FF,b〕E2 #6	〔fg=#0000FF,b〕E2 #7	〔fg=#0000FF,b〕E2 #8	〔fg=#0000FF,b〕E2 #9	〔fg=#0000FF,b〕E2 #10	〔fg=#FF0000,b〕E2 AVG		〔fg=#0000FF,b〕C2 #1	〔fg=#0000FF,b〕C2 #2	〔fg=#0000FF,b〕C2 #3	〔fg=#0000FF,b〕C2 #4	〔fg=#0000FF,b〕C2 #5	〔fg=#0000FF,b〕C2 #6	〔fg=#0000FF,b〕C2 #7	〔fg=#0000FF,b〕C2 #8	〔fg=#0000FF,b〕C2 #9	〔fg=#0000FF,b〕C2 #10	〔fg=#FF0000,b〕C2 AVG
100	74.55114	68.55114	71.55114		71.62881	71.72886	71.10966	71.2566	71.59004	71.13807	71.17577	71.08844	71.06524	71.30294	71.30844		71.25783	71.56131	70.63262	71.13909	70.70382	71.01063	70.76072	71.13298	71.02794	70.88658	71.01135
106	75.02288	69.02288	72.02288		72.12099	72.19678	71.54967	71.72137	72.05714	71.62432	71.6478	71.5887	71.53139	71.77843	71.78166		71.74535	72.01869	71.16008	71.60843	71.18031	71.44948	71.26439	71.61932	71.53477	71.34823	71.49290
112	75.57831	69.57831	72.57831		72.67407	72.75115	72.09318	72.28905	72.59604	72.17242	72.16611	72.1305	72.07493	72.38757	72.33350		72.29137	72.58035	71.7387	72.1595	71.74761	71.99979	71.83283	72.16223	72.10604	71.88774	72.05062
118	76.58088	70.58088	73.58088		73.70807	73.73844	73.04544	73.25895	73.60812	73.15671	73.17336	73.1031	73.05864	73.38276	73.32336		73.29562	73.5904	72.77198	73.16807	72.74738	72.99807	72.83313	73.16768	73.16482	72.87522	73.06124
125	77.67779	71.67779	74.67779		74.82321	74.80786	74.14478	74.35427	74.71766	74.23872	74.26775	74.21948	74.16571	74.45847	74.41979		74.38973	74.71977	73.93231	74.25369	73.8598	74.05123	73.94577	74.26547	74.28339	73.98097	74.16821
132	78.85862	72.85862	75.85862		76.01349	75.9838	75.35272	75.50878	75.89804	75.43453	75.47644	75.41616	75.3652	75.70563	75.61548		75.58458	75.91899	75.13269	75.3632	75.04294	75.26281	75.14426	75.44619	75.54241	75.18804	75.36261
140	80.10687	74.10687	77.10687		77.21188	77.22815	76.66709	76.73843	77.13773	76.67731	76.73207	76.65639	76.62197	76.907	76.85780		76.82353	77.17431	76.37981	76.67753	76.29411	76.41396	76.383	76.69381	77.43452	76.44496	76.67195
150	81.36839	75.36839	78.36839		78.49747	78.48483	77.93311	77.98124	78.39967	77.93411	78.01976	77.91117	77.8996	78.07415	78.11351		78.09097	78.43128	77.64478	77.95435	77.54639	77.61767	77.66102	77.96052	78.62154	77.72888	77.92574
160	82.64320	76.64320	79.6432		79.77136	79.74803	79.20235	79.24247	79.65552	79.20362	79.30066	79.17986	79.18344	79.06121	79.35485		79.36474	79.68787	78.91704	79.20333	78.80685	78.72789	78.94375	79.22616	79.79526	79.01626	79.16891
170	83.95908	77.95908	80.95908		81.09741	81.07707	80.49808	80.55609	80.96716	80.51756	80.61061	80.47755	80.50361	80.43678	80.67419		80.68255	80.98372	80.2372	80.52094	80.1049	80.11315	80.24449	80.53348	81.04226	80.32373	80.47864
180	85.35246	79.35246	82.35246		82.44166	82.47161	81.84643	81.93761	82.3435	81.89863	81.99957	81.84018	81.89743	81.83478	82.05114		82.06967	82.35094	81.62605	81.93333	81.44248	81.55184	81.62535	81.90558	82.33789	81.70103	81.85442
190	86.64136	80.64136	83.64136		83.75304	83.75104	83.09565	83.22547	83.62448	83.1851	83.27611	83.12183	83.19014	83.08596	83.33088		83.35634	83.63793	82.94172	83.18406	82.72622	82.9374	82.90304	83.19313	83.25535	82.98432	83.11195
200	87.86234	81.86234	84.86234		84.98418	84.96957	84.30106	84.43587	84.83974	84.4048	84.48822	84.34289	84.4132	84.38529	84.55648		84.57678	84.86809	84.1617	84.40718	83.94988	84.22764	84.11591	84.41728	84.47476	84.20134	84.34006
212	89.00076	83.00076	86.00076		86.11918	86.11063	85.44643	85.57978	85.97758	85.54379	85.63222	85.48262	85.5525	85.68276	85.71275		85.72098	86.02753	85.31029	85.55779	85.09589	85.4793	85.25758	85.55857	85.62946	85.34793	85.49853
224	90.08702	84.08702	87.08702		87.2133	87.19603	86.53057	86.66265	87.06107	86.63031	86.72007	86.57025	86.63663	86.76672	86.79876		86.80846	87.11453	86.39514	86.64404	86.19135	86.55809	86.3431	86.6488	86.71324	86.4352	86.58520
236	91.11644	85.11644	88.11644		88.26336	88.21511	87.55608	87.68261	88.0855	87.65342	87.74423	87.59982	87.65788	87.79269	87.82507		87.83352	88.1433	87.41009	87.67147	87.24351	87.58106	87.37316	87.68047	87.74709	87.45896	87.61426
250	92.15565	86.15565	89.15565		89.3057	89.24594	88.58236	88.70874	89.11992	88.67977	88.78051	88.62829	88.69116	88.87273	88.86151		88.86793	89.17761	88.42162	88.70383	88.28247	88.61189	88.41091	88.71381	88.78689	88.50408	88.64810
265	93.29070	87.29070	90.2907		90.43427	90.3745	89.70673	89.83706	90.25172	89.8082	89.91339	89.75371	89.82219	89.99118	89.98929		89.99901	90.30465	89.5319	89.82731	89.4143	89.73836	89.54228	89.83557	89.91855	89.62765	89.77396
280	94.43742	88.43742	91.43742		91.5786	91.50087	90.83165	90.97149	91.38751	90.94351	91.04597	90.8864	90.9658	91.13003	91.12418		91.13726	91.43852	90.66258	90.96366	90.5513	90.87362	90.67638	90.97459	91.05798	90.75589	90.90918
300	95.63622	89.63622	92.63622		92.77052	92.69261	92.02346	92.15691	92.57662	92.13159	92.23505	92.07044	92.16432	92.31863	92.31401		92.32718	92.62213	91.85186	92.15081	91.73923	92.06277	91.86888	92.17779	92.25091	91.94453	92.09961
315	96.84198	90.84198	93.84198		93.9762	93.89642	93.219	93.3523	93.77429	93.32707	93.42911	93.26325	93.36848	93.51549	93.51216		93.52539	93.83081	93.04981	93.34809	92.93746	93.26101	93.06087	93.37716	93.44925	93.14073	93.29806
335	98.04382	92.04382	95.04382		95.17572	95.09525	94.40922	94.54257	94.96679	94.5176	94.61877	94.44859	94.56498	94.70632	94.70458		94.71906	95.0348	94.24186	94.54071	94.12882	94.45116	94.25356	94.57114	94.64584	94.32483	94.49118
355	99.25943	93.25943	96.25943		96.38943	96.30076	95.60554	95.74216	96.16674	95.71554	95.81674	95.64302	95.76841	95.90598	95.90543		95.921	96.24899	95.44811	95.74672	95.32847	95.64964	95.45561	95.77829	95.85058	95.524	95.69514
375	100.51907	94.51907	97.51907		97.64925	97.55755	96.8449	96.98242	97.41102	96.95744	97.0575	96.88108	97.01235	97.14774	97.15012		97.1666	97.50846	96.6875	96.99558	96.57509	96.89197	96.70434	97.0268	97.09786	96.76501	96.94192
400	101.76854	95.76854	98.76854		98.89775	98.79692	98.06537	98.2117	98.64294	98.1861	98.28641	98.10383	98.24522	98.37719	98.38134		98.40005	98.76436	97.91321	98.23271	97.81084	98.12155	97.94316	98.25797	98.33416	97.99272	98.17707
425	103.01307	97.01307	100.01307		100.14043	100.02879	99.28252	99.43442	99.86785	99.40683	99.50727	99.31808	99.47104	99.59901	99.60562		99.62674	100.00562	99.13319	99.46129	99.0383	99.34226	99.17795	99.48955	99.56224	99.21075	99.40479
450	104.25943	98.25943	101.25943		101.38499	101.2615	100.49969	100.65854	101.09188	100.62847	100.7305	100.53404	100.69665	100.82185	100.83081		100.85465	101.24976	100.35365	100.69266	100.27165	100.56441	100.41257	100.72242	100.78981	100.43314	100.63447
475	105.53882	99.53882	102.53882		102.66293	102.52779	101.75068	101.91517	102.34836	101.88334	101.98672	101.78161	101.955	102.07804	102.08896		102.11684	102.53289	101.60723	101.95878	101.53906	101.82037	101.68261	101.99095	102.04953	101.68964	101.89879
500	106.83638	100.83638	103.83638		103.95784	103.80638	103.02074	103.19236	103.62232	103.15649	103.25878	103.04845	103.23208	103.35114	103.36466		103.39541	103.83949	102.88017	103.24592	102.8265	103.09415	102.97441	103.28166	103.32649	102.96558	103.18298
530	108.27377	102.27377	105.27377		105.39109	105.21701	104.42689	104.60679	105.02804	104.56742	104.66072	104.45189	104.64225	104.75455	104.77466		104.81006	105.29559	104.29034	104.67826	104.25739	104.50153	104.40925	104.71768	104.73551	104.38013	104.60757
560	109.69892	103.69892	106.69892		106.81334	106.61572	105.81477	106.00653	106.41519	105.9655	106.04343	105.84323	106.03778	106.13796	106.16935		106.21057	106.74108	105.68495	106.09893	105.67901	105.89337	105.82935	106.14274	106.12751	105.78246	106.01900
600	111.22815	105.22815	108.22815		108.33772	108.11667	107.2925	107.50923	107.89766	107.46413	107.52111	107.33368	107.52883	107.61633	107.66179		107.71392	108.29163	107.16705	107.62102	107.25448	107.37762	107.347	107.6746	107.61574	107.28469	107.53477
630	112.78759	106.78759	109.78759		109.89072	109.64964	108.79648	109.05067	109.40852	109.00021	109.033	108.8611	109.05241	109.13132	109.18741		109.25244	109.87507	108.6665	109.17632	108.76246	108.88799	108.89907	109.24392	109.13234	108.82692	109.07230
670	114.34351	108.34351	111.34351		111.44187	111.18711	110.31143	110.60661	110.92204	110.54878	110.55793	110.4028	110.58443	110.66023	110.72232		110.80122	111.45846	110.16719	110.73877	110.25936	110.40624	110.46586	110.81908	110.64987	110.38347	110.61495
710	115.86705	109.86705	112.86705		112.95949	112.70629	111.83502	112.16668	112.42039	112.09942	112.08689	111.95787	112.11409	112.19481	112.25410		112.34547	113.01039	111.6787	112.28955	111.74798	111.93219	112.03827	112.38163	112.14901	111.94422	112.15174
750	116.26925	112.26925	114.26925		114.35631	114.11958	113.29604	113.64766	113.82757	113.57383	113.53887	113.44886	113.56047	113.65493	113.70241		113.79855	114.44079	113.13946	113.748	113.18359	113.39092	113.53312	113.84459	113.54965	113.42853	113.60572
800	117.38452	113.38452	115.38452		115.46746	115.26381	114.53331	114.88133	114.98135	114.80407	114.74857	114.71074	114.76152	114.8746	114.90268		114.99312	115.58033	114.38384	114.94268	114.375	114.61523	114.77543	115.0375	114.69225	114.66562	114.80610
850	118.20220	114.20220	116.2022		116.28244	116.12383	115.52509	115.84422	115.87125	115.76839	115.69543	115.71775	115.69808	115.83061	115.83571		115.91168	116.41179	115.38733	115.85439	115.36391	115.58456	115.74182	115.94195	115.56477	115.63156	115.73938
900	118.77392	114.77392	116.77392		116.85407	116.74691	116.30892	116.57808	116.54322	116.51058	116.42478	116.50961	116.41499	116.56625	116.54574		116.59871	116.98477	116.18681	116.52752	116.15143	116.33925	116.46854	116.60528	116.21443	116.37181	116.44486
950	119.10374	115.10374	117.10374		117.18506	117.13195	116.87676	117.0817	116.99744	117.02297	116.93109	117.07937	116.9085	117.07488	117.02897		117.04776	117.29376	116.76757	116.9546	116.71967	116.86858	116.94522	117.02072	116.63864	116.87561	116.91321
1000	119.25140	115.25140	117.2514		117.33606	117.33166	117.25742	117.38974	117.27929	117.34208	117.25341	117.45689	117.21735	117.39224	117.32561		117.30612	117.40135	117.15031	117.18366	117.08396	117.20422	117.20926	117.23687	116.88756	117.18432	117.18476
1060	119.27192	115.27192	117.27192		117.36177	117.39289	117.47517	117.53658	117.4252	117.49988	117.42389	117.66604	117.37578	117.55307	117.47103		117.41339	117.36704	117.36278	117.25956	117.27087	117.37989	117.30399	117.30095	117.00042	117.3317	117.29906
1120	119.15573	115.15573	117.15573		117.25326	117.30257	117.51018	117.51027	117.41455	117.48043	117.42559	117.68922	117.36618	117.54084	117.44931		117.35755	117.19142	117.38775	117.17308	117.2615	117.37868	117.21909	117.20519	116.96139	117.30478	117.24404
1180	118.88854	114.88854	116.88854		116.99213	117.05002	117.34658	117.29767	117.22914	117.26922	117.23981	117.51276	117.17147	117.34112	117.24499		117.12496	116.86309	117.21158	116.91243	117.04753	117.18574	116.94857	116.9362	116.7513	117.08877	117.00702
1250	118.45311	114.45311	116.45311		116.56439	116.62094	116.97012	116.88159	116.85034	116.85543	116.85101	117.12236	116.77675	116.94108	116.84340		116.70431	116.37663	116.82094	116.46338	116.62038	116.78714	116.48075	116.48348	116.35773	116.67453	116.57693
1320	117.88668	113.88668	115.88668		116.00668	116.05384	116.42716	116.30933	116.31939	116.28196	116.30233	116.56332	116.22556	116.38661	116.28762		116.13567	115.7682	116.26474	115.87568	116.02996	116.23162	115.86575	115.89012	115.81699	116.10185	115.99806
1400	117.29539	113.29539	115.29539		115.42207	115.4589	115.834	115.69736	115.74805	115.66614	115.70784	115.95497	115.63061	115.78959	115.69095		115.5327	115.14472	115.65984	115.25802	115.39547	115.63273	115.21824	115.26755	115.24103	115.48888	115.38392
1500	116.73110	112.73110	114.7311		114.86336	114.89248	115.24861	115.10273	115.18881	115.06707	115.12591	115.3572	115.04936	115.2079	115.11034		114.95016	114.55816	115.06458	114.66357	114.77856	115.04791	114.59868	114.6709	114.68307	114.89362	114.79092
1600	117.11370	111.11370	114.1137		114.25322	114.27148	114.60482	114.45691	114.56787	114.41505	114.48465	114.70293	114.41364	114.57344	114.47440		114.31228	113.92866	114.41134	114.02109	114.11191	114.40741	113.93212	114.02591	114.06423	114.24352	114.14585
1700	116.41263	110.41263	113.41263		113.55678	113.56676	113.87163	113.72604	113.85669	113.68078	113.75148	113.96386	113.69074	113.85258	113.75173		113.58798	113.21381	113.67221	113.30034	113.36994	113.6837	113.19147	113.29863	113.35723	113.50892	113.41842
1800	115.66976	109.66976	112.66976		112.79676	112.81452	113.09315	112.95875	113.10786	112.90756	112.98183	113.19264	112.9159	113.07635	112.98453		112.82966	112.4495	112.89734	112.51682	112.58369	112.91923	112.42224	112.53555	112.62408	112.74329	112.65214
1900	114.92471	108.92471	111.92471		112.09151	112.07895	112.34052	112.22594	112.38092	112.17085	112.26806	112.43936	112.19542	112.34406	112.25356		112.10427	111.74412	112.15029	111.79161	111.84446	112.17761	111.66562	111.81974	111.91733	111.99836	111.92134
2000	114.43384	108.43384	111.43384		111.57993	111.57	111.81299	111.7004	111.8722	111.6462	111.7487	111.90938	111.6825	111.8259	111.73482		111.5907	111.23993	111.62798	111.27425	111.31156	111.65543	111.13857	111.30712	111.40843	111.48038	111.40344
2120	114.32503	108.32503	111.32503		111.46255	111.45256	111.67645	111.56554	111.75363	111.51687	111.62069	111.77219	111.55628	111.69165	111.60684		111.46843	111.13061	111.49443	111.14555	111.17287	111.52505	111.00824	111.1843	111.2911	111.34852	111.27691
2240	114.49547	108.49547	111.49547		111.62973	111.61754	111.8327	111.71978	111.92355	111.67132	111.78784	111.92416	111.71738	111.84679	111.76708		111.63259	111.31016	111.64915	111.30982	111.31901	111.67783	111.16376	111.35013	111.4555	111.50318	111.43711
2360	114.75979	108.75979	111.75979		111.91557	111.88772	112.08988	111.97153	112.18074	111.92397	112.04611	112.16961	111.98778	112.11723	112.02901		111.88614	111.59619	111.89914	111.59127	111.57686	111.92827	111.41289	111.6105	111.70093	111.7512	111.69534
2500	115.09776	109.09776	112.09776		112.21277	112.20802	112.3928	112.26078	112.48364	112.21334	112.31815	112.46864	112.27326	112.41161	112.32430		112.17779	111.89279	112.19104	111.87742	111.85621	112.22656	111.72193	111.8951	111.98791	112.04787	111.98746
2650	115.06971	109.06971	112.06971		112.20109	112.18742	112.3625	112.23715	112.45852	112.18413	112.29011	112.43909	112.24521	112.38483	112.29900		112.15012	111.87855	112.1528	111.85092	111.82597	112.19279	111.69441	111.87171	111.9629	112.0132	111.95934
2800	114.73923	108.73923	111.73923		111.87412	111.86261	112.0316	111.90791	112.13298	111.8444	111.96385	112.10064	111.91678	112.05739	111.96923		111.82144	111.54959	111.81566	111.52273	111.49244	111.85283	111.36439	111.54715	111.62767	111.67604	111.62699
3000	114.63323	108.63323	111.63323		111.76535	111.75254	111.91232	111.79353	112.01859	111.72525	111.84564	111.98572	111.802	111.93885	111.85398		111.70563	111.43962	111.693	111.40371	111.37117	111.73372	111.24646	111.43852	111.51175	111.55873	111.51023
3150	114.74413	108.74413	111.74413		111.87009	111.85962	112.01422	111.89459	112.12192	111.825	111.94681	112.08961	111.90757	112.03755	111.95670		111.80589	111.54487	111.79028	111.50068	111.4713	111.83186	111.34464	111.54425	111.6111	111.65281	111.60977
3350	114.71879	108.71879	111.71879		111.84586	111.83776	111.98134	111.86469	112.10023	111.79453	111.92253	112.06817	111.88075	112.00514	111.93010		111.77923	111.52066	111.76068	111.46782	111.44307	111.7991	111.31267	111.52361	111.57616	111.60602	111.57890
3550	114.67291	108.67291	111.67291		111.7795	111.75334	111.92096	111.77611	112.0156	111.70281	111.83361	111.98465	111.82006	111.94153	111.85282		111.72493	111.47222	111.70458	111.40077	111.35291	111.73661	111.21873	111.46968	111.53764	111.51227	111.51303
3750	114.67346	108.67346	111.67346		111.77978	111.75698	111.92342	111.75843	112.00913	111.70261	111.82042	111.98329	111.81744	111.93655	111.84880		111.73153	111.49019	111.70405	111.40265	111.35014	111.75213	111.20964	111.46423	111.53837	111.49997	111.51429
4000	114.55893	108.55893	111.55893		111.66138	111.64847	111.8155	111.62906	111.90293	111.58832	111.69043	111.86127	111.70519	111.82686	111.73294		111.62123	111.38925	111.58401	111.2938	111.24602	111.64845	111.10206	111.35	111.43483	111.38327	111.40529
4250	114.26084	108.26084	111.26084		111.35461	111.35587	111.51752	111.33023	111.61032	111.28627	111.38343	111.55413	111.40725	111.5391	111.43387		111.32501	111.10605	111.28144	110.98475	110.95437	111.34116	110.78802	111.043	111.14162	111.06732	111.10327
4500	114.11565	108.11565	111.11565		111.20329	111.21174	111.38528	111.19691	111.48528	111.1397	111.24646	111.41854	111.27936	111.39795	111.29645		111.1692	110.97549	111.13521	110.85551	110.7924	111.19963	110.64185	110.90489	111.00262	110.94359	110.96204
4750	114.32505	108.32505	111.32505		111.43651	111.45903	111.60884	111.44832	111.74086	111.38018	111.49554	111.66307	111.51568	111.62638	111.53744		111.37597	111.18868	111.35262	111.08212	111.03408	111.41252	110.87865	111.11034	111.20063	111.19308	111.18287
5000	114.60568	108.60568	111.60568		111.72034	111.72193	111.88186	111.72678	112.02735	111.63958	111.76704	111.9413	111.79867	111.9044	111.81293		111.63316	111.44408	111.62596	111.34764	111.30244	111.65195	111.13302	111.3707	111.45926	111.46374	111.44320
5300	115.00597	109.00597	112.00597		112.12504	112.09598	112.27906	112.12438	112.42746	112.01191	112.17251	112.33618	112.19815	112.28655	112.20572		112.01669	111.81601	112.02896	111.73036	111.66892	112.00678	111.48838	111.74402	111.82253	111.83957	111.81622
5600	115.73974	109.73974	112.73974		112.86762	112.79906	113.01962	112.84437	113.16524	112.7225	112.9086	113.06756	112.93709	112.99715	112.93288		112.74766	112.52607	112.77369	112.46471	112.37353	112.71561	112.19457	112.46449	112.52794	112.57096	112.53592
6000	116.69832	110.69832	113.69832		113.8225	113.71632	113.97625	113.76158	114.11617	113.64867	113.84425	113.99162	113.88977	113.9373	113.87044		113.71176	113.43908	113.74213	113.36707	113.2905	113.63612	113.10028	113.36824	113.46514	113.48801	113.46083
6300	117.73590	111.73590	114.7359		114.85512	114.66906	114.96018	114.73141	115.11767	114.60508	114.84505	114.964	114.86042	114.91244	114.85204		114.65864	114.3103	114.68449	114.19043	114.09959	114.59301	114.01662	114.25182	114.42312	114.35364	114.35817
6700	118.79265	112.79265	115.79265		115.92036	115.58257	115.85219	115.65014	116.03156	115.46124	115.77705	115.90448	115.72563	115.81732	115.77225		115.50138	115.15586	115.47444	115.01164	114.9109	115.42884	114.86453	115.08747	115.23425	115.17552	115.18448
7100	119.13939	113.13939	116.13939		116.23737	116.09154	116.36821	116.1708	116.5521	115.93621	116.30906	116.45665	116.23609	116.35372	116.27117		115.97976	115.63542	115.91073	115.47721	115.37921	115.83842	115.33793	115.55671	115.64125	115.63759	115.63942
7500	119.24322	113.24322	116.24322		116.34929	116.42792	116.72905	116.52748	116.89082	116.23682	116.66979	116.84921	116.58135	116.72792	116.59897		116.26206	115.92146	116.16009	115.75666	115.66497	116.0662	115.62182	115.83124	115.85866	115.90992	115.90531
8000	119.49243	113.49243	116.49243		116.60118	116.94747	117.28931	117.08344	117.38059	116.72051	117.21359	117.45221	117.10756	117.29687	117.10927		116.68496	116.36179	116.55034	116.22029	116.15627	116.44939	116.07708	116.28149	116.21771	116.35327	116.33526
8500	119.73784	113.73784	116.73784		116.84223	117.57533	117.97266	117.71762	117.94421	117.33032	117.8259	118.15859	117.74234	117.97996	117.70892		117.21094	116.92701	117.04221	116.83839	116.84233	116.93166	116.66038	116.87797	116.66394	116.95505	116.89499
9000	119.73996	113.73996	116.73996		116.82084	118.08073	118.56515	118.1885	118.40358	117.87073	118.30098	118.70703	118.27764	118.55499	118.17702		117.62923	117.36511	117.45728	117.28447	117.35881	117.37973	117.15413	117.38234	117.08352	117.42581	117.35204
9500	119.99813	113.99813	116.99813		117.09051	118.46355	118.985	118.41062	118.71418	118.29069	118.60628	119.07388	118.5968	118.97133	118.52028		117.90904	117.75049	117.70521	117.61132	117.7293	117.83518	117.60182	117.84209	117.46555	117.80844	117.72584
10000	120.11217	112.11217	117.11217		117.18684	118.38459	118.88689	118.1688	118.55121	118.29264	118.43775	118.94977	118.42668	118.8918	118.41770		117.80906	117.82653	117.57687	117.57189	117.73155	117.98531	117.71258	117.98412	117.51592	117.84695	117.75608
10600	119.77409	111.77409	116.77409		116.84079	117.61791	118.08358	117.3154	117.73005	117.65072	117.61653	118.16491	117.59885	118.12626	117.67450		117.10891	117.32583	116.8649	116.92567	117.13763	117.55372	117.1861	117.51256	116.98235	117.31979	117.19175
11200	118.93542	110.93542	115.93542		115.98494	116.31253	116.70987	115.92844	116.38826	116.47705	116.25604	116.87333	116.23774	116.81122	116.39794		115.91239	116.31135	115.66717	115.80529	116.06114	116.53732	116.07967	116.465	115.92555	116.27299	116.10379
11800	117.98413	109.98413	114.98413		115.03678	115.00115	115.2438	114.52793	115.03881	115.28234	114.8866	115.58919	114.84238	115.47572	115.09247		114.76713	115.32863	114.50786	114.7203	115.01416	115.42843	114.93243	115.35368	114.88622	115.21229	115.01511
12500	117.20749	109.20749	114.20749		114.28716	113.94144	113.99869	113.58366	113.94426	114.25382	113.80217	114.55568	113.72962	114.36665	114.04632		113.87796	114.46312	113.59345	113.79072	114.16065	114.36066	113.82487	114.25745	113.98746	114.23554	114.05519
13200	116.74866	108.74866	113.74866		113.83335	113.38362	113.36905	113.20792	113.42471	113.71014	113.29711	114.10247	113.23002	113.81622	113.53746		113.4284	113.93498	113.15838	113.3073	113.72971	113.68635	113.12623	113.56181	113.46807	113.71319	113.51144
14000	116.10991	108.10991	113.10991		113.19652	113.28501	113.1942	113.09508	113.31734	113.50107	113.14964	114.03735	113.10184	113.70898	113.35870		113.26052	113.602	112.94463	113.08064	113.53637	113.10926	112.6767	113.04788	113.1515	113.3359	113.17454
			PASSED		PASSED	PASSED	PASSED	PASSED	PASSED	PASSED	PASSED	PASSED	PASSED	PASSED			PASSED	PASSED	PASSED	PASSED	PASSED	PASSED	PASSED	PASSED	PASSED	PASSED	
19000	#REF!																										
20000	#REF!																										

## THD DATA_(NTI
	〔fg=#0000FF,b〕 ST AVG		〔fg=#0000FF,b〕E2 #1	〔fg=#0000FF,b〕E2 #2	〔fg=#0000FF,b〕E2 #3	〔fg=#0000FF,b〕E2 #4	〔fg=#0000FF,b〕E2 #5	〔fg=#0000FF,b〕E2 #6	〔fg=#0000FF,b〕E2 #7	〔fg=#0000FF,b〕E2 #8	〔fg=#0000FF,b〕E2 #9	〔fg=#0000FF,b〕E2 #10	〔fg=#FF0000,b〕E2 AVG			〔fg=#0000FF,b〕C2 #1	〔fg=#0000FF,b〕C2 #2	〔fg=#0000FF,b〕C2 #3	〔fg=#0000FF,b〕C2 #4	〔fg=#0000FF,b〕C2 #5	〔fg=#0000FF,b〕C2 #6	〔fg=#0000FF,b〕C2 #7	〔fg=#0000FF,b〕C2 #8	〔fg=#0000FF,b〕C2 #9	〔fg=#0000FF,b〕C2 #10	〔fg=#FF0000,b〕C2 AVG
100	17.99578		18.72284	16.74057	16.35447	15.58257	18.16532	14.98181	17.28038	14.59288	16.82458	18.45681	16.77022			18.06579	17.23922	17.39994	17.34492	13.78612	17.85382	14.91868	16.45707	18.84695	17.37172	16.92842
106	17.72084		18.3787	16.49142	16.17995	15.31342	17.81114	14.71842	16.94448	14.39175	16.54786	18.17976	16.49569			17.76677	16.92142	17.03246	17.0754	13.59776	17.47176	14.7401	16.19543	18.5642	17.02029	16.63856
112	17.43936		18.05748	16.29173	15.983	15.03395	17.52305	14.46049	16.63165	14.1685	16.27783	17.94416	16.23718			17.47386	16.61011	16.72353	16.77766	13.42131	17.12596	14.54193	15.96157	18.30269	16.68533	16.36239
118	17.22577		17.82252	16.07608	15.82658	14.84376	17.27638	14.30275	16.35367	14.00734	16.06513	17.781	16.03552			17.20665	16.37414	16.4753	16.50346	13.30233	16.84343	14.37698	15.74544	18.08949	16.39071	16.13079
125	17.01314		17.67323	15.90282	15.62004	14.64754	17.06565	14.12181	16.09257	13.8363	15.85944	17.6168	15.84362			16.95597	16.15354	16.22844	16.26935	13.18449	16.71125	14.2065	15.53289	17.56325	16.11347	15.89191
132	16.72892		17.33935	15.63176	15.36533	14.38347	16.68208	13.86167	15.73132	13.60026	15.5633	17.26892	15.54275			16.61067	15.86459	15.87709	15.98148	12.99238	16.41114	13.93761	15.22805	17.23106	15.63312	15.57672
140	16.37188		16.93676	15.29581	15.11431	14.04054	16.24947	13.49574	15.31512	13.27756	15.17936	17.92749	15.28322			16.18598	15.49192	15.25137	15.67257	12.73462	17.46042	13.61068	14.89242	16.88434	15.17352	15.33578
150	15.85348		16.38928	14.86609	14.7067	13.62531	15.81515	13.02206	14.74288	12.91498	14.70186	17.58253	14.83668			15.60968	15.02423	14.70101	15.10462	12.45379	17.16949	13.206	14.45203	16.44062	14.58732	14.87488
160	15.31386		15.86627	14.38365	14.25426	13.16516	15.22466	12.62446	14.16471	12.53158	14.20463	17.06392	14.34833			15.02137	14.49862	14.21945	14.50899	12.27648	16.60275	12.78547	13.97882	15.9438	14.00862	14.38444
170	14.9366		15.46176	14.07053	13.96543	12.81367	14.81766	12.35182	13.79263	12.25616	13.83012	16.72322	14.00830			14.5786	14.1591	14.01634	14.09594	12.11738	16.23095	12.48756	13.63875	15.51757	13.58956	14.04317
180	14.72117		15.24155	13.85514	13.77245	12.62774	14.59479	12.20373	13.54637	12.10252	13.62831	16.43171	13.80043			14.26136	13.95522	13.76669	13.80711	12.07316	15.94614	12.27878	13.45098	15.23792	13.29108	13.80684
190	14.67011		15.18268	13.75709	13.69723	12.56383	14.47077	12.16511	13.41412	12.06525	13.55621	16.24186	13.71142			14.07634	13.90688	13.60161	13.67816	12.13411	15.77941	12.19593	13.40456	15.07995	13.13438	13.69913
200	14.72875		15.22079	13.79053	13.71078	12.56795	14.45659	12.17299	13.38131	12.09919	13.57271	16.11689	13.70897			14.01808	13.97385	13.52352	13.67612	12.27455	15.67751	12.16959	13.48653	15.04816	13.06955	13.69175
212	14.94219		15.33987	13.93008	13.88611	12.72071	14.53997	12.37416	13.45839	12.26956	13.72769	16.1163	13.83628			14.08141	14.18976	13.56214	13.77943	12.51054	15.54204	12.36437	13.71555	15.43778	13.12971	13.83127
224	15.20771		15.60737	14.15129	14.11518	12.98123	14.75966	12.63798	13.61658	12.52434	13.97369	16.23989	14.06072			14.23949	14.44996	13.7157	13.92799	12.8102	15.56144	12.64047	14.02352	15.57121	13.25301	14.01930
236	15.44811		15.82675	14.307	14.31974	13.19554	14.92489	12.89901	13.77023	12.79464	14.19957	15.26574	14.15031			14.3912	14.64289	13.88129	14.03724	13.06609	13.78151	12.88571	14.31878	15.61353	13.37174	13.99900
250	15.62213		16.01608	14.4284	14.6012	13.41453	15.12009	13.1338	13.90983	13.05908	14.40477	15.30344	14.33912			14.53231	14.76167	14.07831	14.18626	13.28359	13.78623	13.06065	14.59915	15.60471	13.47363	14.13665
265	15.76876		16.11151	14.50942	14.93569	13.66518	15.35384	13.34376	14.08292	13.33928	14.62333	15.41141	14.53763			14.71359	14.8348	14.3337	14.33767	13.34535	13.94474	13.18072	14.85593	15.5565	13.60461	14.27076
280	15.72796		16.06294	14.4239	15.19999	13.81711	15.48587	13.40186	14.15159	13.49738	14.71022	15.29679	14.60477			14.79021	14.72282	14.30585	14.34688	13.35754	13.99328	13.13064	15.04228	15.41866	13.63257	14.27407
300	15.45253		15.78537	14.10376	15.47846	13.93267	15.53829	13.24474	14.16175	13.53648	14.66022	15.03266	14.54744			14.75968	14.40665	14.35875	14.19126	13.13108	13.9408	12.8665	15.20383	15.03873	13.56273	14.14600
315	15.09006		15.42534	13.71666	15.64379	13.95798	15.52594	12.98393	14.12152	13.4619	14.52523	14.69352	14.40558			14.66542	14.05536	14.32599	13.96447	12.80393	13.79724	12.51406	15.25899	14.61278	13.43736	13.94356
335	14.41584		14.74301	13.01919	15.78221	13.92423	15.4023	12.46409	14.00251	13.23682	14.22142	14.06134	14.08571			14.41931	13.41876	14.16809	13.49166	12.16174	13.50052	11.91802	15.23972	13.84938	13.20366	13.53709
355	13.58842		13.88565	12.16654	15.82123	13.75962	15.13693	11.7533	13.7672	12.89187	13.76542	13.25481	13.62026			14.04653	12.63293	13.88973	12.88033	11.41969	13.08668	11.07909	15.08218	12.92214	12.83756	12.98769
375	12.65106		12.93925	11.21591	15.72854	13.46241	14.71334	10.96688	13.41638	12.43908	13.20038	12.34424	13.04264			13.53362	11.74978	13.49885	12.1586	10.63674	12.57752	10.19004	14.7541	11.87994	12.3982	12.33774
400	11.55116		11.81198	10.1226	15.49707	13.02331	14.11128	10.01934	12.91875	11.82359	12.48722	11.22949	12.30446			12.86366	10.72299	12.94799	11.27683	9.67959	11.91303	9.15656	14.23884	10.69996	11.79631	11.52958
425	10.66461		10.89729	9.22459	15.18909	12.60984	13.52753	9.20984	12.44551	11.25197	11.84364	10.27058	11.64699			12.24875	9.9035	12.40936	10.50548	8.88045	11.31041	8.29861	13.73549	9.71975	11.24754	10.82593
450	9.96764		10.17236	8.50994	14.79975	12.2043	12.94411	8.53898	11.97874	10.71793	11.25259	9.45523	11.05739			11.6792	9.26706	11.86663	9.84381	8.20923	10.7467	7.61658	13.25454	8.93624	10.74993	10.21699
475	9.37277		9.55639	7.91261	14.29302	11.7695	12.31527	7.96678	11.47657	10.19817	10.6861	8.73584	10.49103			11.12339	8.74795	11.3089	9.25296	7.63521	10.20116	7.04884	12.69974	8.29058	10.26565	9.65744
500	8.81112		8.98167	7.38539	13.65956	11.27558	11.6496	7.47013	10.91475	9.67749	10.10928	8.08098	9.92044			10.5596	8.27404	10.71856	8.69119	7.14985	9.6598	6.55491	12.07739	7.74033	9.77045	9.11961
530	8.18244		8.32125	6.84714	12.73488	10.5996	10.82208	6.9683	10.17721	9.04997	9.38655	7.39013	9.22971			9.86362	7.74061	9.994	8.03765	7.29637	9.01262	6.04206	11.23435	7.19704	9.13861	8.55569
560	7.60038		7.71953	6.39926	11.72303	9.85276	9.98919	6.54978	9.41216	8.41567	8.66432	6.80533	8.55310			9.16808	7.23862	9.24509	7.43199	6.84592	8.36765	5.60677	10.33477	6.74637	8.49742	7.94827
600	6.89676		7.00625	5.90184	10.37425	8.86561	8.92863	6.07391	8.41555	7.58749	7.7615	6.15982	7.70748			8.26694	6.63622	8.27052	6.68658	6.28053	7.53246	5.1237	9.16101	6.26636	7.67261	7.18969
630	6.43292		6.52956	5.59018	9.42987	8.18196	8.20687	5.76316	7.72133	6.99989	7.13411	5.73991	7.12968			7.65112	6.23432	7.5874	6.18936	5.88211	6.95601	4.80434	8.36591	5.963	7.09347	6.67270
670	5.87273		5.96079	5.22943	8.2895	7.35091	7.36472	5.37568	6.88646	6.28039	6.37228	5.24152	6.43517			6.91059	5.77398	6.74967	5.58879	5.41691	6.25691	4.41465	7.42905	5.58848	6.38227	6.05113
710	5.33183		5.40981	4.89017	7.25009	6.5896	6.61524	5.00018	6.13048	5.6128	5.68832	4.78118	5.79679			6.23775	5.34838	5.97575	5.04472	4.96372	5.60689	4.044	6.60315	5.21333	5.73898	5.47767
750	4.80817		4.88201	4.56598	6.33026	5.90811	5.96408	4.64035	5.45803	5.01011	5.08225	4.3624	5.22036			5.644	4.95136	5.28218	4.55263	4.55086	5.01379	3.70137	5.88515	4.83283	5.15871	4.95729
800	4.23305		4.29127	4.20096	5.38689	5.18141	5.30417	4.23372	4.77393	4.38458	4.43796	3.92317	4.61181			5.01583	4.49722	4.56376	4.02127	4.10958	4.37846	3.32978	5.13994	4.37218	4.54102	4.39690
850	3.77361		3.83112	3.91026	4.67449	4.6147	4.77702	3.90006	4.24853	3.89223	3.93722	3.59585	4.13815			4.51614	4.13336	4.00473	3.60664	3.59547	3.86108	3.04114	4.54179	3.96011	4.03472	3.92952
900	3.41289		3.46977	3.6766	4.13967	4.1753	4.3291	3.63078	3.83364	3.50507	3.55019	3.34623	3.76564			4.11033	3.83933	3.57464	3.28669	2.8329	3.4667	2.83165	4.05746	3.61192	3.62505	3.52367
950	3.11432		3.17356	3.47435	3.71333	3.81182	3.93616	3.39955	3.48209	3.19109	3.23262	3.13587	3.45504			3.76303	3.58493	3.23834	3.02426	2.63703	3.1598	2.67046	3.6482	3.31246	3.2766	3.23151
1000	2.853		2.91262	3.27588	3.34008	3.48967	3.58462	3.18379	3.16893	2.91946	2.94926	2.93762	3.17619			3.44873	3.34627	2.94654	2.78593	2.49465	2.8974	2.52131	3.28717	3.04443	2.9653	2.97377
1060	2.57301		2.6259	3.03308	2.92845	3.12984	3.19721	2.92447	2.8209	2.629	2.6395	2.70849	2.86368			3.0988	3.06688	2.62971	2.52677	2.34432	2.60524	2.34031	2.8959	2.74868	2.62265	2.68793
1120	2.32585		2.38094	2.80522	2.56066	2.81096	2.85382	2.68905	2.5139	2.37421	2.36865	2.5055	2.58629			2.78822	2.80909	2.34763	2.29853	2.21141	2.34872	2.17684	2.56194	2.49149	2.32887	2.43627
1180	2.11588		2.16817	2.59087	2.25764	2.53231	2.55607	2.47672	2.25024	2.15437	2.13323	2.31699	2.34366			2.52006	2.5733	2.10564	2.09646	2.07773	2.12846	2.02838	2.2801	2.26637	2.08543	2.21619
1250	1.88999		1.93423	2.34469	1.96363	2.24018	2.24417	2.23948	1.98519	1.92653	1.88595	2.10146	2.08655			2.23677	2.31428	1.85774	1.87722	1.91174	1.89778	1.85328	2.00057	2.02973	1.84188	1.98210
1320	1.70853		1.75323	2.1458	1.74304	2.0219	2.00524	2.05192	1.78079	1.74526	1.69826	1.9343	1.88797			2.01452	2.11444	1.66551	1.71259	1.77222	1.71559	1.71404	1.78725	1.84186	1.6547	1.79927
1400	1.54901		1.58159	1.95514	1.54019	1.81379	1.78617	1.87054	1.59462	1.57767	1.52684	1.77187	1.70184			1.8083	1.91981	1.49173	1.55597	1.63343	1.55544	1.58145	1.59334	1.67577	1.49391	1.63091
1500	1.36712		1.39442	1.72864	1.32764	1.57339	1.54348	1.64667	1.38878	1.38848	1.33629	1.57533	1.49031			1.574	1.68644	1.30266	1.37264	1.45669	1.36694	1.41731	1.37711	1.47631	1.31155	1.43416
1600	1.20714		1.22881	1.51092	1.14598	1.3604	1.33407	1.43739	1.20943	1.22332	1.16655	1.3889	1.30058			1.36393	1.47191	1.13565	1.20454	1.28469	1.19629	1.25509	1.18995	1.29176	1.15046	1.25443
1700	1.07936		1.09489	1.33446	1.00971	1.19224	1.17302	1.26744	1.0698	1.09517	1.03673	1.23437	1.15078			1.19537	1.29564	1.00549	1.06202	1.13556	1.06796	1.12261	1.04399	1.14294	1.02466	1.10962
1800	0.97494		0.9884	1.18633	0.9058	1.0572	1.04467	1.12841	0.96377	0.99152	0.93509	1.10891	1.03101			1.06002	1.1493	0.901	0.94504	1.01014	0.96532	1.01182	0.92771	1.02365	0.92435	0.99184
1900	0.88671		0.89461	1.05465	0.81753	0.94064	0.93261	1.00349	0.87313	0.90239	0.84615	0.99625	0.92614			0.93898	1.01747	0.80949	0.84116	0.89755	0.87264	0.91041	0.82383	0.91479	0.83578	0.88621
2000	0.81524		0.82047	0.95128	0.74945	0.85141	0.84277	0.9047	0.79942	0.83145	0.77715	0.90636	0.84345			0.84647	0.91884	0.73699	0.76365	0.81313	0.79431	0.829	0.74608	0.82686	0.76354	0.80389
2120	0.74602		0.74935	0.86982	0.69741	0.77915	0.77263	0.82652	0.73936	0.77399	0.72028	0.8333	0.77618			0.77223	0.83802	0.68003	0.70088	0.74533	0.72948	0.76294	0.68365	0.75615	0.70299	0.73717
2240	0.6866		0.68996	0.78888	0.64621	0.70868	0.70429	0.74984	0.67862	0.71485	0.66248	0.7588	0.71026			0.6993	0.75754	0.62453	0.63865	0.67901	0.66617	0.6962	0.62259	0.68889	0.64364	0.67165
2360	0.64423		0.64929	0.71782	0.60726	0.64956	0.64769	0.68567	0.62835	0.66572	0.6136	0.69465	0.65596			0.63815	0.68855	0.57933	0.58965	0.62339	0.61494	0.64079	0.57382	0.63349	0.59556	0.61777
2500	0.62506		0.63438	0.66635	0.58633	0.61449	0.60974	0.6456	0.59738	0.63602	0.58479	0.65127	0.62264			0.59903	0.64423	0.55639	0.56409	0.59597	0.5891	0.60976	0.54981	0.60207	0.57199	0.58824
2650	0.60189		0.61248	0.63007	0.57084	0.58811	0.57991	0.61849	0.57146	0.60849	0.56388	0.61757	0.59613			0.576	0.61781	0.5427	0.5522	0.58867	0.57035	0.59045	0.53645	0.57967	0.55948	0.57138
2800	0.57596		0.59297	0.59768	0.55204	0.5644	0.55313	0.59971	0.55149	0.57686	0.54368	0.59481	0.57268			0.56519	0.59279	0.53683	0.54171	0.5786	0.54754	0.57519	0.52827	0.56613	0.54467	0.55769
3000	0.56559		0.58563	0.56279	0.52067	0.53348	0.51771	0.56263	0.51661	0.53697	0.50542	0.55089	0.53928			0.52017	0.54003	0.50456	0.49902	0.53569	0.52032	0.53401	0.48657	0.53294	0.50057	0.51739
3150	0.56188		0.58108	0.53692	0.49964	0.51011	0.49315	0.5349	0.49044	0.50955	0.4814	0.51927	0.51565			0.50869	0.50405	0.48973	0.46841	0.51473	0.49911	0.49899	0.46126	0.51222	0.47219	0.49294
3350	0.52991		0.54942	0.52194	0.48786	0.497	0.49099	0.53442	0.48539	0.4992	0.47329	0.50285	0.50424			0.50697	0.48166	0.48151	0.46246	0.51908	0.48922	0.47492	0.45479	0.4979	0.47253	0.48410
3550	0.50456		0.52305	0.50544	0.49109	0.52151	0.50204	0.57553	0.47624	0.51627	0.49512	0.50684	0.51131			0.56754	0.50793	0.48345	0.51126	0.54562	0.48549	0.46848	0.50221	0.49993	0.4913	0.50632
3750	0.50002		0.51572	0.49387	0.49005	0.57291	0.58875	0.57787	0.47786	0.55712	0.55662	0.60253	0.54333			0.58606	0.50092	0.50609	0.56523	0.53929	0.47654	0.45385	0.50397	0.49288	0.48898	0.51138
4000	0.47332		0.48229	0.47899	0.47246	0.57938	0.59384	0.56107	0.46335	0.55272	0.55153	0.60307	0.53387			0.5795	0.47777	0.53332	0.54817	0.51747	0.45175	0.4239	0.48566	0.46025	0.48972	0.49675
4250	0.43804		0.43852	0.45973	0.45215	0.56951	0.57497	0.53005	0.44286	0.5393	0.54431	0.58649	0.51379			0.56169	0.43955	0.51249	0.51585	0.4807	0.41649	0.382	0.4529	0.42036	0.45346	0.46355
4500	0.41354		0.40664	0.4527	0.44705	0.56508	0.56687	0.50653	0.43448	0.53546	0.54101	0.57632	0.50321			0.5451	0.40914	0.49363	0.49061	0.4492	0.39357	0.35434	0.42421	0.39403	0.42351	0.43773
4750	0.38046		0.36665	0.43894	0.43301	0.54968	0.54935	0.47697	0.41793	0.52266	0.52958	0.55696	0.48417			0.52149	0.38522	0.46516	0.47125	0.42525	0.3658	0.33007	0.39749	0.36666	0.39527	0.41237
5000	0.33469		0.31653	0.41321	0.40986	0.52412	0.53278	0.44872	0.39401	0.50011	0.51509	0.53391	0.45883			0.5073	0.37023	0.44161	0.45922	0.41427	0.33544	0.31336	0.38586	0.34236	0.38382	0.39535
5300	0.31507		0.30344	0.39321	0.40575	0.5047	0.54431	0.44082	0.39516	0.49553	0.52549	0.53349	0.45419			0.49893	0.39379	0.44033	0.49047	0.42197	0.3416	0.31221	0.40595	0.34921	0.41559	0.40701
5600	0.37325		0.36744	0.4131	0.47005	0.52439	0.62514	0.47418	0.45224	0.54269	0.59702	0.57978	0.50460			0.55885	0.4308	0.50975	0.51083	0.43148	0.42204	0.34491	0.44995	0.43011	0.48222	0.45709
6000	0.63183		0.63946	0.44467	0.51145	0.50987	0.64886	0.43913	0.49711	0.53535	0.5892	0.55615	0.53712			0.4647	0.34836	0.51078	0.40335	0.3571	0.51492	0.3172	0.36278	0.4965	0.43686	0.42125
6300	0.88099		0.87514	0.42362	0.49344	0.43777	0.55832	0.41022	0.46708	0.47133	0.51136	0.44719	0.50955			0.41717	0.32333	0.46833	0.32667	0.33086	0.51447	0.29679	0.33441	0.48984	0.41182	0.39137
6700	0.90776		0.89884	0.41645	0.47638	0.39646	0.5369	0.38881	0.4572	0.45428	0.48293	0.42504	0.49333			0.38525	0.31637	0.39572	0.30735	0.3148	0.49627	0.2833	0.31693	0.47828	0.36711	0.36614
7100	0.89021		0.88508	0.40116	0.46075	0.36932	0.5279	0.37161	0.44942	0.43844	0.45569	0.40862	0.47680			0.35855	0.30771	0.36721	0.29308	0.29742	0.47946	0.27294	0.30093	0.46351	0.35176	0.34926
7500	0.8728		0.87168	0.36501	0.4281	0.33639	0.49516	0.34117	0.42219	0.40786	0.42299	0.37608	0.44666			0.32542	0.28301	0.33917	0.26859	0.26868	0.45729	0.24746	0.27738	0.43924	0.3311	0.32373
8000	0.87053		0.87473	0.32689	0.39968	0.32018	0.46048	0.3112	0.39613	0.38238	0.39549	0.34708	0.42142			0.29861	0.25815	0.32541	0.24882	0.24086	0.44785	0.22345	0.26565	0.42023	0.3177	0.30467
8500	0.86683		0.87078	0.319	0.39613	0.33126	0.44076	0.30103	0.39051	0.37991	0.38742	0.34391	0.41607			0.28815	0.23659	0.32345	0.23213	0.22477	0.43982	0.21043	0.25602	0.41007	0.30533	0.29268
9000	0.81943		0.81694	0.30822	0.36961	0.3316	0.38687	0.27491	0.35614	0.35522	0.34885	0.32007	0.38684			0.24596	0.18575	0.28195	0.18806	0.19069	0.3784	0.17964	0.20404	0.35482	0.24213	0.24514
9500	0.70604		0.69377	0.25554	0.28328	0.28269	0.27337	0.20585	0.26699	0.28141	0.25638	0.25559	0.30549			0.16642	0.13346	0.19534	0.14526	0.14841	0.25418	0.13123	0.13654	0.24222	0.15282	0.17059
10000	0.50158		0.47858	0.19953	0.20975	0.22707	0.19381	0.15369	0.19808	0.22718	0.19753	0.2183	0.23035			0.14512	0.13098	0.15169	0.14051	0.14258	0.14339	0.11626	0.12459	0.14736	0.13172	0.13742
10600	0.17994		0.17482	0.19021	0.19452	0.21997	0.17291	0.14249	0.19071	0.22252	0.18939	0.20841	0.19059			0.1423	0.12511	0.14016	0.13649	0.13845	0.11413	0.11346	0.11961	0.12373	0.12441	0.12779
11200	0.12318		0.12422	0.16026	0.17714	0.20257	0.14712	0.12609	0.16942	0.19343	0.17382	0.17981	0.16539			0.13055	0.10147	0.1361	0.12004	0.12044	0.10298	0.0999	0.10545	0.11453	0.1155	0.11470
11800	0.12132		0.12243	0.14302	0.16616	0.19573	0.12827	0.11697	0.15246	0.17771	0.16483	0.16354	0.15311			0.12449	0.08661	0.13636	0.11065	0.11088	0.10271	0.09291	0.10102	0.11548	0.11234	0.10934
12500	0.12192		0.12312	0.13975	0.16606	0.19841	0.12713	0.11921	0.14957	0.17648	0.16348	0.16333	0.15265			0.12452	0.08241	0.13881	0.10812	0.11095	0.10471	0.09401	0.1055	0.11964	0.11368	0.11023
13200	0.11339		0.11463	0.14741	0.17458	0.19617	0.14115	0.12879	0.15723	0.18383	0.16756	0.1746	0.15860			0.12638	0.07901	0.1351	0.10411	0.11574	0.09519	0.09021	0.09815	0.11616	0.11053	0.10706
14000	0.08867		0.09009	0.14982	0.17972	0.1754	0.14502	0.13643	0.15753	0.18491	0.16623	0.1773	0.15624			0.1264	0.07782	0.12646	0.10077	0.12127	0.0731	0.08266	0.07787	0.10089	0.09771	0.09849

## IMP  DATA_(NTI
	〔fg=#0000FF,b〕 ST AVG		〔fg=#0000FF,b〕E2 #1	〔fg=#0000FF,b〕E2 #2	〔fg=#0000FF,b〕E2 #3	〔fg=#0000FF,b〕E2 #4	〔fg=#0000FF,b〕E2 #5	〔fg=#0000FF,b〕E2 #6	〔fg=#0000FF,b〕E2 #7	〔fg=#0000FF,b〕E2 #8	〔fg=#0000FF,b〕E2 #9	〔fg=#0000FF,b〕E2 #10	〔fg=#FF0000,b〕E2 AVG		〔fg=#0000FF,b〕C2 #1	〔fg=#0000FF,b〕C2 #2	〔fg=#0000FF,b〕C2 #3	〔fg=#0000FF,b〕C2 #4	〔fg=#0000FF,b〕C2 #5	〔fg=#0000FF,b〕C2 #6	〔fg=#0000FF,b〕C2 #7	〔fg=#0000FF,b〕C2 #8	〔fg=#0000FF,b〕C2 #9	〔fg=#0000FF,b〕C2 #10	〔fg=#FF0000,b〕C2 AVG
100	6.47131		6.33965	6.14107	6.14389	6.15328	5.98504	5.9581	6.13464	6.08554	6.36785	6.12556	6.14346		5.96332	6.1066	6.02418	5.9636	6.01471	6.11028	6.14205	5.97556	6.31662	5.99418	6.06111
106	6.55496		6.42427	6.22754	6.23529	6.24441	6.07322	6.04686	6.22378	6.17681	6.44683	6.21587	6.23149		6.05454	6.19304	6.11501	6.05807	6.10329	6.19427	6.22363	6.06638	6.3787	6.08332	6.14703
112	6.6195		6.49031	6.29698	6.307	6.31541	6.14356	6.11712	6.29571	6.24814	6.50973	6.28708	6.30110		6.12617	6.2615	6.18479	6.13117	6.17299	6.26534	6.29058	6.13832	6.43243	6.15289	6.21562
118	6.67144		6.54599	6.35473	6.36462	6.37559	6.20159	6.17572	6.35482	6.30609	6.55631	6.34619	6.35816		6.18631	6.31832	6.24049	6.19222	6.22999	6.32294	6.34376	6.19641	6.47749	6.21115	6.27191
125	6.72288		6.60016	6.41114	6.42322	6.43306	6.25803	6.23186	6.41156	6.36171	6.60727	6.40293	6.41409		6.24555	6.37294	6.29474	6.24936	6.28547	6.37558	6.395	6.25201	6.52328	6.26859	6.32625
132	6.76525		6.64491	6.45756	6.47116	6.4792	6.30421	6.28051	6.45839	6.40977	6.64903	6.45027	6.46050		6.29291	6.41856	6.33953	6.29649	6.33114	6.4204	6.43862	6.29845	6.56185	6.31441	6.37124
140	6.80611		6.68841	6.50471	6.51665	6.52403	6.34909	6.32663	6.50381	6.45513	6.68844	6.49564	6.50525		6.3401	6.46241	6.38234	6.34214	6.37513	6.46416	6.47967	6.34412	6.60151	6.35922	6.41508
150	6.85089		6.7336	6.55244	6.5652	6.57126	6.39714	6.37663	6.55205	6.50237	6.73005	6.54356	6.55243		6.39019	6.50856	6.42903	6.39007	6.42222	6.51092	6.52401	6.39179	6.64336	6.40699	6.46171
160	6.88753		6.7717	6.59223	6.60628	6.60996	6.4376	6.41615	6.59185	6.54172	6.76538	6.58475	6.59176		6.43156	6.54717	6.46894	6.43016	6.46078	6.54839	6.56139	6.43044	6.67818	6.44584	6.50028
170	6.91842		6.80384	6.62657	6.63987	6.64312	6.4719	6.44954	6.62544	6.57505	6.79535	6.61903	6.62497		6.46621	6.57952	6.50165	6.46524	6.49339	6.58062	6.59374	6.4635	6.71029	6.4795	6.53337
180	6.9458		6.83269	6.65558	6.6696	6.67186	6.50224	6.47968	6.65489	6.60428	6.82194	6.64811	6.65409		6.49536	6.60813	6.52965	6.49406	6.52194	6.60854	6.62153	6.49194	6.73739	6.50877	6.56173
190	6.97087		6.85704	6.68112	6.69523	6.6971	6.52759	6.50662	6.68095	6.62948	6.84509	6.67386	6.67941		6.52128	6.63343	6.55463	6.52053	6.54661	6.6336	6.64544	6.51707	6.76029	6.53376	6.58666
200	6.99329		6.87914	6.7053	6.71861	6.71975	6.5508	6.52998	6.70464	6.65258	6.86691	6.69652	6.70242		6.54519	6.65577	6.57701	6.54309	6.56853	6.65588	6.66689	6.53946	6.78225	6.55578	6.60898
212	7.01655		6.904	6.73092	6.74299	6.744	6.57647	6.5543	6.72867	6.67771	6.88983	6.72101	6.72699		6.5705	6.67865	6.60194	6.56911	6.59276	6.68015	6.68986	6.563	6.80759	6.57975	6.63333
224	7.03725		6.92541	6.75468	6.76493	6.76623	6.59811	6.57592	6.75124	6.69871	6.90964	6.74252	6.74874		6.59179	6.70005	6.62293	6.59124	6.61472	6.70059	6.7107	6.58328	6.82876	6.60021	6.65443
236	7.05706		6.9447	6.77474	6.78359	6.78577	6.6178	6.59603	6.7718	6.71878	6.92733	6.76382	6.76844		6.61173	6.7196	6.64216	6.61058	6.6339	6.71986	6.72912	6.60238	6.84696	6.62011	6.67364
250	7.07664		6.96522	6.7955	6.80457	6.80638	6.63888	6.61801	6.79326	6.74013	6.94946	6.7855	6.78969		6.63345	6.7404	6.66237	6.63121	6.65438	6.74044	6.74884	6.62255	6.86672	6.63968	6.69400
265	7.09601		6.98511	6.8161	6.82418	6.82672	6.65944	6.63807	6.81376	6.76018	6.96339	6.80649	6.80934		6.65366	6.75983	6.68165	6.65162	6.67386	6.76066	6.76766	6.64244	6.88503	6.65842	6.71348
280	7.1146		7.00435	6.83529	6.84219	6.84566	6.67899	6.65687	6.8327	6.77932	6.98251	6.82516	6.82830		6.67218	6.7782	6.70036	6.67198	6.69279	6.78039	6.78605	6.66016	6.90259	6.67741	6.73221
300	7.13796		7.0285	6.85991	6.86629	6.86915	6.70167	6.68083	6.8576	6.80239	6.99715	6.84838	6.85119		6.69578	6.80075	6.72298	6.69577	6.71481	6.803	6.80808	6.68259	6.92566	6.69982	6.75492
315	7.15444		7.04519	6.87776	6.88322	6.88561	6.71939	6.69783	6.87492	6.81902	7.0049	6.86518	6.86730		6.7125	6.81691	6.73897	6.71157	6.73179	6.82	6.82425	6.69959	6.94187	6.71588	6.77133
335	7.17702		7.06789	6.90107	6.90503	6.90757	6.7413	6.71767	6.89717	6.84042	7.02019	6.88777	6.88861		6.7342	6.83829	6.75937	6.73249	6.75244	6.8409	6.84506	6.72025	6.96208	6.7376	6.79227
355	7.19972		7.09146	6.92353	6.92562	6.92888	6.76237	6.73774	6.91828	6.86084	7.03714	6.90917	6.90950		6.75508	6.85889	6.77898	6.75246	6.77224	6.86178	6.86485	6.74019	6.98243	6.75759	6.81245
375	7.22266		7.11404	6.94695	6.94578	6.9503	6.78405	6.75794	6.94018	6.88157	7.05789	6.93054	6.93092		6.77577	6.87968	6.79879	6.77317	6.79196	6.88127	6.884	6.76044	7.00314	6.77746	6.83257
400	7.25203		7.14391	6.97598	6.97279	6.97649	6.81129	6.78387	6.96817	6.90793	7.08192	6.95816	6.95805		6.80358	6.90745	6.82392	6.79918	6.81753	6.90798	6.90945	6.78659	7.03027	6.80261	6.85886
425	7.28402		7.17576	7.00746	7.00035	7.00409	6.84114	6.81104	6.99614	6.93533	7.10767	6.98807	6.98670		6.83119	6.93604	6.85046	6.8264	6.84291	6.93562	6.93457	6.81399	7.05933	6.82881	6.88593
450	7.31858		7.20998	7.04086	7.02992	7.03332	6.87237	6.83951	7.02725	6.96441	7.13218	7.01905	7.01688		6.86017	6.96669	6.87814	6.85507	6.87046	6.96446	6.96186	6.84259	7.09105	6.85645	6.91469
475	7.35748		7.24936	7.07832	7.06176	7.06611	6.907	6.86955	7.05993	6.99507	7.16099	7.05344	7.05015		6.89212	7.00018	6.90778	6.88576	6.89996	6.99594	6.99208	6.87421	7.12701	6.88573	6.94608
500	7.4014		7.29293	7.12151	7.09797	7.10262	6.94554	6.904	7.09761	7.02943	7.19519	7.09139	7.08782		6.92827	7.03902	6.93975	6.91899	6.93115	7.0311	7.02407	6.90893	7.16641	6.91892	6.98066
530	7.46233		7.35396	7.17975	7.14656	7.15268	6.99877	6.94972	7.1491	7.07567	7.24483	7.14482	7.13959		6.97794	7.09149	6.98503	6.96635	6.97881	7.08086	7.0698	6.9578	7.22224	6.96411	7.02944
560	7.53598		7.42679	7.24635	7.2052	7.21122	7.06097	7.00374	7.20897	7.13089	7.302	7.20676	7.20029		7.03493	7.15319	7.03674	7.02144	7.03297	7.13707	7.12288	7.01546	7.28854	7.01542	7.08586
600	7.65745		7.54789	7.35464	7.30091	7.30927	7.16396	7.09433	7.30724	7.22081	7.40093	7.31016	7.30101		7.12935	7.26039	7.12368	7.11425	7.12463	7.23034	7.21166	7.11059	7.39616	7.10182	7.18029
630	7.76636		7.65763	7.45095	7.38688	7.39582	7.25269	7.17347	7.39295	7.3016	7.48877	7.3992	7.39000		7.21392	7.35812	7.20092	7.1977	7.20831	7.31211	7.2921	7.19495	7.48914	7.17882	7.26461
670	7.95748		7.84795	7.61775	7.52806	7.53908	7.39647	7.30697	7.53133	7.43755	7.63646	7.54389	7.53855		7.35465	7.52723	7.32816	7.33828	7.34671	7.44969	7.42544	7.33746	7.63851	7.30807	7.40542
710	8.19823		8.08858	7.8271	7.69606	7.71917	7.57645	7.47481	7.70978	7.60915	7.81752	7.72343	7.72421		7.53356	7.74326	7.47989	7.51475	7.50811	7.61721	7.59243	7.51644	7.81801	7.46992	7.57936
750	8.48414		8.37225	8.07516	7.89443	7.93784	7.78932	7.67765	7.92394	7.81852	8.0366	7.94247	7.94682		7.74897	8.00015	7.6587	7.72486	7.6819	7.8176	7.7952	7.73208	8.02985	7.66719	7.78565
800	8.84659		8.72823	8.40314	8.18348	8.2508	8.07361	7.96656	8.22575	8.12742	8.34402	8.2542	8.25572		8.04435	8.33184	7.92081	8.01347	7.9137	8.10325	8.08624	8.02724	8.30587	7.94653	8.06933
850	9.09876		8.9743	8.65705	8.46596	8.53718	8.30825	8.23237	8.49782	8.43271	8.6167	8.53886	8.52612		8.29413	8.5669	8.18235	8.25438	8.14761	8.37128	8.35146	8.27217	8.52447	8.20096	8.31657
900	9.13356		9.00534	8.7378	8.65587	8.70085	8.41536	8.39041	8.65176	8.64292	8.7628	8.70057	8.66637		8.41032	8.60221	8.36399	8.35995	8.30928	8.53438	8.49389	8.37298	8.60971	8.34685	8.44036
950	8.93703		8.80954	8.6064	8.66923	8.66074	8.34386	8.3644	8.61726	8.663	8.71607	8.66203	8.61125		8.33595	8.41535	8.37906	8.27673	8.31238	8.51193	8.43986	8.27773	8.51975	8.3145	8.37832
1000	8.6304		8.50786	8.34994	8.52691	8.46639	8.15255	8.19287	8.43883	8.51248	8.52254	8.46728	8.41376		8.13042	8.12609	8.24754	8.06846	8.17179	8.34363	8.24132	8.06061	8.31634	8.14881	8.18550
1060	8.24794		8.12937	7.99349	8.22084	8.1324	7.84977	7.88479	8.12127	8.19098	8.19504	8.128	8.08460		7.8132	7.77118	7.96501	7.75571	7.88671	8.03583	7.92087	7.74072	8.01156	7.85145	7.87522
1120	7.93967		7.82027	7.69081	7.90609	7.81626	7.56779	7.5863	7.81574	7.86033	7.88352	7.80433	7.77514		7.52645	7.49028	7.67135	7.47982	7.59789	7.73495	7.62901	7.4623	7.73535	7.56756	7.58950
1180	7.71197		7.59474	7.46468	7.64571	7.5663	7.34383	7.34964	7.56872	7.58919	7.63569	7.54964	7.53081		7.30661	7.29135	7.43196	7.27062	7.36693	7.49324	7.40612	7.25311	7.52068	7.34247	7.36831
1250	7.52825		7.41172	7.28097	7.42173	7.35905	7.15421	7.15207	7.35966	7.35951	7.42915	7.33844	7.32665		7.12584	7.13764	7.22753	7.098	7.17404	7.2897	7.22561	7.08379	7.34292	7.15517	7.18602
1320	7.40604		7.28936	7.1593	7.26916	7.22013	7.02508	7.01901	7.21868	7.20328	7.28805	7.19586	7.18879		7.00476	7.03771	7.08737	6.98665	7.04544	7.15312	7.10715	6.9717	7.22236	7.02815	7.06444
1400	7.31459		7.19795	7.06798	7.15113	7.11496	6.92513	6.91872	7.1098	7.08412	7.18075	7.08718	7.08377		6.91259	6.9638	6.98019	6.90258	6.94906	7.04774	7.02046	6.88755	7.12907	6.93278	6.97258
1500	7.245		7.12721	6.9987	7.06103	7.03552	6.84927	6.84361	7.02644	6.99335	7.09883	7.0053	7.00393		6.8436	6.90916	6.89953	6.84006	6.87673	6.96744	6.95513	6.82515	7.05727	6.8599	6.90340
1600	7.20347		7.08635	6.95882	7.00794	6.99048	6.80444	6.80043	6.9784	6.9409	7.05262	6.9579	6.95783		6.80383	6.87966	6.85217	6.80528	6.83577	6.92068	6.91934	6.78967	7.01528	6.81864	6.86403
1700	7.18008		7.06242	6.93623	6.97699	6.96395	6.77757	6.77549	6.95046	6.91019	7.02442	6.92984	6.93076		6.78092	6.86274	6.82514	6.78569	6.81208	6.89268	6.89894	6.77077	6.9916	6.79491	6.84155
1800	7.16771		7.04992	6.92396	6.95886	6.94944	6.76366	6.7625	6.93389	6.89226	7.00769	6.91409	6.91563		6.76887	6.85488	6.8101	6.77566	6.80019	6.87761	6.88893	6.76089	6.97836	6.7828	6.82983
1900	7.16285		7.04554	6.92031	6.95048	6.9437	6.75678	6.75723	6.92701	6.88386	7.00005	6.90745	6.90924		6.7643	6.85311	6.80325	6.77206	6.79596	6.87086	6.88634	6.75726	6.97242	6.77815	6.82537
2000	7.16192		7.0456	6.92081	6.94793	6.94267	6.75551	6.75709	6.92623	6.88094	6.99758	6.90677	6.90811		6.7643	6.85413	6.80192	6.77278	6.79632	6.86873	6.88684	6.75785	6.97139	6.77748	6.82517
2120	7.16192		7.04719	6.9241	6.94783	6.94395	6.75746	6.75933	6.92783	6.88191	6.99805	6.90756	6.90952		6.7674	6.85777	6.80355	6.77804	6.79836	6.86931	6.89025	6.76077	6.97325	6.78021	6.82789
2240	7.16666		7.05139	6.92916	6.95206	6.94893	6.76195	6.7631	6.93145	6.88631	7.00378	6.91198	6.91401		6.77341	6.86491	6.80682	6.78508	6.80381	6.87376	6.89664	6.76652	6.9779	6.78369	6.83325
2360	7.17399		7.059	6.93671	6.9587	6.95673	6.76863	6.77087	6.93884	6.89337	7.01	6.9187	6.92115		6.78028	6.87278	6.81446	6.79286	6.81098	6.88	6.90466	6.77442	6.98449	6.79229	6.84072
2500	7.18545		7.07017	6.94824	6.96819	6.96785	6.77912	6.78056	6.94923	6.90325	7.02025	6.92831	6.93152		6.791	6.88418	6.82439	6.80401	6.8212	6.89036	6.91578	6.78538	6.99509	6.80267	6.85141
2650	7.19659		7.08172	6.96081	6.98061	6.9806	6.79179	6.79472	6.96212	6.91592	7.03306	6.94169	6.94430		6.8038	6.89695	6.83688	6.81735	6.83392	6.90292	6.92876	6.79774	7.00893	6.81585	6.86431
2800	7.21167		7.09643	6.97548	6.99597	6.99443	6.80624	6.809	6.97531	6.92922	7.04807	6.9567	6.95869		6.81838	6.91239	6.85059	6.83202	6.84921	6.91825	6.94489	6.81285	7.0227	6.83048	6.87918
3000	7.23194		7.11672	6.99599	7.01487	7.01538	6.82715	6.82832	6.99682	6.94857	7.06844	6.97571	6.97880		6.83851	6.93197	6.8705	6.85363	6.86909	6.93696	6.96582	6.83245	7.04231	6.84943	6.89907
3150	7.24681		7.13292	7.01274	7.03141	7.03189	6.84277	6.84318	7.01277	6.96359	7.08363	6.99222	6.99471		6.85502	6.94694	6.88584	6.86889	6.8854	6.95125	6.98139	6.84805	7.05723	6.86523	6.91452
3350	7.27035		7.15689	7.0358	7.0534	7.05434	6.86579	6.8647	7.03588	6.98598	7.10764	7.01461	7.01750		6.87728	6.96965	6.90776	6.89169	6.90751	6.97307	7.00511	6.87065	7.07999	6.88633	6.93690
3550	7.29405		7.18081	7.0602	7.07713	7.07782	6.88895	6.88971	7.06021	7.00926	7.13296	7.03821	7.04153		6.90188	6.99329	6.93183	6.91599	6.92993	6.99725	7.02924	6.89268	7.10436	6.90956	6.96060
3750	7.31899		7.20723	7.08503	7.10152	7.10262	6.91351	6.91262	7.08549	7.03429	7.15879	7.06303	7.06641		6.92545	7.01916	6.95545	6.94116	6.95332	7.02052	7.05281	6.91767	7.13229	6.93254	6.98504
4000	7.35112		7.2391	7.11837	7.13436	7.13527	6.9456	6.94492	7.11856	7.06707	7.19203	7.09561	7.09909		6.95658	7.04688	6.9873	6.97344	6.98528	7.05188	7.08658	6.94884	7.16287	6.96424	7.01639
4250	7.38461		7.27313	7.15236	7.16936	7.1691	6.97889	6.97685	7.15196	7.10063	7.22554	7.12949	7.13273		6.98782	7.07838	7.01842	7.00547	7.01775	7.08314	7.12	6.98069	7.19411	6.99701	7.04828
4500	7.41938		7.30854	7.18753	7.20327	7.2037	7.01286	7.0095	7.18568	7.13454	7.25866	7.16456	7.16688		7.02198	7.11217	7.05209	7.03925	7.04966	7.11493	7.15197	7.01404	7.22709	7.02946	7.08126
4750	7.45434		7.34287	7.22356	7.23862	7.23873	7.04748	7.04227	7.22208	7.17031	7.29323	7.20195	7.20211		7.05581	7.14532	7.08712	7.07366	7.08296	7.14897	7.18592	7.04695	7.26138	7.06362	7.11517
5000	7.49077		7.3808	7.25985	7.27493	7.2756	7.08268	7.07762	7.25707	7.20684	7.32889	7.23769	7.23820		7.09013	7.18058	7.12184	7.1084	7.11849	7.18358	7.22196	7.08254	7.29581	7.09861	7.15019
5300	7.53565		7.42476	7.30682	7.32177	7.3225	7.12765	7.12151	7.30243	7.25303	7.37648	7.28417	7.28411		7.13438	7.22476	7.16651	7.15358	7.16306	7.22773	7.26731	7.12824	7.34002	7.14277	7.19484
5600	7.57856		7.467	7.35504	7.36955	7.37016	7.17276	7.16696	7.3491	7.30076	7.42384	7.33305	7.33082		7.17986	7.26976	7.21252	7.199	7.20841	7.27281	7.31267	7.17445	7.38458	7.18715	7.24012
6000	7.6386		7.52908	7.41991	7.43481	7.43508	7.23459	7.22862	7.41307	7.36536	7.48626	7.39776	7.39445		7.24238	7.33083	7.27419	7.26206	7.27083	7.33325	7.37302	7.23783	7.44211	7.24908	7.30156
6300	7.68565		7.57695	7.47129	7.48597	7.48536	7.28116	7.27636	7.46245	7.41623	7.5361	7.44723	7.44391		7.29106	7.37908	7.3222	7.31007	7.31997	7.38	7.42075	7.28611	7.48821	7.2968	7.34943
6700	7.7526		7.64357	7.53626	7.55631	7.55356	7.34579	7.33918	7.53034	7.4856	7.60344	7.51343	7.51075		7.35614	7.4436	7.38815	7.37486	7.38698	7.44459	7.48405	7.35244	7.55076	7.36311	7.41447
7100	7.82533		7.71623	7.60455	7.62645	7.6216	7.41333	7.40469	7.60161	7.55626	7.6716	7.58219	7.57985		7.42275	7.50588	7.45546	7.43749	7.44939	7.51165	7.54939	7.41628	7.61736	7.42682	7.47925
7500	7.90417		7.79651	7.6755	7.69212	7.6903	7.47729	7.46807	7.6702	7.62337	7.73537	7.64859	7.64773		7.48393	7.56694	7.51547	7.49938	7.51186	7.57647	7.61315	7.47786	7.67886	7.48593	7.54098
8000	7.99152		7.88145	7.7655	7.78082	7.77984	7.56254	7.5543	7.75673	7.71228	7.82546	7.73941	7.73583		7.57201	7.65612	7.60231	7.5886	7.6011	7.65502	7.70152	7.56622	7.765	7.57397	7.62819
8500	8.07236		7.9646	7.86502	7.88115	7.87943	7.65774	7.64932	7.856	7.81286	7.92883	7.83961	7.83346		7.66658	7.75132	7.69822	7.68491	7.69781	7.74786	7.79619	7.66231	7.85744	7.66821	7.72309
9000	8.16936		8.06334	7.96522	7.98213	7.98039	7.7546	7.74468	7.95494	7.91357	8.03006	7.94016	7.93291		7.76218	7.84686	7.79501	7.78045	7.7938	7.8432	7.89348	7.75823	7.95018	7.76338	7.81868
9500	8.26764		8.16273	8.06409	8.08172	8.08105	7.84842	7.83878	8.05162	8.01147	8.12811	8.03907	8.03071		7.85669	7.94019	7.88992	7.87489	7.88746	7.93803	7.98877	7.85261	8.04	7.85769	7.91263
10000	8.36366		8.25885	8.1612	8.17856	8.17857	7.93958	7.92996	8.14754	8.10748	8.22391	8.13687	8.12625		7.94776	8.03072	7.9823	7.96682	7.97951	8.03051	8.08232	7.94481	8.13082	7.94986	8.00454
10600	8.48047		8.37549	8.27879	8.29389	8.29242	8.05049	8.04263	8.26349	8.22263	8.33818	8.25241	8.24104		8.05958	8.1433	8.09274	8.07983	8.09245	8.14227	8.19502	8.05959	8.24202	8.06254	8.11693
11200	8.60379		8.49906	8.39788	8.41158	8.40852	8.16435	8.15694	8.38043	8.33951	8.45824	8.37034	8.35868		8.17532	8.26122	8.20855	8.19634	8.20715	8.25874	8.31323	8.17661	8.35849	8.17861	8.23343
11800	8.73256		8.62994	8.52302	8.53352	8.53378	8.28664	8.27572	8.50483	8.46279	8.57876	8.49354	8.48225		8.29391	8.38046	8.33085	8.31527	8.32538	8.37926	8.43411	8.29774	8.47893	8.29843	8.35343
12500	8.88822		8.78515	8.67597	8.6881	8.68844	8.43103	8.42214	8.6576	8.61704	8.73045	8.64708	8.63430		8.4397	8.52608	8.47873	8.46153	8.4698	8.52488	8.57966	8.44267	8.62606	8.44443	8.49935
13200	9.04713		8.94455	8.83576	8.84835	8.84736	8.5829	8.57396	8.81545	8.77743	8.88776	8.8067	8.79202		8.59098	8.67735	8.63249	8.61421	8.62061	8.67601	8.73248	8.59472	8.77472	8.59513	8.65087
14000	9.23213		9.13211	9.02514	9.03558	9.03576	8.7632	8.75377	9.00244	8.9646	9.0759	8.9948	8.97833		8.77046	8.85651	8.81233	8.79279	8.80028	8.85541	8.91037	8.77446	8.95107	8.77242	8.82961

## FO DATA
〔fg=#0000FF,b〕RESULT CHECKING FO					
〔fg=#0000FF,b〕E2 #1	867.36519	〔fg=#0000FF,b〕C2 #1	893.92945	〔fg=#0000FF,b〕ST #4	868.13446
〔fg=#0000FF,b〕E2 #2	880.93961	〔fg=#0000FF,b〕C2 #2	868.51631		
〔fg=#0000FF,b〕E2 #3	916.36784	〔fg=#0000FF,b〕C2 #3	917.25419		
〔fg=#0000FF,b〕E2 #4	903.16095	〔fg=#0000FF,b〕C2 #4	891.02578		
〔fg=#0000FF,b〕E2 #5	892.85503	〔fg=#0000FF,b〕C2 #5	912.89171		
〔fg=#0000FF,b〕E2 #6	905.88388	〔fg=#0000FF,b〕C2 #6	907.10273		
〔fg=#0000FF,b〕E2 #7	903.96232	〔fg=#0000FF,b〕C2 #7	900.28713		
〔fg=#0000FF,b〕E2 #8	917.69731	〔fg=#0000FF,b〕C2 #8	888.51793		
〔fg=#0000FF,b〕E2 #9	900.71429	〔fg=#0000FF,b〕C2 #9	887.119		
〔fg=#0000FF,b〕E2 #10	903.21553	〔fg=#0000FF,b〕C2 #10	904.1752		
〔bg=#FFFF00,b〕AVG	〔bg=#FFFF00,b〕899.22	〔bg=#FFFF00,b〕AVG	〔bg=#FFFF00,b〕897.08	〔bg=#FFFF00,b〕AVG	〔bg=#FFFF00,b〕868.13

## Sheet1
Date	Time	Calendar Week	Projectname	Operator	Serialnumber	Thiele/Small parameter	Rx [Ohm]	Result Rx	Overall TS Result				Date	20-01-2024	20-01-2024	20-01-2024	20-01-2024	20-01-2024	20-01-2024	20-01-2024	20-01-2024	20-01-2024	20-01-2024	20-01-2024	20-01-2024	20-01-2024	20-01-2024	20-01-2024	20-01-2024	20-01-2024	20-01-2024	20-01-2024	20-01-2024	20-01-2024
20-01-2024	10:56:36	3	BRS 161014	TDTRAN1			7.16192	PASSED	PASSED				Time	10:56:36	10:56:48	10:57:12	10:57:37	10:57:57	10:58:19	10:58:41	10:59:08	10:59:57	11:00:17	11:00:37	11:01:21	11:01:44	11:02:02	11:02:20	11:02:36	11:02:53	11:03:11	11:03:29	11:03:46	11:04:09
20-01-2024	10:56:48	3	BRS 161014	TDTRAN1			7.0456	PASSED	PASSED				Calendar Week	3	3	3	3	3	3	3	3	3	3	3	3	3	3	3	3	3	3	3	3	3
20-01-2024	10:57:12	3	BRS 161014	TDTRAN1			6.92081	PASSED	PASSED				Projectname	BRS 161014	BRS 161014	BRS 161014	BRS 161014	BRS 161014	BRS 161014	BRS 161014	BRS 161014	BRS 161014	BRS 161014	BRS 161014	BRS 161014	BRS 161014	BRS 161014	BRS 161014	BRS 161014	BRS 161014	BRS 161014	BRS 161014	BRS 161014	BRS 161014
20-01-2024	10:57:37	3	BRS 161014	TDTRAN1			6.94793	PASSED	PASSED				Operator	TDTRAN1	TDTRAN1	TDTRAN1	TDTRAN1	TDTRAN1	TDTRAN1	TDTRAN1	TDTRAN1	TDTRAN1	TDTRAN1	TDTRAN1	TDTRAN1	TDTRAN1	TDTRAN1	TDTRAN1	TDTRAN1	TDTRAN1	TDTRAN1	TDTRAN1	TDTRAN1	TDTRAN1
20-01-2024	10:57:57	3	BRS 161014	TDTRAN1			6.94267	PASSED	PASSED				Serialnumber																					
20-01-2024	10:58:19	3	BRS 161014	TDTRAN1			6.75551	PASSED	PASSED				Thiele/Small parameter																					
20-01-2024	10:58:41	3	BRS 161014	TDTRAN1			6.75709	PASSED	PASSED				Rx [Ohm]	7.16192	7.0456	6.92081	6.94793	6.94267	6.75551	6.75709	6.92623	6.88094	6.99758	6.90677	6.7643	6.85413	6.80192	6.77278	6.79632	6.86873	6.88684	6.75785	6.97139	6.77748
20-01-2024	10:59:08	3	BRS 161014	TDTRAN1			6.92623	PASSED	PASSED				Result Rx	PASSED	PASSED	PASSED	PASSED	PASSED	PASSED	PASSED	PASSED	PASSED	PASSED	PASSED	PASSED	PASSED	PASSED	PASSED	PASSED	PASSED	PASSED	PASSED	PASSED	PASSED
20-01-2024	10:59:57	3	BRS 161014	TDTRAN1			6.88094	PASSED	PASSED				Overall TS Result	PASSED	PASSED	PASSED	PASSED	PASSED	PASSED	PASSED	PASSED	PASSED	PASSED	PASSED	PASSED	PASSED	PASSED	PASSED	PASSED	PASSED	PASSED	PASSED	PASSED	PASSED
20-01-2024	11:00:17	3	BRS 161014	TDTRAN1			6.99758	PASSED	PASSED																									
20-01-2024	11:00:37	3	BRS 161014	TDTRAN1			6.90677	PASSED	PASSED																									
20-01-2024	11:01:21	3	BRS 161014	TDTRAN1			6.7643	PASSED	PASSED																									
20-01-2024	11:01:44	3	BRS 161014	TDTRAN1			6.85413	PASSED	PASSED																									
20-01-2024	11:02:02	3	BRS 161014	TDTRAN1			6.80192	PASSED	PASSED																									
20-01-2024	11:02:20	3	BRS 161014	TDTRAN1			6.77278	PASSED	PASSED																									
20-01-2024	11:02:36	3	BRS 161014	TDTRAN1			6.79632	PASSED	PASSED																									
20-01-2024	11:02:53	3	BRS 161014	TDTRAN1			6.86873	PASSED	PASSED																									
20-01-2024	11:03:11	3	BRS 161014	TDTRAN1			6.88684	PASSED	PASSED																									
20-01-2024	11:03:29	3	BRS 161014	TDTRAN1			6.75785	PASSED	PASSED																									
20-01-2024	11:03:46	3	BRS 161014	TDTRAN1			6.97139	PASSED	PASSED																									
20-01-2024	11:04:09	3	BRS 161014	TDTRAN1			6.77748	PASSED	PASSED																									

## Sheet2
Date	20-01-2024	20-01-2024	20-01-2024	20-01-2024	20-01-2024	20-01-2024	20-01-2024	20-01-2024	20-01-2024	20-01-2024	20-01-2024	20-01-2024	20-01-2024	20-01-2024	20-01-2024	20-01-2024	20-01-2024	20-01-2024	20-01-2024	20-01-2024	20-01-2024	20-01-2024	20-01-2024	20-01-2024	20-01-2024	20-01-2024	20-01-2024	20-01-2024	20-01-2024	20-01-2024	20-01-2024	20-01-2024	20-01-2024	20-01-2024	20-01-2024	20-01-2024	20-01-2024	20-01-2024	20-01-2024	20-01-2024	20-01-2024	20-01-2024	20-01-2024	20-01-2024	20-01-2024	20-01-2024	20-01-2024	20-01-2024	20-01-2024	20-01-2024	20-01-2024	20-01-2024	20-01-2024	20-01-2024	20-01-2024	20-01-2024	20-01-2024	20-01-2024	20-01-2024	20-01-2024	20-01-2024	20-01-2024	20-01-2024	20-01-2024	20-01-2024	20-01-2024	20-01-2024	20-01-2024	20-01-2024	20-01-2024	20-01-2024	20-01-2024	20-01-2024	20-01-2024	20-01-2024	20-01-2024	20-01-2024	20-01-2024	20-01-2024	20-01-2024	20-01-2024	20-01-2024	20-01-2024	20-01-2024	20-01-2024	20-01-2024	20-01-2024	20-01-2024	20-01-2024	20-01-2024	20-01-2024	20-01-2024	20-01-2024	20-01-2024	20-01-2024	20-01-2024	20-01-2024	20-01-2024	20-01-2024	20-01-2024	20-01-2024	20-01-2024	20-01-2024	20-01-2024	20-01-2024	20-01-2024	20-01-2024	20-01-2024	20-01-2024	20-01-2024	20-01-2024	20-01-2024	20-01-2024	20-01-2024	20-01-2024	20-01-2024	20-01-2024	20-01-2024	20-01-2024	20-01-2024	20-01-2024	20-01-2024	20-01-2024	20-01-2024	20-01-2024	20-01-2024
Time	10:56:36	10:56:36	10:56:36	10:56:36	10:56:36	10:56:36	10:56:48	10:56:48	10:56:48	10:56:48	10:56:48	10:56:48	10:57:12	10:57:12	10:57:12	10:57:12	10:57:12	10:57:12	10:57:37	10:57:37	10:57:37	10:57:37	10:57:37	10:57:37	10:57:57	10:57:57	10:57:57	10:57:57	10:57:57	10:57:57	10:58:19	10:58:19	10:58:19	10:58:19	10:58:19	10:58:19	10:58:41	10:58:41	10:58:41	10:58:41	10:58:41	10:58:41	10:59:08	10:59:08	10:59:08	10:59:08	10:59:08	10:59:08	10:59:57	10:59:57	10:59:57	10:59:57	10:59:57	10:59:57	11:00:17	11:00:17	11:00:17	11:00:17	11:00:17	11:00:17	11:00:37	11:00:37	11:00:37	11:00:37	11:00:37	11:00:37	11:01:21	11:01:21	11:01:21	11:01:21	11:01:21	11:01:21	11:01:44	11:01:44	11:01:44	11:01:44	11:01:44	11:01:44	11:02:02	11:02:02	11:02:02	11:02:02	11:02:02	11:02:02	11:02:20	11:02:20	11:02:20	11:02:20	11:02:20	11:02:20	11:02:36	11:02:36	11:02:36	11:02:36	11:02:36	11:02:36	11:02:53	11:02:53	11:02:53	11:02:53	11:02:53	11:02:53	11:03:11	11:03:11	11:03:11	11:03:11	11:03:11	11:03:11	11:03:29	11:03:29	11:03:29	11:03:29	11:03:29	11:03:29	11:03:46	11:03:46	11:03:46	11:03:46	11:03:46	11:03:46	11:04:09	11:04:09	11:04:09	11:04:09	11:04:09	11:04:09
Calendar Week	3	3	3	3	3	3	3	3	3	3	3	3	3	3	3	3	3	3	3	3	3	3	3	3	3	3	3	3	3	3	3	3	3	3	3	3	3	3	3	3	3	3	3	3	3	3	3	3	3	3	3	3	3	3	3	3	3	3	3	3	3	3	3	3	3	3	3	3	3	3	3	3	3	3	3	3	3	3	3	3	3	3	3	3	3	3	3	3	3	3	3	3	3	3	3	3	3	3	3	3	3	3	3	3	3	3	3	3	3	3	3	3	3	3	3	3	3	3	3	3	3	3	3	3	3	3
Projectname	BRS 161014	BRS 161014	BRS 161014	BRS 161014	BRS 161014	BRS 161014	BRS 161014	BRS 161014	BRS 161014	BRS 161014	BRS 161014	BRS 161014	BRS 161014	BRS 161014	BRS 161014	BRS 161014	BRS 161014	BRS 161014	BRS 161014	BRS 161014	BRS 161014	BRS 161014	BRS 161014	BRS 161014	BRS 161014	BRS 161014	BRS 161014	BRS 161014	BRS 161014	BRS 161014	BRS 161014	BRS 161014	BRS 161014	BRS 161014	BRS 161014	BRS 161014	BRS 161014	BRS 161014	BRS 161014	BRS 161014	BRS 161014	BRS 161014	BRS 161014	BRS 161014	BRS 161014	BRS 161014	BRS 161014	BRS 161014	BRS 161014	BRS 161014	BRS 161014	BRS 161014	BRS 161014	BRS 161014	BRS 161014	BRS 161014	BRS 161014	BRS 161014	BRS 161014	BRS 161014	BRS 161014	BRS 161014	BRS 161014	BRS 161014	BRS 161014	BRS 161014	BRS 161014	BRS 161014	BRS 161014	BRS 161014	BRS 161014	BRS 161014	BRS 161014	BRS 161014	BRS 161014	BRS 161014	BRS 161014	BRS 161014	BRS 161014	BRS 161014	BRS 161014	BRS 161014	BRS 161014	BRS 161014	BRS 161014	BRS 161014	BRS 161014	BRS 161014	BRS 161014	BRS 161014	BRS 161014	BRS 161014	BRS 161014	BRS 161014	BRS 161014	BRS 161014	BRS 161014	BRS 161014	BRS 161014	BRS 161014	BRS 161014	BRS 161014	BRS 161014	BRS 161014	BRS 161014	BRS 161014	BRS 161014	BRS 161014	BRS 161014	BRS 161014	BRS 161014	BRS 161014	BRS 161014	BRS 161014	BRS 161014	BRS 161014	BRS 161014	BRS 161014	BRS 161014	BRS 161014	BRS 161014	BRS 161014	BRS 161014	BRS 161014	BRS 161014	BRS 161014
Operator	TDTRAN1	TDTRAN1	TDTRAN1	TDTRAN1	TDTRAN1	TDTRAN1	TDTRAN1	TDTRAN1	TDTRAN1	TDTRAN1	TDTRAN1	TDTRAN1	TDTRAN1	TDTRAN1	TDTRAN1	TDTRAN1	TDTRAN1	TDTRAN1	TDTRAN1	TDTRAN1	TDTRAN1	TDTRAN1	TDTRAN1	TDTRAN1	TDTRAN1	TDTRAN1	TDTRAN1	TDTRAN1	TDTRAN1	TDTRAN1	TDTRAN1	TDTRAN1	TDTRAN1	TDTRAN1	TDTRAN1	TDTRAN1	TDTRAN1	TDTRAN1	TDTRAN1	TDTRAN1	TDTRAN1	TDTRAN1	TDTRAN1	TDTRAN1	TDTRAN1	TDTRAN1	TDTRAN1	TDTRAN1	TDTRAN1	TDTRAN1	TDTRAN1	TDTRAN1	TDTRAN1	TDTRAN1	TDTRAN1	TDTRAN1	TDTRAN1	TDTRAN1	TDTRAN1	TDTRAN1	TDTRAN1	TDTRAN1	TDTRAN1	TDTRAN1	TDTRAN1	TDTRAN1	TDTRAN1	TDTRAN1	TDTRAN1	TDTRAN1	TDTRAN1	TDTRAN1	TDTRAN1	TDTRAN1	TDTRAN1	TDTRAN1	TDTRAN1	TDTRAN1	TDTRAN1	TDTRAN1	TDTRAN1	TDTRAN1	TDTRAN1	TDTRAN1	TDTRAN1	TDTRAN1	TDTRAN1	TDTRAN1	TDTRAN1	TDTRAN1	TDTRAN1	TDTRAN1	TDTRAN1	TDTRAN1	TDTRAN1	TDTRAN1	TDTRAN1	TDTRAN1	TDTRAN1	TDTRAN1	TDTRAN1	TDTRAN1	TDTRAN1	TDTRAN1	TDTRAN1	TDTRAN1	TDTRAN1	TDTRAN1	TDTRAN1	TDTRAN1	TDTRAN1	TDTRAN1	TDTRAN1	TDTRAN1	TDTRAN1	TDTRAN1	TDTRAN1	TDTRAN1	TDTRAN1	TDTRAN1	TDTRAN1	TDTRAN1	TDTRAN1	TDTRAN1	TDTRAN1	TDTRAN1
Serialnumber																																																																																																																														
Steepness response Chirp 1																																																																																																																														
Band	1	2	3	4	5	6	1	2	3	4	5	6	1	2	3	4	5	6	1	2	3	4	5	6	1	2	3	4	5	6	1	2	3	4	5	6	1	2	3	4	5	6	1	2	3	4	5	6	1	2	3	4	5	6	1	2	3	4	5	6	1	2	3	4	5	6	1	2	3	4	5	6	1	2	3	4	5	6	1	2	3	4	5	6	1	2	3	4	5	6	1	2	3	4	5	6	1	2	3	4	5	6	1	2	3	4	5	6	1	2	3	4	5	6	1	2	3	4	5	6	1	2	3	4	5	6
20.00Hz	0	0	0	0	0	0	0	0	0	0	0	0	0	0	0	0	0	0	0	0	0	0	0	0	0	0	0	0	0	0	0	0	0	0	0	0	0	0	0	0	0	0	0	0	0	0	0	0	0	0	0	0	0	0	0	0	0	0	0	0	0	0	0	0	0	0	0	0	0	0	0	0	0	0	0	0	0	0	0	0	0	0	0	0	0	0	0	0	0	0	0	0	0	0	0	0	0	0	0	0	0	0	0	0	0	0	0	0	0	0	0	0	0	0	0	0	0	0	0	0	0	0	0	0	0	0
34.95Hz	0.21201	0.25003	0.32056	0.38188	0.56788	1.07195	0.10385	0.17574	0.25277	0.41071	1.00893	1.21125	0.13214	0.13308	0.37175	0.44969	0.79623	1.08495	0.08619	0.1129	0.17937	0.37526	0.73348	1.06537	0.06457	0.15786	0.25571	0.36704	0.67567	0.83199	0.10974	0.12384	0.20398	0.30131	0.67125	1.0354	0.07052	0.1472	0.22928	0.49293	0.69314	1.10284	0.10003	0.24759	0.18682	0.34595	0.58272	1.00347	0.10009	0.12974	0.177	0.33957	0.59653	0.83504	0.13403	0.28169	0.31335	0.69963	0.77323	0.9014	0.08959	0.12083	0.17375	0.36022	0.60783	1.04965	0.11547	0.16204	0.24744	0.36374	0.92579	1.30876	0.07709	0.12141	0.24583	0.36195	0.69258	1.2059	0.08276	0.25114	0.23142	0.41789	0.80354	1.05805	0.0822	0.15063	0.23103	0.28737	0.54535	1.10261	0.32835	0.72212	1.02577	0.55809	0.81926	1.32939	0.12376	0.16833	0.28247	0.32591	0.63496	1.10614	0.08282	0.1263	0.21628	0.42215	0.63507	1.07053	0.09616	0.12588	0.25029	0.36831	0.67193	1.27836	0.10981	0.16208	0.2645	0.39162	0.55783	1.10832	0.06286	0.1046	0.18356	0.36304	0.71013	1.22529
49.90Hz	0.19671	0.20069	0.31402	0.4172	0.59014	1.03934	0.08259	0.13936	0.29059	0.4608	0.91583	1.16187	0.1286	0.1518	0.3059	0.52092	0.62077	1.1039	0.08712	0.10909	0.27158	0.41947	0.63089	1.00056	0.09811	0.12983	0.15241	0.36079	0.50843	0.93017	0.10596	0.15345	0.20751	0.36315	0.72545	1.07303	0.09152	0.14474	0.23203	0.46488	0.70752	0.98945	0.09903	0.16203	0.25376	0.31922	0.86242	1.19106	0.14961	0.09542	0.20597	0.32025	0.57552	1.14141	0.11748	0.23462	0.39456	0.50515	0.66493	1.03685	0.09066	0.13169	0.22862	0.31627	0.50737	0.9774	0.10175	0.21457	0.28963	0.34884	0.81081	1.38444	0.08471	0.15545	0.25127	0.36365	0.86485	0.9435	0.14221	0.25381	0.32441	0.515	0.67639	1.07629	0.08878	0.16855	0.18535	0.33447	0.62352	1.15873	0.60573	1.15541	1.28149	1.0135	0.87164	1.20315	0.09255	0.15023	0.1905	0.37013	0.68721	1.15498	0.07552	0.1441	0.20056	0.37536	0.4721	1.14319	0.1094	0.12826	0.25833	0.40765	0.8055	1.12634	0.06777	0.20659	0.16737	0.28307	0.54092	0.97213	0.07697	0.11916	0.30077	0.41164	0.70702	1.11453
64.85Hz	0.12137	0.17008	0.2381	0.45009	0.71592	1.05157	0.16893	0.21974	0.31417	0.49388	0.75491	1.53604	0.1326	0.18908	0.27397	0.49918	0.65652	1.87682	0.08471	0.14572	0.26735	0.31045	0.69394	1.11609	0.09685	0.11937	0.20258	0.30687	0.78216	1.15184	0.10325	0.14448	0.22797	0.40699	0.47443	1.04331	0.08126	0.14051	0.22087	0.32058	0.57207	1.00725	0.07312	0.15295	0.30056	0.47159	0.62994	1.00538	0.09439	0.11762	0.24241	0.51249	0.59653	0.81347	0.18386	0.17035	0.41743	0.3036	0.66882	1.29566	0.14021	0.11882	0.24243	0.37385	0.5397	0.96663	0.0872	0.19514	0.24218	0.4843	0.95812	1.80443	0.11206	0.16764	0.22918	0.35928	0.68952	1.07707	0.15444	0.21599	0.21076	0.3307	0.52526	0.9166	0.10044	0.15198	0.3204	0.42928	0.51346	1.17004	0.24318	0.7136	0.51645	0.56641	0.5902	1.20996	0.09776	0.1593	0.2709	0.28668	0.60723	1.04676	0.09318	0.17161	0.22066	0.34478	0.64142	0.92684	0.08914	0.1896	0.23153	0.29998	0.59224	0.9324	0.13607	0.16223	0.19284	0.54735	0.58297	1.02924	0.10068	0.11491	0.27542	0.36867	0.61699	1.28428
79.80Hz	0.09857	0.16517	0.33107	0.45465	0.65698	1.13078	0.22189	0.23654	0.26711	0.45599	0.83655	1.2481	0.10385	0.12252	0.31214	0.40876	0.64444	1.33254	0.11416	0.09486	0.26676	0.27583	0.56788	1.01371	0.11326	0.13351	0.25058	0.35289	0.56786	0.88084	0.12998	0.1423	0.22865	0.43094	0.7132	1.01033	0.09656	0.12141	0.2365	0.48547	0.79201	1.30264	0.24384	0.21034	0.20076	0.42333	0.68504	0.87507	0.06876	0.11178	0.33465	0.34121	0.71235	1.25269	0.18727	0.29387	0.24103	0.40264	0.57327	1.19785	0.21082	0.1833	0.22126	0.4291	0.51992	1.02865	0.27382	0.14938	0.18744	0.42275	0.7463	0.8949	0.28408	0.20652	0.21231	0.32398	0.69668	0.93072	0.12457	0.25031	0.23495	0.25074	0.70041	0.96182	0.1607	0.2032	0.21826	0.2754	0.73356	0.8875	0.28273	0.45835	0.59435	0.61171	0.82863	1.73454	0.21662	0.11991	0.20724	0.45518	0.47618	0.97322	0.13079	0.16178	0.2303	0.35094	0.62113	0.93007	0.08845	0.14069	0.38429	0.42331	0.64009	1.22605	0.08712	0.10559	0.16488	0.33716	0.51058	0.89595	0.15846	0.17943	0.29536	0.4217	0.55598	1.13357
94.75Hz	0.12642	0.15039	0.23831	0.33496	0.68642	1.22606	0.33114	0.18425	0.27196	0.37528	0.63783	1.26562	0.19269	0.16963	0.23597	0.54804	0.68058	1.40228	0.1701	0.14456	0.17244	0.4854	0.52358	1.04469	0.15006	0.12432	0.18393	0.35991	0.77041	1.07474	0.30822	0.18765	0.21451	0.29091	0.51847	0.89602	0.21705	0.15424	0.26193	0.36951	0.75841	0.92828	0.39531	0.20203	0.16344	0.38478	0.68444	1.01368	0.19351	0.1286	0.19797	0.34165	0.77113	0.89681	0.27881	0.16299	0.23587	0.37229	0.5969	0.98627	0.41943	0.27357	0.2052	0.41429	0.60621	0.77304	0.37449	0.22274	0.24788	0.36489	0.79193	1.30596	0.22484	0.24146	0.25421	0.28482	0.80612	1.3604	0.33181	0.15513	0.28041	0.40976	0.69345	0.99857	0.21265	0.25832	0.24191	0.36707	0.60798	1.17188	0.26601	0.27194	0.38513	0.44341	0.72173	1.17444	0.39884	0.27592	0.1918	0.29357	0.77661	1.09788	0.27551	0.13237	0.33088	0.36025	0.48944	1.03865	0.31079	0.21658	0.20842	0.3262	0.59889	1.17956	0.31396	0.18702	0.226	0.38492	0.50231	0.96947	0.33698	0.22523	0.23656	0.51274	0.61619	0.9734
109.70Hz	0.34809	0.20344	0.22831	0.34886	0.66478	0.88653	0.47265	0.3179	0.2522	0.41032	0.86091	1.62186	0.23011	0.21448	0.22163	0.57868	0.68354	1.25692	0.20816	0.13902	0.20589	0.42591	0.72708	0.83005	0.31481	0.19321	0.21018	0.38474	0.7184	1.01987	0.42926	0.31754	0.21558	0.2914	0.55117	0.96457	0.24011	0.16261	0.19135	0.29438	0.48744	1.0775	0.48912	0.27362	0.25727	0.35011	0.75069	0.87501	0.22171	0.14111	0.22398	0.35602	0.66208	0.96186	0.33654	0.28019	0.21841	0.40008	0.64827	1.05069	0.50361	0.36256	0.2696	0.34684	0.55679	1.03961	0.48529	0.40961	0.25653	0.47483	0.83346	1.0161	0.43558	0.30111	0.29708	0.36596	0.53629	0.94789	0.36077	0.35273	0.20834	0.46959	0.82424	1.04245	0.49054	0.37995	0.27033	0.3286	0.70091	0.88283	0.14822	0.20807	0.24161	0.60393	0.89655	1.70636	0.58519	0.38917	0.23759	0.32706	0.59293	1.06781	0.36121	0.21609	0.24078	0.41066	0.78642	0.92995	0.35059	0.15887	0.23803	0.33381	0.4922	1.07665	0.4318	0.19837	0.20545	0.31589	0.57366	1.09396	0.5419	0.26943	0.33666	0.3905	0.57712	0.91687
124.65Hz	0.32639	0.3001	0.23065	0.31688	0.76403	1.11612	0.50376	0.31705	0.20891	0.43715	0.63121	1.00347	0.41024	0.23533	0.21184	0.50009	0.81389	1.44214	0.28374	0.24699	0.15793	0.3428	0.59257	1.26292	0.44777	0.21191	0.18727	0.44382	0.69349	1.13095	0.5652	0.39014	0.208	0.48396	0.66046	0.936	0.2916	0.29605	0.21884	0.24541	0.5898	1.15227	0.60341	0.41798	0.24745	0.31938	0.54183	0.93723	0.32829	0.26936	0.26901	0.35268	0.72029	1.09619	0.32012	0.37253	0.35731	0.38034	0.56161	1.18336	0.70717	0.54132	0.24858	0.3641	0.68215	1.17043	0.68188	0.33263	0.2591	0.59479	0.77871	0.9739	0.59326	0.46904	0.32515	0.33214	0.54116	0.98974	0.60325	0.50607	0.34984	0.50197	0.68943	1.40152	0.62235	0.58878	0.43004	0.49666	0.76244	1.0499	0.27292	0.17131	0.28482	0.39339	0.83648	1.14085	0.7457	0.60739	0.41624	0.37811	0.68198	1.01036	0.44347	0.28329	0.2431	0.35948	0.73713	0.99878	0.32394	0.26219	0.2545	0.40056	0.63918	1.05163	0.60972	0.3808	0.22643	0.40562	0.60897	0.97836	0.60186	0.38802	0.2781	0.31265	0.6067	1.15489
139.60Hz	1.03611	0.70498	0.40931	0.34556	0.66504	1.13711	0.6707	0.53825	0.37035	0.34569	0.75384	1.47425	0.52848	0.28043	0.2378	0.41964	0.70441	1.16677	0.34431	0.26062	0.21565	0.38132	0.73259	1.02032	0.5363	0.34007	0.24608	0.34035	0.65813	1.13293	0.72495	0.58897	0.31414	0.31308	0.49503	0.97539	0.50162	0.37658	0.2058	0.41023	0.68763	1.00189	0.83139	0.47347	0.19611	0.40442	0.53669	0.96086	0.42622	0.46623	0.24008	0.35929	0.74977	1.11287	0.57029	0.38734	0.27469	0.32615	0.51543	0.97862	0.92493	0.75428	0.36532	0.3058	0.77658	0.9494	0.79542	0.68408	0.34679	0.59276	1.33323	1.11259	0.73707	0.66549	0.27073	0.45112	0.46135	0.96254	0.63838	0.42623	0.33771	0.40597	0.65788	1.26513	0.96999	0.76569	0.46554	0.40754	0.75798	1.03883	0.36824	0.22456	0.25361	0.36039	0.66201	1.62152	0.90618	0.75208	0.37489	0.37831	0.72497	1.10653	0.6201	0.48459	0.25281	0.31937	0.54718	1.11089	0.50333	0.5448	0.29915	0.3798	0.57694	1.13532	0.69816	0.52927	0.31212	0.43393	0.57025	1.08292	0.76758	0.55187	0.23726	0.62344	0.64476	1.08074
154.55Hz	0.99756	0.78078	0.34917	0.51934	0.64795	1.22833	0.87045	0.64658	0.35771	0.51105	0.63888	1.27254	0.6388	0.44599	0.39194	0.50749	0.61591	1.29738	0.54746	0.40104	0.26528	0.33895	0.56668	1.08709	0.64281	0.45091	0.30669	0.3343	0.60301	1.11981	0.9391	0.80006	0.44433	0.31755	0.58486	0.87803	0.67631	0.58128	0.39087	0.39931	0.78449	1.1554	0.97678	0.81807	0.38725	0.34913	0.57801	1.13658	0.55393	0.5278	0.32312	0.5757	0.56647	1.20526	0.74219	0.50888	0.39876	0.429	0.57518	1.10565	1.09146	0.95185	0.46544	0.46291	0.59566	0.937	1.01283	0.82513	0.49487	0.45731	0.83203	1.08368	1.01908	0.84237	0.53325	0.35056	0.6063	0.93676	0.89008	0.65781	0.34043	0.32152	0.63757	0.94726	0.92435	1.00662	0.53126	0.45611	0.57199	0.99389	0.45227	0.26997	0.48058	0.57037	1.06864	1.11451	1.08304	0.94283	0.70867	0.42202	0.57344	1.21169	0.78406	0.7956	0.36591	0.43901	0.71648	1.07229	0.69176	0.50045	0.22602	0.45841	0.65856	1.00483	0.97632	0.75523	0.34045	0.29662	0.55158	1.2035	0.93282	0.90566	0.54158	0.44406	0.54126	1.09551
169.49Hz	0.79692	0.48634	0.43071	0.37781	0.70259	1.09536	1.03101	0.7915	0.45595	0.40134	0.78694	1.09808	0.7232	0.55055	0.28909	0.57091	0.64919	1.38293	0.61051	0.49631	0.35543	0.36006	0.6662	0.98813	0.73768	0.59235	0.26703	0.3951	0.73671	1.04124	1.16931	0.96426	0.57087	0.37677	0.70108	1.1007	0.72734	0.76244	0.45214	0.38974	0.68157	0.9931	1.04416	0.8994	0.6059	0.37775	0.66296	1.12329	0.78118	0.56753	0.48188	0.32368	0.62546	1.05537	0.86309	0.74366	0.41558	0.35822	0.74892	1.224	1.2715	1.08586	0.67565	0.68604	0.52099	1.70354	1.14378	0.95014	0.48502	0.45829	0.81361	1.38222	1.12426	1.0714	0.64176	0.42651	0.56042	0.96144	1.07068	0.75286	0.4497	0.41952	0.70662	0.99756	1.14565	0.96227	0.96193	0.45101	0.56953	1.40001	0.57226	0.48226	0.21936	0.40452	0.84824	1.22248	1.21342	1.29466	0.95383	0.49309	1.02867	1.04631	0.90477	0.81527	0.45781	0.34928	0.62673	1.17913	0.84025	0.65241	0.34555	0.39202	0.63333	1.15419	1.02972	0.90473	0.53019	0.40866	0.6213	1.01582	1.10978	0.86606	0.53979	0.34668	0.59139	0.91491
184.44Hz	1.21652	0.88814	0.54709	0.45985	0.74359	1.06451	1.08855	1.11651	0.80551	0.54351	0.93666	0.95774	0.91308	0.76851	0.41566	0.34682	0.90731	1.04496	0.83229	0.66088	0.38535	0.39451	0.66431	0.83638	0.86454	0.67725	0.39306	0.44647	0.7045	1.04694	1.43363	1.24099	0.7876	0.40889	0.5281	0.89823	0.8567	0.72844	0.44135	0.40534	0.67227	1.03821	1.24439	1.09897	0.62129	0.33165	0.65389	0.92923	0.81424	0.80542	0.56769	0.26791	0.6185	1.12418	1.07047	0.93919	0.60058	0.37551	0.60886	1.31489	1.34638	1.22207	0.79229	0.40582	0.57024	1.04221	1.28923	1.14451	0.65651	0.40012	0.7498	1.20935	1.24863	1.06337	0.76315	0.35195	0.7744	1.18263	1.03945	0.7348	0.74817	0.34398	0.63255	0.86803	1.25139	1.145	0.7882	0.55073	0.67607	1.19888	0.55352	0.50319	0.29883	0.43217	1.0018	1.47854	1.3467	1.33753	0.97525	0.53445	0.61901	1.00014	1.00367	0.92711	0.55389	0.38591	0.73225	1.11092	0.99247	0.83823	0.40634	0.33907	0.67996	0.97806	1.26845	1.12482	0.75334	0.46738	0.62837	1.18049	1.28694	1.23813	0.66432	0.39774	0.79068	0.95225
199.39Hz	1.10705	1.02029	0.66858	0.46476	0.79524	1	1.32885	1.26444	0.906	0.69622	1.02237	1.63273	1.10341	0.95886	0.53918	0.44884	0.65822	1.1786	0.89001	0.91658	0.60808	0.33464	0.56257	1.15567	1.17057	0.98382	0.65639	0.398	0.5148	1.17225	1.45321	1.33833	0.86676	0.48108	0.81852	1.09276	1.02001	0.87747	0.57364	0.3767	0.61285	0.98231	1.37639	1.33294	1.06487	0.58271	0.49664	0.91328	0.89812	0.92276	0.62516	0.3664	0.55493	1.06074	1.17471	1.02758	0.73953	0.41498	0.59521	0.99559	1.6173	1.49985	0.98748	0.64167	0.50452	1.38404	1.53161	1.32707	0.70559	0.35931	0.60144	1.23377	1.43997	1.38172	0.91228	0.56276	0.74084	1.2525	1.25474	1.14169	0.7702	0.51474	0.54304	1.21441	1.47073	1.48789	0.94808	0.58604	0.55649	1.10763	0.77363	0.60706	0.46436	0.47077	0.71896	1.06848	1.61115	1.67726	1.19492	0.58939	0.87536	0.86946	1.29939	1.22872	0.98412	0.4201	0.58766	1.21715	1.11841	1.00133	0.75011	0.55663	0.5983	1.3876	1.45447	1.29383	0.77617	0.41522	0.73237	1.02422	1.38327	1.34721	0.88107	0.45668	0.55411	1.06961
214.34Hz	1.41415	1.4175	0.94525	0.48561	0.79768	1.02278	1.42044	1.39662	1.03339	0.68911	0.6607	1.04299	1.09219	1.04803	0.63257	0.43226	0.92555	1.42257	1.04937	1.01959	0.58098	0.39207	0.49951	1.00511	1.17793	1.2828	0.75005	0.39827	0.5667	0.86909	1.60878	1.75162	1.08463	0.71365	0.64266	1.26729	1.07769	1.09417	0.85788	0.47742	0.67165	1.0149	1.54905	1.57922	1.01975	0.58167	0.73671	0.97599	0.98685	0.99475	0.77937	0.4346	0.64034	1.08488	1.29537	1.26204	0.85086	0.45637	0.63915	1.15415	1.77231	1.72119	1.22636	0.66289	0.55607	1.05258	1.67278	1.67828	1.09186	0.65157	1.09394	1.51895	1.55027	1.58656	1.11654	0.60967	0.67427	0.97467	1.38864	1.36418	1.04356	0.53506	0.59394	1.15809	1.60215	1.51122	1.04388	0.8039	0.68655	1.23006	0.81262	0.86348	0.59939	0.43879	0.85574	1.41978	1.72515	1.91535	1.44771	0.85966	0.65018	1.0964	1.25117	1.32626	0.96628	0.46221	0.67685	0.90113	1.23538	1.37083	0.92738	0.55371	0.56136	0.99694	1.55842	1.62749	1.04468	0.41644	0.57388	1.42427	1.58376	1.63607	1.28081	0.71457	0.67156	1.10522
229.29Hz	1.33975	1.47093	1.05847	0.66372	0.65827	1.10807	1.52755	1.73244	1.4026	0.84758	0.64947	1.26063	1.28182	1.32144	0.78833	0.64961	0.86586	1.43153	1.04706	1.16997	0.84704	0.40395	0.49902	0.94796	1.26581	1.26002	0.68869	0.37313	0.66825	1.06457	1.88788	1.80821	1.48818	0.84298	0.77277	0.97468	1.15827	1.32316	0.90129	0.46678	0.63894	1.05267	1.71543	1.73531	1.34901	0.56936	0.64777	1.16455	1.09947	1.22998	0.88004	0.50811	0.50508	0.85798	1.37414	1.47982	1.1292	0.61742	0.59807	1.01015	1.83524	1.99174	1.47239	1.05921	0.70886	1.06434	1.81286	1.82807	1.24091	0.64034	0.80391	1.73727	1.74836	1.88361	1.35225	0.80312	0.62622	1.05234	1.48312	1.54874	1.1194	0.6478	0.75832	1.16444	1.80035	1.56442	1.40876	1.0075	0.80266	1.01992	0.89421	0.93346	0.60355	0.4583	0.7014	1.32034	1.80175	2.11108	1.5781	0.98775	0.62815	1.12876	1.33372	1.55666	1.23854	0.6194	0.66775	1.21617	1.31092	1.59199	1.19641	0.56087	0.53567	1.08465	1.63518	1.83306	1.26912	0.89881	0.61616	1.12759	1.60262	1.84922	1.53017	0.76296	0.70176	0.98615
244.24Hz	1.63226	1.69816	1.19004	0.66898	0.8759	1.00044	1.60541	1.85542	1.46015	0.73102	0.80075	1.28505	1.42818	1.40575	0.97076	0.46699	0.78005	1.61928	1.16595	1.27926	0.81812	0.6303	0.51118	1.05964	1.33305	1.46866	1.00149	0.56509	0.60087	1.07261	1.89735	2.19554	1.55217	1.16404	0.6207	1.0657	1.28527	1.3871	1.0132	0.55559	0.49308	1.0775	1.73269	1.82682	1.41189	0.67886	0.77275	1.11097	1.13544	1.32984	1.00397	0.72021	0.64344	1.10992	1.47439	1.66061	1.1591	0.63461	0.75007	1.20245	2.06013	2.22486	1.59945	1.15724	0.78	1.05839	2.01551	2.03385	1.5491	0.84185	0.82775	1.31038	1.78863	2.09395	1.67129	1.29238	0.78823	1.14831	1.74392	1.69674	1.36041	0.88114	0.58314	1.05967	2.03755	2.03383	1.43924	0.97798	0.59173	0.80498	0.97567	0.95722	0.71627	0.45352	1.09359	1.7591	1.89753	2.29688	1.96324	1.19545	0.81381	1.13658	1.4246	1.68768	1.35275	0.70733	0.86339	1.13044	1.36977	1.59641	1.2103	0.67096	0.71258	1.00406	1.84593	1.94022	1.28282	0.75027	0.70258	1.17255	1.68069	2.00476	1.46855	0.84221	0.58764	1.07896
259.19Hz	1.70296	1.84641	1.52392	0.70506	0.7644	0.90948	1.75313	2.09092	1.52052	1.23732	1.11272	1.58681	1.4567	1.6608	1.11954	0.4691	0.93564	1.56187	1.25536	1.34006	1.03573	0.59861	0.60361	1.08563	1.40123	1.61797	1.06281	0.66208	0.77511	1.02452	2.04467	2.34657	1.74384	1.04451	0.74379	1.08882	1.35796	1.58214	1.30397	0.81698	0.97392	1.11635	1.90904	2.19139	1.69071	0.96685	0.63118	1.08377	1.28758	1.54395	1.19322	0.78621	0.64932	0.96576	1.60985	1.8869	1.45277	0.815	0.65879	1.06953	2.17717	2.34375	1.78374	1.3421	0.61768	0.86077	2.06002	2.29686	1.72352	1.07249	0.88871	1.14776	1.96864	2.17201	1.74205	1.29765	0.59234	1.00629	1.86764	2.05647	1.50558	0.90079	0.62213	0.93419	1.95033	2.06644	1.65802	1.07092	0.83982	1.1688	1.02932	1.14606	0.85625	0.72962	0.76431	1.41205	2.01327	2.60195	2.17444	1.57134	1.12474	0.99615	1.61171	2.0249	1.5832	1.07264	0.72158	0.94759	1.43243	1.83556	1.56746	0.89227	0.66561	0.95492	1.87204	2.22392	1.69503	0.8848	0.78098	1.05212	1.85461	2.23827	1.83878	1.00201	0.68363	1.04076
274.14Hz	1.72458	2.09353	1.736	1.18755	0.82713	1.14214	1.85328	2.18403	1.68064	1.36065	0.82919	1.4696	1.53904	1.71287	1.08329	0.53403	0.85777	1.03714	1.26261	1.56125	1.17583	0.7564	0.62753	1.07326	1.48126	1.77145	1.21967	0.79011	0.51966	0.98237	1.99982	2.45795	2.04415	1.38319	0.77377	1.1064	1.33544	1.68504	1.39179	0.92134	0.60977	1.09417	1.92691	2.22268	1.92013	1.34163	0.77001	0.90339	1.19206	1.59225	1.39762	0.8718	0.71978	1.17923	1.63472	1.88084	1.56176	0.97276	0.62771	1.02531	2.19708	2.62125	2.20414	1.63116	0.77502	0.98112	2.03766	2.48764	1.82484	1.15428	0.5934	1.22534	1.85324	2.36948	2.01213	1.3099	0.81804	1.10626	1.89298	2.13726	1.75343	1.13023	0.75939	0.93901	2.07555	2.48053	1.9894	1.52479	0.77586	0.95138	1.08115	1.2087	0.85442	0.49344	0.60475	1.61373	2.03718	2.66046	2.30269	1.75093	1.09626	1.19906	1.48602	2.13639	1.7449	1.25448	0.63749	1.08985	1.50392	1.95914	1.65161	1.0385	0.6769	1.16364	1.85677	2.29079	1.89111	1.30164	0.51028	0.96921	1.78305	2.47786	1.99746	1.39901	0.7606	0.90133
289.09Hz	1.57359	2.08461	1.74996	1.30983	0.91514	0.85262	1.63017	2.28045	1.95066	1.51163	1.12371	1.38758	1.52391	1.69726	1.42597	0.72438	0.70448	1.44864	1.16262	1.60486	1.30556	1.04981	0.61203	0.92614	1.34662	1.83967	1.34887	0.79516	0.68293	1.11936	1.83261	2.47583	2.31578	1.55912	0.92851	1.41846	1.3433	1.71304	1.51825	1.05568	0.728	1.37983	1.84625	2.32645	2.09693	1.43311	0.65273	1.01297	1.10771	1.75635	1.58913	1.20818	0.78395	1.05123	1.53519	1.98552	1.69519	1.27809	0.68329	1.13619	2.05708	2.66393	2.38539	1.47825	0.68168	1.0675	2.0121	2.47551	2.04051	1.31968	1.02525	1.33218	1.83507	2.49631	2.27834	1.55319	0.79286	1.06179	1.85003	2.21963	1.88166	1.14471	0.63672	1.30989	1.83429	2.43836	2.35236	1.69762	0.83085	0.81937	0.96543	1.27752	1.0268	1.02259	0.82036	1.7858	1.87226	2.80485	2.56233	2.23977	0.97109	1.01135	1.39684	2.09178	2.06937	1.56915	1.12265	1.08226	1.42437	1.97962	1.86903	1.21483	0.75661	1.14911	1.76608	2.51118	2.07803	1.23233	0.7195	1.0278	1.70043	2.45547	2.1478	1.42701	0.82274	1.09807
304.04Hz	1.68028	2.3548	2.24363	1.38276	0.81699	1.23025	1.6739	2.53777	2.19054	1.36159	1.01478	1.59894	1.45903	1.98335	1.73856	0.94085	0.82556	1.31881	1.17912	1.78045	1.49098	1.12211	0.70881	1.28648	1.41105	1.9821	1.69243	1.02307	0.81306	1.07311	1.75566	2.82345	2.61664	1.73708	0.72675	1.34207	1.29154	1.95433	1.86114	1.40637	0.68803	0.81118	1.80679	2.43698	2.41257	1.87808	1.29798	1.04592	1.18841	1.74865	1.86999	1.55359	0.76046	1.13866	1.5932	2.16005	1.94834	1.33193	0.65151	1.13706	1.9508	2.76535	2.58685	1.84674	0.99258	1.01771	1.94179	2.6426	2.39169	1.51648	1.10758	1.44882	1.76682	2.75061	2.5655	1.97465	0.9775	0.93274	1.8156	2.43217	2.21135	1.58625	0.54747	0.792	1.86697	2.70486	2.53246	1.86687	1.16657	1.05384	1.01259	1.4459	1.18771	0.84115	0.66728	1.62218	1.80798	2.99115	3.15799	2.45717	1.31375	1.03531	1.38404	2.39225	2.14433	1.4756	0.86019	1.09352	1.43265	2.23336	2.20965	1.37985	1.00505	0.97556	1.76769	2.81514	2.59221	1.40732	0.56256	1.07294	1.67817	2.6712	2.4905	1.76733	1.06982	0.90739
318.99Hz	1.84967	2.50247	2.30355	1.5799	0.95713	1.39416	1.77332	2.73212	2.56384	1.93408	0.88541	1.38978	1.57967	2.11067	1.71782	0.98602	1.00842	1.28848	1.36983	1.86548	1.83623	1.27236	0.6752	1.05951	1.54938	2.18514	1.93162	1.26026	0.68212	1.05533	1.91434	2.8402	2.95665	2.06313	1.41579	1.26106	1.31661	2.02307	1.97046	1.58439	0.71718	1.08527	1.80415	2.62879	2.642	1.85615	0.85403	0.83674	1.20274	1.949	1.91319	1.27736	0.87305	1.16444	1.81585	2.32611	2.27291	1.87149	1.09116	1.08623	2.10094	3.01288	3.01941	1.97882	1.44407	0.94981	2.02455	2.73733	2.71504	1.9338	1.01365	1.29361	1.83331	2.74865	2.99781	2.21202	0.90734	1.11177	1.85671	2.47681	2.30777	1.58531	0.96252	0.9121	1.90757	2.81521	2.82356	2.19796	1.39023	1.15772	1.13606	1.56299	1.4201	1.00975	0.82198	1.3583	1.94343	3.12379	3.19182	2.70311	1.44786	1.13685	1.54287	2.57248	2.62379	1.98909	0.98124	1.08775	1.48551	2.30647	2.38621	1.74265	1.03112	1.06494	1.82974	2.92875	2.62048	1.83838	0.7573	0.9522	1.77818	2.88836	2.73484	1.87641	0.88246	1.07907
333.94Hz	1.72041	2.62622	2.64183	2.22945	1.23205	1.15164	1.74223	2.70954	2.88946	2.15959	1.65619	1.31377	1.71357	2.13288	2.12267	1.23394	0.76155	1.248	1.3945	1.98691	2.04939	1.48012	0.73954	1.10432	1.57634	2.16361	2.1758	1.24673	0.66705	1.24257	1.98252	2.97142	3.07397	2.17862	1.19115	1.03003	1.37275	2.10635	2.11567	1.45639	0.71004	1.2553	1.85491	2.73266	2.87025	2.17979	1.00913	0.98243	1.2005	1.96244	2.19549	1.61405	0.99887	0.98673	1.64347	2.40614	2.40154	1.72315	0.7565	1.04268	2.16826	3.011	3.30715	2.34452	1.37679	1.08635	2.05256	2.89874	3.09428	2.16485	0.91855	1.42057	1.86619	2.90956	3.13707	2.40917	1.45762	1.25663	1.86607	2.59207	2.54475	1.74464	0.74895	1.06733	1.926	2.87898	3.24422	2.539	1.23724	1.12716	1.09912	1.63229	1.56631	1.10159	0.98426	1.24124	2.0153	3.17952	3.72161	3.09441	1.49106	1.03529	1.53977	2.52008	2.74097	2.07837	0.99545	1.19739	1.51851	2.35771	2.58962	1.83238	0.92584	0.96332	1.98308	3.05391	2.96026	2.03762	0.76162	1.10735	1.82136	2.8497	3.11895	2.0987	1.11623	0.89142
348.89Hz	1.65853	2.69418	2.93384	2.35929	1.40322	1.23923	1.82347	2.78229	3.15106	2.59213	1.78158	1.25934	1.62561	2.35221	2.5573	1.61992	0.72343	1.3913	1.3519	2.05167	2.21431	1.87287	1.01114	1.3239	1.55384	2.29586	2.339	1.59885	0.71519	0.98014	1.89372	3.0766	3.48961	2.72021	1.52127	1.13696	1.38434	2.20835	2.49055	2.00134	1.0394	1.05577	1.78938	3.0759	3.35372	2.71979	1.5373	1.07697	1.22207	1.99809	2.44658	2.02872	1.13717	0.87749	1.70327	2.44113	2.70564	2.14264	1.32745	0.98313	2.12117	3.21648	3.45434	2.71358	1.3512	1.16155	2.09601	3.17231	3.29828	2.46468	1.14475	1.52466	1.8901	3.10121	3.49545	2.84162	1.25161	1.42641	1.91524	2.782	2.93799	2.22417	1.12308	0.94142	2.02567	3.20317	3.31646	2.78559	1.72726	1.04942	1.15191	1.68449	1.74612	1.2226	0.9351	1.2161	1.87957	3.26193	4.07864	3.50191	2.14929	1.26811	1.58167	2.66145	3.05212	2.52474	1.2977	1.10822	1.48585	2.46896	2.75995	2.45699	1.44135	0.87867	2.04127	3.06721	3.235	2.31034	1.18905	1.21319	1.81853	2.94326	3.34377	2.54875	1.31842	1.02263
363.84Hz	1.88029	2.73853	2.92295	2.55717	1.40619	1.17391	1.77196	3.00516	3.29456	2.92531	1.90024	1.24327	1.6058	2.38118	2.41344	1.50987	0.9864	1.35561	1.29965	2.12897	2.40402	1.86248	0.92181	1.21305	1.64332	2.36379	2.45094	1.89398	1.31607	0.93647	1.85446	3.3557	3.53606	2.97828	1.71081	1.31354	1.24876	2.32899	2.63143	2.25539	1.23462	1.13309	1.70049	3.09534	3.2163	2.80849	1.68756	1.16012	1.31624	2.18733	2.43487	2.20071	1.59152	1.06779	1.69652	2.59084	2.90242	2.31853	1.17832	0.97598	2.01365	3.31339	3.68799	2.94709	2.09591	1.46277	1.99545	3.4769	3.38364	2.54622	1.0965	1.38202	1.83203	3.15896	3.73009	3.3323	1.76514	1.0562	1.89519	2.86185	3.09988	2.38255	1.33165	1.53583	1.92328	3.21082	3.45876	3.16224	1.9023	1.12224	1.30889	1.67094	1.72414	1.30667	0.83012	0.9504	1.93165	3.44467	4.07673	3.94813	2.53947	1.49914	1.50712	2.72989	3.31134	2.91257	1.60288	1.2859	1.43612	2.56869	3.00967	2.79158	1.50031	1.32571	1.86574	3.2543	3.55289	2.8615	1.23462	1.00011	1.88011	3.11088	3.46919	2.84902	1.56455	1.15339
378.79Hz	1.77096	3.33456	3.76973	2.86582	1.7622	1.19814	1.66923	2.99104	3.55395	2.9954	1.71225	1.51928	1.53632	2.47888	2.80698	1.86845	1.10117	1.27035	1.29817	2.16035	2.5097	2.03999	1.07572	1.74044	1.50399	2.7238	2.78213	2.14344	1.28321	0.92574	1.78325	3.3223	3.95491	3.34697	1.85904	1.3009	1.22104	2.37994	2.89578	2.38747	1.5485	1.22217	1.59984	3.23284	3.64707	3.12073	1.86701	1.1587	1.21108	2.1999	2.90869	2.63343	1.89753	1.21219	1.66168	2.69703	3.20978	2.74485	1.3124	1.15128	1.99671	3.4319	4.24484	3.32386	1.85966	1.1112	2.02441	3.40638	3.78777	3.10263	1.9724	1.84001	1.78832	3.25695	4.14685	3.57306	2.27838	1.13869	1.86276	2.98936	3.33853	2.66669	1.23142	0.92505	1.7556	3.32102	4.02994	3.53027	2.08589	1.34522	1.11414	1.82511	2.10219	1.3829	1.0398	1.51376	1.84802	3.37893	4.66288	4.3998	3.07391	1.83168	1.59885	2.86305	3.46544	3.48718	1.87092	1.21574	1.47481	2.70214	3.24144	2.86889	1.94093	1.20877	1.84835	3.46584	3.74613	2.72671	1.3566	1.08942	1.76611	3.21862	3.97426	3.10426	1.84884	1.37691
393.74Hz	2.39583	4.35868	3.89627	3.06	1.63233	0.96791	1.64698	3.23844	4.07731	3.49049	2.16893	1.91155	1.53741	2.51779	3.30551	2.19976	1.1325	1.57829	1.37019	2.26381	2.83857	2.44845	1.45415	1.1781	1.48454	2.51467	3.03347	2.56985	1.33939	1.11508	1.65677	3.57274	4.45637	3.66584	2.12015	1.18942	1.19271	2.4046	3.29441	2.88373	1.64755	1.1853	1.60373	3.37656	4.17961	3.47468	2.20054	1.38811	1.24012	2.25252	3.34608	2.7413	1.64649	1.11373	1.70663	2.90538	3.65795	2.99436	1.62202	1.33924	1.79775	3.63171	4.61332	3.73792	2.10721	1.3647	1.88042	3.54235	4.21305	3.34265	1.9552	1.4144	1.68925	3.46563	4.5351	4.10206	2.73808	1.73448	1.6657	2.98253	4.0301	3.06549	1.76274	1.235	1.7549	3.42442	4.49619	3.95966	2.74413	1.36308	1.07248	1.917	2.10979	1.63881	1.19894	1.62264	1.7308	3.60511	5.08081	4.91586	3.15469	1.69562	1.34576	2.95788	4.00735	3.55335	2.3728	1.50493	1.39703	2.82072	3.7552	3.40693	2.4599	1.50702	1.75704	3.55915	4.41466	3.54518	1.94534	1.02528	1.70986	3.26647	4.39712	3.85833	2.42554	1.00801
408.69Hz	1.5892	3.01238	4.28173	3.44771	2.22405	1.78641	1.5415	3.28689	4.45819	3.72216	2.98068	1.81911	1.50251	2.77312	3.51787	2.74811	0.9567	1.20727	1.37663	2.26107	3.28309	2.84156	1.49928	1.01343	1.64968	2.63281	3.58744	2.75303	1.42087	1.14818	1.69398	3.54628	4.84714	3.94131	2.41867	1.53594	1.14554	2.45489	3.50261	3.08827	1.97526	0.99289	1.54743	3.52178	4.48031	4.22553	2.39283	1.66942	1.3312	2.36238	3.15445	3.04838	1.95221	1.55462	1.74951	3.10816	4.02419	3.28044	1.90086	1.20166	1.70657	3.75704	4.89662	4.07817	2.3679	1.26339	1.83294	3.61032	4.65729	3.6811	2.2638	1.44859	1.59338	3.5307	4.86547	4.32759	2.56813	1.65972	1.7892	3.35884	4.11411	3.3198	2.11966	1.53371	1.71077	3.74046	4.7165	4.43491	2.70843	1.7892	1.13495	1.87863	2.47239	2.05235	1.1937	1.25957	1.82397	3.63002	5.40224	5.32031	3.70723	2.27557	1.26573	2.83097	4.42089	4.0998	2.35851	1.34089	1.52828	2.76023	4.0919	3.81813	2.06436	1.34232	1.7203	3.46071	4.84966	4.12767	2.18772	1.13398	1.6715	3.2476	4.76973	4.05889	2.46447	1.09939
423.64Hz	1.43982	3.28969	4.15654	3.96352	2.7534	1.37871	1.57364	3.41336	4.7279	4.27545	2.93476	1.66121	1.33931	2.8961	3.78774	3.0395	1.47716	1.19393	1.48633	2.32632	3.23423	2.97917	1.85067	1.22059	1.56794	2.80817	3.58255	2.95957	1.69898	0.90402	1.62395	3.68725	4.9452	4.42983	2.54058	1.29073	1.22485	2.50657	3.60957	3.22936	1.83752	1.31095	1.51117	3.73143	4.54945	4.27983	2.60511	1.40807	1.20536	2.29026	3.60681	3.37632	2.05516	1.32316	1.7136	3.08514	4.03684	3.57787	2.15365	1.55207	1.74678	3.81058	5.03509	4.41392	2.79873	1.40894	1.77048	3.74719	4.63014	4.1979	2.25897	1.72031	1.59234	3.70075	5.07367	4.86408	3.39736	1.77329	1.915	3.50941	4.16875	3.64804	2.14621	1.56683	1.69866	3.88869	4.93949	4.80001	3.36408	1.34328	1.14185	1.76312	2.56996	2.10828	1.64119	1.2193	1.73122	3.72804	5.54768	5.77941	4.2979	2.50753	1.3002	2.79142	4.46644	4.4211	3.04237	1.45427	1.4863	2.96084	4.09572	3.939	2.50628	1.31425	1.65123	3.46542	4.91654	4.21001	2.57788	1.54253	1.64037	3.16422	5.01917	4.58862	2.98432	1.73378
438.59Hz	2.53924	5.50825	5.66276	5.24811	3.86114	2.2655	1.4375	3.32203	4.80363	4.51741	4.05692	2.17315	1.28929	2.90456	3.67868	3.07391	2.37565	1.56607	1.39208	2.29033	3.40492	3.40446	2.4382	1.45995	1.47481	2.7232	3.89225	3.63511	2.54257	1.72093	1.59488	3.50162	5.02964	4.77786	3.01267	1.35461	1.10039	2.44719	3.58934	3.64871	2.53185	1.59282	1.47282	3.64424	4.48909	4.66591	3.17647	1.63703	1.17955	2.34059	3.49512	3.70219	2.63208	1.22194	1.61274	3.2365	4.25519	4.08325	2.70941	1.7	1.56146	3.90248	4.9463	4.96674	3.11208	1.69959	1.64532	3.76542	4.59055	4.41754	2.55496	1.87192	1.58956	3.65088	5.02173	5.62418	3.58481	1.99585	1.64141	3.42589	4.20677	4.13948	2.85968	2.09555	1.52048	3.64258	4.9454	5.37446	3.6491	1.85638	0.99768	1.76076	2.6548	2.38199	1.50103	1.2809	1.63467	3.80859	5.645	6.21556	4.48321	2.32189	1.23087	2.69666	4.75078	4.87629	3.19005	1.83379	1.46827	2.90419	4.28715	4.60454	2.9918	1.46465	1.52833	3.27795	5.1197	4.91737	2.85866	1.43537	1.51168	3.12877	4.88715	4.69344	3.21279	1.96991
453.54Hz	1.96374	5.25564	7.09725	5.76497	4.20422	3.45945	1.3944	3.33989	4.48079	4.92555	3.94216	2.16668	1.33648	2.76448	3.55901	3.53268	1.75507	1.06357	1.40996	2.20118	3.28396	3.61534	2.24658	1.53161	1.43071	2.71384	3.7679	3.56842	2.09338	1.12993	1.5159	3.27277	4.73883	5.20705	3.3988	1.74093	1.07464	2.23775	3.73813	3.87545	2.45904	1.29806	1.43951	3.50689	4.38025	4.81609	3.29195	1.62984	1.24399	2.19299	3.3874	4.02295	2.84599	1.8473	1.60182	3.31496	4.02369	4.18609	2.88909	2.03354	1.45536	3.60725	4.98667	5.14919	3.25144	1.82851	1.56551	3.60043	4.62605	4.81741	2.96068	1.55693	1.46279	3.57742	4.8766	5.58994	3.89703	2.22652	1.55264	3.18163	4.09468	4.23135	2.63853	1.62854	1.57205	3.67139	4.82293	5.27619	3.8051	1.98313	0.94546	1.80998	2.62132	2.78006	1.68018	1.61976	1.62417	3.43194	5.5513	6.57458	4.86782	2.52603	1.17915	2.39441	4.55761	5.03351	3.42168	1.86357	1.49603	2.60415	4.23764	4.78516	3.3168	2.00292	1.45852	3.07922	5.04894	5.14647	3.06341	1.49113	1.47585	2.99596	5.05846	5.20501	3.69404	1.93948
468.48Hz	2.48402	5.15503	5.64949	5.57032	3.86148	3.40695	1.27625	3.31258	5.00202	5.50195	4.29769	2.19342	1.2209	2.88197	4.07627	4.11436	1.99964	1.38994	1.43412	2.37974	3.62528	4.21129	2.80528	1.8391	1.43874	2.71965	4.13319	3.93905	2.29249	1.21075	1.6266	3.32531	5.21355	5.98678	3.67792	1.97918	1.02731	2.23504	3.8057	4.39147	2.97281	1.92416	1.42453	3.65374	4.78459	5.55143	3.65931	2.22661	1.18361	2.24617	3.80838	4.39445	3.09224	2.04867	1.50302	3.17614	4.31342	4.77825	3.07318	1.73353	1.40702	3.71998	5.37935	5.84604	3.94422	2.17718	1.47926	3.67495	5.18471	5.55698	3.64386	1.93707	1.39548	3.51772	5.47334	6.24215	4.21816	2.26043	1.49566	3.54984	4.5479	4.94636	2.98644	1.77228	1.51369	3.78428	5.18426	5.90924	4.41192	2.395	0.94851	1.95853	3.08371	2.98031	1.92023	1.46446	1.50311	3.4748	6.05735	7.26809	5.29023	2.96065	1.14621	2.54952	4.85077	5.55871	3.76959	1.89025	1.49782	2.70677	4.51921	5.40024	3.64571	2.11959	1.3675	3.32891	5.66232	5.67986	3.57976	1.93458	1.44309	3.15232	5.54264	5.92941	3.44221	2.13531
483.43Hz	2.06802	5.36919	6.66622	6.31868	4.4054	3.4437	1.38253	3.47621	5.48363	5.92291	4.89386	3.7999	1.20598	3.14404	4.5049	4.38683	2.50479	1.88685	1.54429	2.49858	4.01008	4.54315	3.20228	2.22987	1.41962	2.91313	4.30218	4.3474	2.90759	1.62961	1.55437	3.48629	5.72022	6.35664	4.10621	2.38549	1.03089	2.48202	4.14118	4.75307	3.03737	2.02097	1.45826	3.63404	5.11445	5.92665	4.48515	2.63029	1.28178	2.3805	4.01371	5.05691	3.38212	2.12741	1.64362	3.49654	4.76706	5.27128	3.56583	1.98372	1.34535	4.07877	5.90004	6.35513	4.08097	2.5806	1.61515	3.89476	5.49927	5.81147	4.13486	2.14566	1.38739	3.79854	5.70256	6.87857	5.31276	3.20347	1.41847	3.61357	4.88982	5.23962	3.50714	1.83855	1.51783	4.01881	5.73462	6.45341	5.53482	3.20377	1.00846	2.0693	3.39595	3.30935	2.18025	1.41427	1.59197	3.72285	6.5735	8.04136	6.25176	3.24896	1.07616	2.85661	5.35614	6.29913	4.70153	2.68506	1.51097	2.7444	4.82575	5.94586	4.38386	2.42677	1.3715	3.35084	6.21904	6.09629	4.39412	2.1774	1.36361	3.18477	6.01084	6.35944	4.05372	2.41661
498.38Hz	2.01201	3.71914	6.04519	6.33083	4.41851	3.28602	1.35932	3.53397	5.75872	6.48339	5.04341	2.62876	1.24652	3.23965	4.87427	4.82124	2.896	2.05448	1.52145	2.42132	4.26006	4.87681	3.78681	2.24304	1.38739	3.01362	4.6258	4.81011	3.22679	1.84382	1.62868	3.46196	6.07213	6.79682	4.76065	2.26233	1.05441	2.505	4.55224	5.03807	3.59378	1.84594	1.47123	3.76319	5.40644	6.27358	4.72699	2.67322	1.33361	2.32387	4.34251	5.17835	3.732	2.19116	1.47439	3.4181	5.04729	5.50194	3.87932	2.2265	1.40954	4.05364	6.2213	6.67107	4.56751	2.69738	1.58045	4.041	5.8934	6.50054	4.10039	2.44372	1.39661	3.97219	6.29108	7.37006	5.2917	3.19597	1.5976	3.8757	5.2005	5.51144	3.74581	2.1437	1.57183	4.08123	5.9824	7.07323	5.55158	3.09153	0.91602	2.11091	3.63506	3.43335	2.72686	1.69307	1.59216	3.86436	6.84968	8.80877	7.04161	4.43226	1.12119	2.92783	5.82015	6.76246	5.06628	3.1046	1.55145	2.78661	5.26435	6.55591	4.72804	2.9492	1.36856	3.52964	6.56802	6.68679	4.42009	2.68734	1.41721	3.29463	6.25928	6.80038	4.88504	2.62408
513.33Hz	2.20525	3.80753	6.45492	6.89718	5.11925	2.39845	1.35459	3.53289	5.80697	7.23702	5.85354	3.44346	1.24343	3.57248	4.78617	5.20064	2.89335	1.64612	1.61606	2.55612	4.37547	5.24908	3.83737	2.27654	1.43704	2.95884	4.77285	5.41322	3.37007	2.14026	1.73597	3.66019	6.12166	7.25902	5.00558	2.59896	1.15649	2.5501	4.68154	5.78912	4.22265	2.43842	1.4972	3.72214	5.78012	6.89781	5.11276	2.88545	1.39435	2.36657	4.36329	5.5373	4.3141	2.72576	1.50209	3.57223	5.21832	5.93036	4.03305	2.36586	1.48602	4.13454	6.27625	7.14962	4.88701	2.59711	1.61029	3.98949	5.91574	7.05665	4.57698	2.51276	1.57744	4.12351	6.31559	8.42079	6.29874	4.10786	1.59835	3.77077	5.29554	5.99747	3.96913	2.28584	1.39048	4.14533	5.93233	7.79178	5.90804	3.38639	0.96933	2.16697	3.68703	3.93999	2.47612	2.12513	1.62868	3.84889	7.18788	9.16822	7.5241	4.59719	1.28065	2.91081	5.83716	7.26213	5.27456	3.17234	1.59376	2.78168	5.36751	6.71871	4.95189	3.00227	1.42386	3.68514	6.58488	7.43462	5.02306	3.01476	1.46148	3.3977	6.49258	7.26037	5.05356	2.91475
528.28Hz	3.74109	5.46265	8.23861	7.35339	4.7575	2.834	1.46856	3.78932	6.09427	7.71416	5.57812	3.32967	1.306	3.5706	4.80964	5.77939	3.40722	2.23275	1.57152	2.61442	4.50159	5.75507	4.46317	2.81307	1.48193	3.38015	4.91165	5.93771	3.64771	2.19257	1.80189	3.68802	6.04284	7.7669	5.2314	3.30992	1.31407	2.4644	4.7233	6.00897	4.74179	2.4312	1.5621	3.85431	6.01504	7.34661	5.58225	3.21214	1.4692	2.40603	4.43999	5.81277	4.43798	2.5722	1.66599	3.75181	5.23121	6.3093	4.44245	2.92985	1.47461	4.3362	6.12909	7.7243	5.16899	3.27201	1.73606	4.22464	6.20294	7.5382	5.63521	4.03891	1.63867	4.17623	6.76087	8.69149	6.27249	3.90813	1.83712	4.10934	5.60573	6.26369	4.15485	2.67519	1.4545	4.03852	5.94541	8.20307	6.28192	3.58874	1.01922	2.12502	3.56281	4.30748	2.90131	2.38939	1.69972	3.94655	6.78482	9.73615	8.35443	4.78765	1.26827	2.83641	5.78236	7.68307	6.35718	3.46804	1.89665	2.86592	5.5764	7.24948	5.61371	3.27303	1.4259	3.82659	6.46249	8.16779	5.79763	3.13164	1.44314	3.39575	6.47161	8.03465	5.69181	3.35228
543.23Hz	3.4475	5.58453	8.35306	7.985	5.42387	3.29139	1.52249	4.1318	6.44785	8.47857	6.61989	3.86639	1.50304	3.68165	5.21431	6.03713	3.7923	2.13316	1.64121	2.86547	4.5119	5.91966	4.55696	2.785	1.47687	3.47858	5.03887	6.06698	4.12095	2.47767	1.76435	3.87592	6.30224	8.4395	6.2123	3.51734	1.22913	2.57041	4.72198	6.27584	4.72069	2.56756	1.50003	3.98938	6.32529	8.16501	6.42774	4.01306	1.46378	2.53802	4.66875	6.31915	5.05469	3.0864	1.33726	3.7841	5.23905	6.68357	5.05143	2.92616	1.47364	4.5104	6.60148	8.28485	5.83504	3.33728	1.70635	4.35516	6.26092	8.02199	5.57834	3.37899	1.5633	4.44579	6.87775	9.31812	7.29633	3.92965	1.54698	4.15883	5.70996	6.93425	5.09466	3.24262	1.55468	4.55879	6.43908	8.9519	6.93575	4.41165	1.10426	2.41767	3.61906	4.55643	3.24256	2.52418	1.77704	4.38074	6.88272	10.24687	8.97759	5.41582	1.36911	2.96419	5.86996	8.34341	6.70007	4.47222	1.70503	3.09865	5.85605	7.78523	6.23379	3.65593	1.49628	3.97533	6.82659	8.66033	5.98128	3.63431	1.5228	3.72904	6.41107	8.60914	6.55369	3.49517
558.18Hz	2.30692	5.13131	8.25296	8.84936	6.12774	4.22043	1.41688	4.17833	6.8956	9.21115	7.45283	4.84861	1.58677	3.79712	5.3636	6.40706	4.41478	2.48179	1.49356	3.12436	4.68943	6.30375	4.90878	3.00133	1.37612	3.54151	5.2603	6.55777	4.61236	3.01602	1.48615	3.95265	6.4118	8.89192	6.29183	3.82092	1.30627	2.64087	4.9183	6.93973	5.24326	3.09634	1.45242	4.1875	6.91693	8.76463	6.72316	4.04013	1.39155	2.67045	4.88153	6.84239	5.68891	2.96643	1.34888	4.03196	5.79799	7.4123	5.66595	3.5392	1.53456	4.84137	6.9657	9.12562	6.53334	3.64666	1.67554	4.63675	6.89595	8.87785	6.12237	3.3849	1.46201	4.54035	7.20334	9.98703	7.70643	5.18127	1.31935	4.40218	6.07103	7.28191	5.48468	3.22081	1.34124	4.80702	6.74552	9.74187	7.81961	4.66796	1.21942	2.55151	3.94477	5.0672	3.34006	2.66956	1.78257	4.39745	7.25976	11.37607	9.78235	6.13835	1.25773	3.23802	5.86477	9.07451	7.7568	4.71398	1.72545	3.18702	6.01356	8.55019	6.69847	3.90241	1.54256	4.26113	6.62459	9.31908	6.78603	4.09653	1.40503	3.96306	6.29253	9.08419	6.77491	4.12452
573.13Hz	2.21975	5.00478	8.74724	10.08101	6.50187	4.05601	1.27674	4.08249	7.14573	9.93122	7.79802	4.9567	1.54411	3.83171	5.4678	7.49099	4.82347	3.67285	1.3686	3.21753	4.86406	6.87573	5.46685	2.91062	1.24725	3.68806	5.19047	6.98612	5.20317	3.00046	1.43721	4.04168	6.50027	9.34669	6.80944	4.29745	1.13226	2.77918	4.96449	7.35542	5.58911	3.64323	1.21591	4.19292	6.96426	9.49596	7.51459	4.60042	1.39619	2.60155	4.94367	7.36147	5.98277	4.29122	1.18125	4.07482	5.81317	7.60209	5.97685	3.64378	1.4778	4.75958	7.05848	9.59902	6.96105	3.95497	1.45888	4.59243	6.99638	9.46157	6.55121	3.80869	1.3782	4.61084	7.20035	10.73074	8.42795	5.21882	1.27249	4.33164	6.09848	7.87249	6.12781	3.43068	1.32351	4.96517	7.00027	10.24962	8.21171	4.96764	1.10371	2.59079	3.83659	5.19656	4.28675	2.67209	1.67589	4.43507	7.42318	11.94725	10.60015	6.53285	1.17731	3.28048	5.93358	9.65761	8.21992	5.26795	1.39416	3.16505	6.43794	9.544	7.33595	4.47788	1.45388	4.24097	6.70448	10.24376	7.40592	4.28856	1.30746	4.20233	6.23673	9.63269	7.46608	4.4296
588.08Hz	1.84393	4.89338	7.85441	10.33004	7.40449	5.06388	1.33607	3.97948	7.29132	10.67148	8.34129	5.14148	1.59999	3.95103	5.91387	7.47244	5.89644	3.78709	1.0129	3.05957	4.86109	7.46671	5.89256	3.47385	1.05583	3.65161	5.25171	7.75408	5.79115	3.22962	1.39681	3.92223	6.5704	9.80256	7.46115	4.27872	0.97519	2.67396	4.9628	8.22242	6.38181	3.78161	1.14831	4.01067	7.01166	10.35491	7.76905	4.60498	1.22015	2.5556	5.00673	7.86984	6.60813	4.16643	1.174	3.87486	5.82359	8.48929	6.76546	3.83313	1.5022	4.55974	7.2213	10.03912	7.44896	4.33883	1.51679	4.49449	7.06856	10.12088	7.59675	4.50444	1.198	4.3566	7.34763	11.25165	9.44243	5.73731	1.15388	4.14106	6.18676	8.13884	6.49284	3.8576	1.23695	4.64793	7.3028	11.00885	9.11807	5.49457	1.44597	2.45829	3.94878	5.74279	4.65864	2.94654	1.42705	4.39729	7.62424	13.20606	11.3404	7.3377	1.02908	3.00453	5.97475	10.55435	9.16992	5.2764	1.48248	3.07098	6.25268	10.00828	8.06258	4.73241	1.41166	4.21244	6.6322	10.73987	8.57414	5.0558	1.16025	3.92603	6.3712	10.46353	8.20655	4.62841
603.03Hz	1.58902	4.18706	7.90359	11.23053	7.68004	4.86705	1.39424	3.91863	7.41986	11.13818	9.13589	5.48433	1.96435	3.64235	5.88828	8.04218	6.1371	3.15241	0.81052	2.88683	4.85783	7.87126	6.85304	4.03647	0.91582	3.4288	5.17189	7.92621	6.29835	3.8247	1.3472	3.72411	6.44815	10.04418	7.89678	4.79175	0.89429	2.66528	5.04243	8.52496	7.36234	4.26174	1.08753	3.87681	7.03485	10.56775	8.69521	5.52555	0.85004	2.46943	4.91208	8.09772	7.27023	4.49063	0.95291	3.85417	5.94399	8.63439	7.1118	4.93857	1.50008	4.3688	7.22245	10.73051	8.32231	4.83175	1.54446	4.31239	7.18001	10.87925	8.61856	5.40388	1.21016	4.29986	7.46759	11.98062	10.33273	6.3402	1.38434	4.09586	6.1734	8.84251	7.29584	4.37326	1.34668	4.24634	7.27784	11.58153	9.78302	6.11619	1.42625	2.46548	3.92374	5.99445	5.00398	3.18275	1.07444	4.11191	7.57877	13.76042	12.54706	8.0298	1.00888	3.01572	5.77781	11.13809	10.06497	6.15799	0.95371	2.93477	6.20522	10.53472	8.9951	5.23681	1.18947	3.88609	6.63125	11.40556	9.48838	5.9337	1.1091	3.64664	6.35068	11.17138	9.11017	4.78089
617.98Hz	1.46144	4.11642	8.01621	11.59845	8.15189	5.68958	1.5862	3.63691	7.57587	11.9779	9.92746	6.1128	1.82899	3.35278	5.9714	8.818	6.65618	3.36698	0.72643	2.69023	4.78833	8.04853	7.07714	3.92805	1.10521	3.15617	5.13869	8.70416	6.82569	4.45638	1.42802	3.59379	6.29861	10.8457	9.04117	4.76989	0.78275	2.45502	5.02828	8.94584	7.54681	4.53516	1.23518	3.52915	7.07756	11.04139	9.31163	6.16096	0.62347	2.32761	4.84677	8.393	7.67912	5.46185	0.9755	3.50696	5.99144	8.99872	7.61437	4.48876	1.76957	4.27362	7.19787	11.06158	8.91003	5.28101	1.78522	4.2341	7.20156	11.05173	9.63678	5.5112	1.38257	3.98229	7.59827	12.62215	11.02845	7.24294	1.44888	3.62188	6.20937	9.01534	7.67842	4.64213	1.46869	4.14288	7.08941	12.05079	10.32962	6.16908	1.58867	2.2499	3.72338	6.29666	5.1647	3.43861	1.14694	3.78163	7.25658	14.12798	13.70001	8.92127	1.06555	2.8498	5.74978	11.63888	10.87966	7.02467	0.75419	2.9059	6.08417	10.93875	10.01407	6.14585	1.01821	3.73561	6.63543	11.77634	10.10868	6.70154	1.2358	3.42891	6.52478	11.6904	10.13117	5.66231
632.93Hz	1.44579	3.54118	7.81391	11.89448	8.34834	4.73694	1.74826	3.37898	7.73049	12.78921	10.84535	7.33185	1.92121	3.17051	6.06236	9.61212	7.1943	3.99972	0.95242	2.48506	4.52224	8.59655	8.00402	4.83956	1.23633	2.88815	5.26692	9.23771	7.49427	4.7132	1.50326	3.48424	6.24704	11.66898	9.82487	5.60488	0.85411	2.41972	4.77499	9.71304	8.11313	5.04822	1.46091	3.26499	7.15937	11.69986	10.02837	6.2526	0.48634	2.27708	4.76623	8.90785	8.31617	5.38964	1.04438	3.25802	5.93378	9.66174	8.12949	4.74823	1.86011	3.72676	7.10492	12.21156	9.35721	5.48452	2.01449	3.7639	7.27988	11.6734	9.68329	6.37396	1.47674	3.6692	7.70406	13.60889	11.83943	8.05468	1.43491	3.3572	6.30113	9.79183	8.17147	5.1256	1.63677	3.94069	7.52782	12.75383	11.23024	7.28255	1.5682	2.28389	3.67188	6.92809	5.73852	3.76325	1.33377	3.25272	7.26164	15.05077	14.69684	9.29619	1.22466	2.77385	5.65259	12.2151	11.86331	7.53294	0.95136	2.75082	5.88287	11.60856	10.58272	6.50662	0.83518	3.72981	6.59407	12.79497	10.70884	6.63889	1.35154	3.18565	6.48777	12.97274	10.86432	6.19467
647.88Hz	1.24146	3.12482	7.79347	12.3949	7.96935	5.29669	1.87001	3.01665	7.77074	13.54902	10.98209	7.02943	2.0167	3.0592	6.00652	11.19677	8.0414	4.2	1.42899	2.39959	4.42963	9.29352	8.21195	5.2278	1.3091	2.7157	5.00032	9.54582	7.62307	4.7061	1.61732	3.04432	5.97997	12.65845	10.73438	5.53146	0.91883	2.42352	4.77583	10.23255	8.73291	5.35079	1.73942	2.93353	7.02303	12.05006	10.59495	6.71926	0.8129	2.22697	4.55724	9.5282	8.59533	5.72524	1.11573	2.91088	5.82595	10.05226	8.71477	5.40736	1.87841	3.30502	7.15342	13.01779	10.26863	5.95358	2.05755	3.38848	7.06567	12.73279	10.51264	6.71454	1.50609	3.45298	7.78133	14.29459	12.38843	8.51036	1.55622	2.81528	6.15597	10.66618	8.7475	5.42425	1.65834	3.54242	7.53819	13.2798	11.37336	8.10083	1.83049	2.82096	3.68708	7.36439	6.21341	4.32195	1.30857	3.11037	7.09159	15.98289	15.08738	10.24892	1.45207	2.79443	5.57828	13.11104	12.5036	7.8863	1.01847	2.71724	5.81156	12.06742	11.33947	6.98591	0.79053	3.40395	6.51432	13.92732	11.4679	7.06029	1.35127	2.95944	6.67551	13.79558	11.46112	7.05956
662.83Hz	1.03394	3.17796	7.36812	13.39597	9.41268	5.49309	1.99238	3.30855	7.50658	14.99479	12.51787	8.02384	2.03677	3.33954	5.92832	12.12143	9.23037	4.85415	1.74835	2.23239	4.46434	9.99658	8.48674	5.16656	1.71864	2.54578	4.77437	10.30702	8.5389	5.4831	1.42811	2.92332	5.63343	13.49749	11.9556	6.18857	0.86684	2.43066	5.11721	11.27664	9.5102	5.93183	1.46551	2.63782	6.79146	12.84549	10.74717	7.05872	1.02157	2.07698	4.53255	10.25092	9.0812	5.89868	1.2969	2.80971	5.60597	10.77728	9.45722	5.60806	1.76409	2.97412	6.9263	13.41338	11.13277	6.69294	2.10856	3.19958	6.78123	13.35834	10.87886	6.88171	1.59751	3.24313	7.56451	15.75073	13.45614	9.33709	1.67868	2.46117	6.22372	11.39748	9.21207	5.97258	1.78363	2.93835	7.24292	14.0178	11.85042	8.21236	1.88027	3.00917	3.69293	8.09711	6.53549	4.74441	1.43589	3.08216	6.56739	17.22373	16.09695	10.18639	1.54057	2.86002	5.94649	13.6375	13.17388	8.63681	1.39	2.55518	5.93862	13.0103	11.93324	7.46919	0.68983	3.25457	6.66326	14.98827	13.12718	8.03708	1.36241	2.88075	6.8257	14.74612	11.84363	7.02781
677.78Hz	1.92218	3.58371	7.24391	13.81305	10.54336	5.974	2.11157	3.32049	8.08551	15.37025	13.78686	8.69779	2.13482	3.79666	6.40353	12.95456	10.43021	5.93235	2.08849	2.16855	4.71688	10.72969	8.96907	5.91529	2.02439	2.53592	5.09682	11.25798	9.16153	5.85435	1.7266	2.8979	6.02567	14.47206	13.21692	7.42187	1.02334	2.25056	5.16981	11.41813	10.05586	6.75461	1.7106	2.69989	7.20287	13.48219	11.30151	7.73933	1.36118	2.18502	4.79983	10.92302	9.7674	6.91759	1.66524	2.73919	6.15106	11.81866	10.31324	6.25139	1.68566	2.93075	7.40625	14.42863	12.71991	7.32705	2.12686	3.27469	7.65233	14.50722	12.4306	8.07732	1.76807	3.08198	8.10202	16.46661	13.88331	9.98053	1.87125	2.51714	6.9393	12.22145	10.4511	6.15904	1.9594	2.78521	7.77636	14.66052	12.70754	9.44634	2.19247	3.23972	3.95135	8.30392	7.22651	4.79386	1.66215	2.93548	7.01469	18.23767	17.28479	11.13651	1.61024	2.70847	6.30049	14.54617	13.8644	9.30051	1.6892	2.59432	6.1021	13.54921	12.64016	8.06077	0.79389	3.07102	6.91509	16.04288	14.73805	8.89615	1.35914	2.66519	6.97953	15.78081	13.66776	7.83087
692.73Hz	1.81891	4.12968	7.60118	14.03699	9.69621	6.12916	2.41926	3.64967	8.75423	16.13777	15.26988	10.03626	2.27443	3.96063	7.13061	13.85926	12.38166	7.40456	2.6128	2.29366	5.00998	11.31528	9.8569	6.43346	2.6609	2.46585	6.16804	11.48879	10.17765	6.63265	2.44401	2.94008	6.95327	15.612	14.7466	8.49127	1.50945	2.39684	5.48615	12.20724	10.89326	6.81445	2.11793	2.64074	7.99084	13.83015	12.64984	8.32895	1.89954	2.25043	5.18071	11.37518	11.24665	7.07677	2.08363	2.56263	6.81856	12.16927	11.50997	6.86468	1.82457	2.99538	8.57848	15.3151	14.02477	8.6511	2.38301	3.47778	8.5445	14.92169	13.38873	8.57026	2.34676	3.15303	9.17505	17.01617	15.51861	11.1865	2.21661	2.68508	7.4595	12.79533	11.49968	6.80538	2.1388	2.99613	9.22812	15.55634	14.11234	10.39257	2.51033	3.6507	4.23184	8.88025	7.52717	5.37021	1.92731	2.91249	7.67901	18.92462	19.2852	13.10339	1.69203	2.80308	6.57341	15.45465	15.72312	10.28041	2.29433	2.52381	6.57736	14.04627	14.45709	9.17001	1.27727	3.23503	7.99404	16.91847	16.11969	9.87135	1.62475	2.67461	7.02809	16.79351	15.18262	8.85815
707.68Hz	2.92642	4.76177	8.3258	14.92998	11.38049	7.18315	2.84578	4.35435	9.26766	16.1244	17.09667	10.27539	2.667	4.10161	8.15226	14.84508	13.3314	8.6407	3.17487	2.19764	5.40573	12.23982	11.46408	7.74756	3.14587	2.42098	6.76982	12.32504	11.15962	7.2635	3.01784	2.96461	7.65859	16.71093	15.85041	9.65269	2.03518	2.38402	5.95296	12.68021	11.67157	8.25825	2.54817	2.72452	8.79127	14.59587	14.0249	9.85465	2.32492	2.19198	5.5966	12.16471	12.27807	8.31508	2.61696	2.7315	7.61102	13.13891	12.63426	8.15499	2.09158	3.23725	9.33221	16.58879	15.58492	10.21243	2.53579	3.84874	9.69233	15.88081	15.57453	9.71027	2.77558	2.94693	9.83569	17.96342	17.30962	12.13277	2.46064	2.97902	8.52872	13.72139	12.11568	7.35199	2.41165	3.1658	10.05227	16.11343	15.57445	11.50761	2.73349	3.94577	4.64464	9.81661	8.53432	5.4375	2.2693	3.03057	8.43155	19.5868	21.10413	13.0957	1.79627	2.79326	6.83848	16.78332	17.03764	11.59672	3.10944	2.52359	6.99931	15.04958	16.15707	10.33979	1.86153	3.30263	8.58805	18.1878	17.50468	11.36557	2.0999	2.65621	7.27287	17.73657	16.66417	9.41522
722.63Hz	2.26736	4.59838	9.74489	15.45199	12.61258	7.72916	3.25639	4.7505	9.76722	16.64168	17.98521	11.53779	3.26134	5.00832	8.47874	15.3693	14.05753	8.98431	3.83905	2.27779	5.7649	12.69854	12.55282	8.77543	3.98335	2.66019	7.72519	13.3526	13.12584	8.56387	3.90766	3.2208	8.29632	17.41482	16.51414	10.41962	2.64366	2.36387	6.32827	13.08099	13.82209	9.93039	3.19998	3.17531	9.41286	14.76968	16.13153	10.38907	3.04702	2.22704	5.98238	12.68154	13.10533	9.48503	3.35258	2.60608	8.09358	14.2218	13.84653	9.05652	2.40405	3.19242	10.16823	17.0545	16.69329	11.13984	3.26346	3.72442	10.4501	17.1182	17.38493	10.80398	3.66576	3.0834	10.59904	18.66134	18.60142	14.47322	3.05922	3.15435	8.98161	14.24599	12.79305	7.71544	2.9853	3.1048	11.06416	17.06429	16.31845	12.35169	2.88645	3.96354	5.58223	10.42829	9.92283	6.47499	2.88221	3.33296	9.02063	20.35554	22.26339	14.2785	2.08663	2.95732	7.33001	17.37085	19.43821	13.3064	3.99997	2.59026	7.49619	15.73742	17.34421	11.61503	2.56939	3.19379	9.33044	18.93866	18.76272	12.41055	2.76461	2.5785	7.79429	18.78718	17.99438	10.74969
737.58Hz	2.52996	5.05752	10.78887	15.58497	12.78164	7.93856	4.01553	5.72693	10.16593	16.6102	18.6507	11.88724	4.04559	5.44965	8.88097	15.45455	14.72317	9.76262	4.77008	2.44817	6.00986	13.04829	12.99238	9.29735	4.79378	3.13278	8.18	14.27063	14.16841	9.04136	4.90412	4.28706	8.75909	18.16245	17.32202	10.78124	3.25373	2.77734	6.6177	13.55251	15.15395	11.50473	3.92217	3.30413	10.00134	14.85964	17.46146	10.84222	3.70112	2.50874	6.16167	12.74432	14.76971	10.87407	3.93507	3.10873	8.5787	14.92313	14.00134	9.63547	3.13879	4.15603	10.64002	17.62503	17.07287	11.5154	4.11703	4.04621	11.17419	17.25017	18.8671	11.98841	4.68538	3.76478	11.22972	19.1673	20.09535	16.81849	3.61377	4.05594	9.55161	14.49399	13.44028	8.02626	3.57663	3.72592	12.03639	17.76789	16.83749	13.25431	3.1632	4.23494	5.93409	10.81873	10.28292	6.85054	3.36425	4.18388	9.30007	20.68871	23.35965	14.43396	2.42845	3.19967	7.27475	18.1401	20.70305	14.27036	4.90819	2.88619	7.88664	16.35784	19.50156	12.19437	3.41324	3.15002	10.01319	19.39789	19.76948	13.2131	3.48397	3.38212	8.25618	19.91681	19.31824	11.81541
752.53Hz	3.05197	5.25496	10.46814	15.45637	13.84686	9.11937	4.80898	6.14399	10.83189	16.29995	17.87439	13.48619	4.66575	5.56194	9.341	15.32299	15.08398	10.87844	5.75593	2.65767	6.2061	12.97858	13.82911	9.62163	5.77732	3.59171	8.50845	14.6951	15.32524	9.37492	6.06114	4.74011	8.84724	18.89135	17.81058	11.97037	4.10696	2.95002	6.63992	13.76071	15.74149	11.77863	4.79696	4.71774	9.97327	15.0195	18.14572	12.01606	4.47194	2.64697	6.109	12.72593	15.42291	12.47713	4.79077	3.21138	9.1975	15.20126	15.29816	10.33252	3.73118	4.7302	10.7818	17.60569	17.38682	11.87635	5.26168	4.97485	11.65328	17.51325	19.08966	13.39778	5.70164	4.43649	12.13851	19.41752	20.07128	16.79874	4.43534	4.39833	9.95886	14.78573	13.90365	8.73513	4.49528	4.38936	12.49739	18.6023	18.18907	14.29571	3.44648	4.52897	5.84724	11.12791	11.40837	7.22528	4.07689	4.62981	9.50422	20.75737	23.91374	14.77978	2.94534	3.58866	7.37868	18.62874	21.77917	15.70292	6.02065	3.05188	7.78836	16.69891	20.51944	13.93152	4.27035	3.28468	10.06911	19.96602	20.08475	14.02945	4.37999	3.97415	8.6983	20.10112	19.71206	12.83067
767.47Hz	3.72164	5.46168	10.62809	15.22268	14.42906	9.07116	5.75946	6.28466	11.26831	16.65762	18.36388	13.32222	5.76371	5.64496	9.92278	14.89945	16.0573	11.30758	6.57095	2.75117	6.51664	13.10689	14.81926	10.25443	6.76777	3.92818	9.00679	15.33316	16.15789	10.4462	7.28023	4.87848	9.46762	19.40583	19.58977	12.76722	4.94921	3.06214	6.43996	14.07799	15.96744	12.24583	5.87883	4.4539	10.17822	15.21689	19.59693	13.63654	5.42861	2.60878	5.95723	12.85298	15.38707	14.05026	5.72993	3.21916	9.92111	15.84312	16.99868	12.0585	4.6822	5.06778	11.4264	17.96815	17.71174	12.6818	6.31437	4.97477	12.12701	17.58029	19.81561	14.911	6.71401	4.4631	12.99942	19.77053	20.02359	17.48499	5.30765	4.74188	10.3085	14.98533	14.40752	8.97219	5.03781	4.87892	12.90459	19.65004	19.76729	15.28063	3.71845	4.27972	5.72458	11.59132	12.7248	8.17923	5.01641	4.87645	9.99259	20.66292	24.47239	15.6564	3.39874	3.70333	7.67086	18.5899	22.87798	16.68099	7.16228	3.14684	7.69071	17.2043	21.23115	14.27594	5.15646	3.50422	10.20563	20.67563	20.82608	14.08252	5.2111	4.25099	9.38141	20.67972	20.90325	13.40828
782.42Hz	4.3883	5.09784	10.42415	14.64667	15.81672	8.95308	6.80455	5.77839	11.80664	17.51548	19.61423	14.25541	6.83709	5.04824	10.52473	14.93309	16.01021	12.16495	7.81462	2.80484	6.7435	13.05753	15.25647	11.01732	8.04663	4.11217	9.45847	15.71963	17.86014	12.43722	8.65211	4.98653	9.83463	19.43081	20.37879	13.54221	5.96777	3.11068	6.73928	14.24917	16.41199	12.3677	6.80703	4.18105	10.33481	15.23265	20.32536	14.98338	6.37219	2.53265	5.74437	12.85506	16.14039	14.79798	6.66025	3.27363	10.06337	16.36821	17.78286	12.55734	5.64452	4.86663	11.68926	18.13307	17.17633	13.45523	7.6583	4.89572	12.29775	17.98287	20.1588	15.99476	8.51524	4.3234	13.45556	20.3247	23.1686	19.25057	6.11967	4.84011	10.67075	15.21634	14.78502	9.42975	6.10111	4.67972	13.28187	20.26836	21.89071	15.45007	4.15488	4.0902	5.97573	11.70843	13.48913	9.0113	5.9073	4.72145	10.26575	20.80642	25.29699	16.88496	4.38052	3.5593	8.16183	18.80533	23.74886	18.2974	8.40595	3.13048	7.76108	17.7434	22.40149	15.5375	6.18846	3.6242	10.68308	20.36292	20.79347	14.7152	6.20332	4.1494	9.67469	21.49872	21.26228	14.44442
797.37Hz	5.37397	4.63082	10.76411	14.15012	16.83998	9.8542	7.96776	5.01217	12.09868	18.06243	21.14063	14.74003	7.98615	4.58945	10.87609	15.95711	16.71247	12.82432	9.08676	2.53756	6.65336	13.02325	16.51979	12.57897	9.33221	3.92491	9.2697	16.16832	19.6147	13.99731	9.83229	4.6577	9.95068	19.86699	21.70202	14.20647	7.08819	3.03605	6.53974	13.76217	17.99437	13.06448	7.94371	3.69829	10.0482	15.14541	20.59234	16.39599	7.38085	2.21033	5.51033	13.00572	17.07425	16.50357	7.83796	3.10679	10.00594	16.71924	19.33189	13.84114	6.76388	4.49802	11.31296	18.23055	17.66327	13.27327	8.85476	4.66637	12.2355	17.50545	20.32037	16.67125	9.8811	3.77539	12.97153	20.06299	25.35901	18.90455	7.20172	4.27618	10.75107	14.71767	15.33411	9.69609	7.09385	4.6043	13.13492	21.09751	24.30358	16.5736	4.85443	3.92004	5.81424	11.7376	13.95014	9.90831	6.80349	4.23277	10.37548	20.61586	26.55443	18.53254	5.06451	3.13375	8.28089	18.67451	25.49502	19.78695	9.68269	2.89158	7.78456	18.00518	23.44565	16.32563	7.28271	3.57336	10.58277	20.26825	21.542	15.62726	7.29615	3.81253	9.86982	21.29003	22.91275	15.43059
812.32Hz	6.13011	4.09007	10.34038	14.57574	17.72538	10.13785	9.20276	4.8348	12.73545	19.77249	23.11621	17.55194	9.29083	4.00758	10.7818	16.18114	17.43997	15.10719	10.18419	2.50644	6.28552	13.11918	17.41572	13.65175	10.60576	3.85232	8.86758	16.97804	20.35462	14.68948	11.04183	4.32481	9.8593	19.952	22.52608	15.67037	8.16192	2.79388	6.69962	13.54133	18.51751	14.34149	9.04397	3.64206	9.59056	15.57356	20.96541	17.61996	8.41267	2.07488	5.58382	13.28129	18.68147	17.99703	8.78473	2.90148	9.7185	17.26369	20.24524	15.42142	7.73681	4.35717	11.20023	18.48524	19.07459	13.9132	10.30337	4.71906	12.82643	17.56318	20.63953	18.01849	11.25934	3.21571	12.93267	20.74981	29.24497	22.46615	8.32991	4.04506	10.0921	15.08634	16.3284	10.58975	8.11524	4.33454	13.14266	21.48893	25.74086	18.81625	5.55646	3.71403	6.04089	11.75533	14.42959	10.34779	7.82948	4.14312	10.02234	20.42607	27.57056	20.12453	6.41021	3.11103	8.08487	19.51222	26.54448	21.41236	11.08286	2.46444	7.84225	18.41004	23.82499	16.85169	8.30975	3.36894	10.41337	20.04729	21.35803	15.56006	8.36669	3.66019	9.56094	21.65886	24.03321	15.29332
827.27Hz	6.76494	3.80112	10.02203	14.53102	18.44754	11.16821	10.29559	4.73312	13.55428	20.69455	22.98306	17.63982	10.46146	3.69042	11.21535	16.65698	18.78414	16.11703	11.2703	2.29928	6.27451	13.87906	19.25792	15.06069	11.55677	3.85002	8.9685	16.91683	20.52855	14.96986	12.32812	3.92959	9.90912	20.15969	22.74986	16.37735	9.30639	2.57001	7.60428	13.66321	19.04721	15.1658	10.03211	3.60263	9.45502	15.90482	21.2876	18.29705	9.23318	1.97479	6.10621	13.43039	19.43804	18.22343	9.77853	2.64817	9.62058	17.66009	21.64578	17.34974	8.84026	4.18326	10.7612	18.52228	20.54082	15.33117	11.56101	4.60297	13.45919	17.47269	20.78173	17.86061	12.48904	2.80184	13.36644	20.37169	30.48508	23.55463	9.03654	3.82703	9.67544	14.96506	15.93972	11.59599	9.39198	4.11306	13.32846	21.7735	27.96886	19.89687	6.31189	3.68715	6.21751	11.34287	15.07682	11.98245	8.93822	4.06239	9.76443	20.34897	28.6425	21.92685	6.93894	2.84879	8.06259	19.32108	27.41935	24.10937	12.02007	1.98301	8.07523	18.31393	24.00195	18.34134	9.25405	3.11784	10.53481	19.6194	21.75248	16.21799	9.42487	3.59909	9.61868	21.75957	25.12966	16.20873
842.22Hz	7.17484	3.66125	9.35488	14.18498	18.09041	10.7758	11.20169	4.83887	15.02443	20.77863	24.40575	19.93169	11.3573	3.46611	12.00491	16.41407	20.467	19.20333	12.13395	2.05286	6.98899	13.91484	20.33831	15.97573	12.47701	3.82818	9.48786	17.35511	20.29596	15.93687	13.26887	3.32995	10.59732	20.33989	23.25724	17.52589	10.37234	2.21997	8.38747	13.53733	20.22822	16.73535	10.99762	3.496	9.91748	16.05899	20.87382	19.03152	10.01938	1.67992	6.86525	13.24661	21.02437	19.87959	10.5177	2.29397	10.10806	17.49861	22.57179	18.90703	9.71806	4.13702	10.73644	18.83811	22.24686	16.75411	12.60186	4.43286	13.82156	17.63869	20.00611	18.4223	13.43509	2.35242	14.55922	20.41705	32.59199	26.20002	10.06076	3.77186	9.81492	15.31419	16.0165	12.33002	10.50284	3.76266	13.68814	22.72318	28.38629	21.77266	7.13187	3.6059	6.67878	11.17724	15.88154	13.16505	9.74211	3.8349	9.75024	20.27222	29.99068	23.22556	7.77466	2.7014	8.60838	18.94527	28.59838	25.46305	12.86534	2.24596	8.94605	18.61088	24.93441	20.22643	10.13397	2.79945	10.93065	19.13863	23.61177	16.83982	10.23547	3.23243	9.89025	21.98981	25.86434	18.1478
857.17Hz	7.57378	3.51677	9.09149	14.26327	17.40244	11.4645	11.87295	5.01252	16.20245	21.05529	24.60069	21.38794	11.98223	3.2364	12.77055	16.20837	21.07261	19.92726	12.58806	1.70688	7.69884	14.94448	20.88105	17.15553	13.10229	3.03163	9.89126	17.91826	21.60268	15.57545	14.02147	2.76974	11.2295	20.08376	23.51783	18.54924	10.97994	1.8884	8.81859	12.98916	21.22209	17.18205	12.12228	2.8723	10.41421	16.17601	21.89436	20.80268	10.58277	1.06542	7.27329	12.95731	22.92208	20.19362	11.14546	1.6999	10.40523	17.7716	23.18934	19.36156	10.42999	3.5975	10.89961	18.96764	24.04987	18.12444	13.13306	4.02225	14.50878	17.92215	19.52106	18.53892	13.89168	3.49865	15.09706	19.5675	33.18449	28.57176	10.66801	3.54825	9.66832	15.66514	17.09802	13.63477	10.72106	2.99627	13.93743	21.96439	28.00555	22.83743	7.63124	3.39768	6.55818	11.00538	15.26955	14.95246	10.37835	3.54799	9.84122	19.94738	31.94113	24.5592	8.39463	2.49768	9.30122	18.9904	29.7022	29.11639	13.29044	2.36762	9.92699	17.67414	25.73076	21.13834	10.75041	3.00546	11.17322	19.6309	23.99828	18.1861	10.83635	2.74198	10.62393	22.68047	27.50756	19.43558
872.12Hz	9.75024	4.15947	9.36023	14.01889	17.69853	10.99427	12.13678	5.46433	17.33405	20.64667	25.0473	21.7139	12.24996	3.28839	13.76874	15.54892	21.09415	20.7826	12.70124	1.48293	8.42916	15.16019	21.46791	18.75083	13.33395	2.54092	10.35138	18.66512	20.91645	16.625	14.28779	2.12483	11.82379	20.41431	23.22952	19.47884	11.4443	1.97364	9.90179	13.35388	21.81784	18.88102	12.33554	2.20405	10.89011	16.21925	22.21757	21.33213	10.85616	1.69141	7.7003	13.63852	23.68393	21.08826	11.35094	1.70096	11.16172	18.87294	23.15565	21.46322	10.95907	2.70573	11.36698	18.69651	25.32416	18.97761	13.42555	3.69617	15.04578	18.81317	19.90916	18.56472	13.7923	3.65338	16.08901	18.82493	33.95013	29.50496	10.9711	3.34162	9.26381	16.82022	17.64276	14.45435	10.95059	1.97629	14.22373	22.73494	27.34985	23.20713	7.86166	2.96205	6.88346	11.2537	15.3894	14.34567	10.65457	3.37009	10.17915	20.4686	33.13111	25.42451	8.92584	2.67195	10.03379	19.13563	31.6099	30.9671	13.32864	2.7846	10.95929	16.64559	26.55649	21.7601	11.05279	3.03464	11.89735	20.1991	24.60338	18.88824	11.18825	2.18283	10.93878	23.45925	28.11129	20.97634
887.07Hz	8.49667	4.82508	9.41686	13.70905	16.49338	10.48075	12.06959	5.93152	18.91556	19.64398	25.90711	23.07842	12.34545	3.70643	15.0716	14.8674	22.21748	22.54874	12.54916	1.40105	9.66204	15.37845	22.25952	20.71468	13.27771	2.06382	11.35651	18.66116	21.08164	18.10317	14.2602	2.1968	13.17064	20.12059	22.99829	19.03554	11.38418	2.57416	11.48723	13.69285	22.36498	18.91452	12.33307	1.72642	11.88984	16.48127	22.92044	22.08362	10.79709	2.09088	9.00931	14.04471	24.04921	21.50986	11.38701	1.71971	12.01304	19.50402	22.75373	21.375	11.05775	1.88221	12.37993	18.38577	25.35563	19.46308	13.46692	3.49971	16.00378	19.33501	20.18878	18.65151	13.80538	4.29069	17.33971	18.93528	33.00834	31.63599	10.9573	2.81996	9.65219	17.78126	18.27261	14.79221	11.08427	2.39415	15.12262	23.28299	25.4641	23.67391	8.06625	2.60865	8.14672	11.45458	14.64225	13.71015	10.75359	2.67425	10.41947	20.66983	34.83695	26.69612	8.99056	3.2815	11.61004	19.16529	32.89846	32.28123	13.24907	3.29794	12.44058	15.94175	26.88809	22.08385	11.05456	3.22297	12.77758	21.00768	25.27456	19.07432	11.16561	1.67249	11.67711	24.13011	28.3267	21.49751
902.02Hz	1.55764	2.01088	1.85872	1.27203	2.38187	2.00738	11.6901	6.26874	19.56891	17.2898	25.86949	23.16147	12.01724	3.59608	16.02363	13.71246	23.23933	23.51387	12.24854	0.95508	11.51455	15.88353	23.63228	22.49721	12.86887	1.79769	12.94045	19.15698	19.93293	17.99955	14.02501	1.53315	14.8281	20.18107	22.76768	19.28544	11.25085	2.91828	13.12798	14.1923	22.32871	19.25451	12.01371	2.13562	13.11449	17.48144	22.73014	22.75969	10.52406	2.43924	10.95677	14.13699	24.03966	22.01589	11.17057	2.21236	13.20008	19.60145	22.23698	21.82411	11.07649	1.91387	13.34571	18.13121	25.62561	19.36977	13.20167	3.45055	16.77672	19.90954	20.95047	19.55521	13.01706	4.31491	18.63108	18.46198	31.49535	30.17937	10.75359	2.43411	10.20192	18.50601	18.70968	14.63988	10.87419	2.64065	15.95665	23.07247	23.88792	23.28418	7.92567	2.39397	9.37243	11.14853	14.33027	12.79183	10.6238	2.13668	11.58586	21.25626	36.15264	28.52086	9.03619	3.80422	13.65313	18.97812	34.39441	32.25509	12.6114	3.59149	14.35016	16.28132	27.2195	23.66995	10.91628	3.2433	14.09327	21.12492	26.5957	20.33104	11.02238	2.12695	13.02957	24.45464	29.14049	22.17928
916.97Hz	0.98112	1.71274	1.47406	1.40711	1.282	1.07527	11.13661	6.10111	20.92704	17.40531	26.83029	22.47798	11.38453	3.49069	16.81235	13.09487	24.67794	22.92953	11.38135	1.14464	13.54995	15.63251	23.54015	23.08919	12.15694	1.1121	14.80701	18.73603	19.35773	18.30954	13.40256	1.44721	16.66058	20.29734	21.63309	19.36604	10.63405	3.17628	15.06612	13.83761	22.05559	19.46043	11.49346	2.53933	15.02226	17.88878	23.05167	23.16684	9.87119	2.69883	13.05963	14.18699	23.76712	23.04019	10.71787	2.51828	14.74313	19.38722	22.03693	22.6931	10.78931	1.82191	14.58336	18.1523	24.82115	20.69574	12.43952	3.26682	18.26158	19.81953	22.0933	18.61241	12.1382	4.18724	19.6973	18.32874	27.72425	27.76082	10.38825	1.89442	11.81185	18.78824	19.24252	15.29517	10.42928	2.75595	17.59324	22.47906	23.33518	22.36319	7.75238	2.23977	11.33445	11.56342	15.31494	12.33388	10.33025	1.52926	13.49274	21.79534	38.41927	28.82602	8.69207	4.14745	15.70577	19.37378	36.18321	32.98231	11.57056	3.69405	16.76531	16.43392	27.25695	24.20564	10.4261	3.17964	15.57403	20.97041	27.92197	19.90001	10.46076	2.29936	15.06859	24.20571	29.8995	22.74158
931.92Hz	0.52298	1.53231	1.04181	1.04039	1.00866	1.55078	10.11169	5.89651	22.11103	16.52123	27.65803	22.86072	10.46712	3.24401	18.26331	12.94478	25.61774	23.04874	10.52866	1.29513	15.21355	15.32668	23.95076	22.50646	11.09842	1.23465	16.67424	18.39355	20.93349	17.06775	12.41689	1.52324	18.07189	19.04403	21.78395	18.19802	10.02044	3.03216	17.53224	13.44486	22.61927	20.29254	10.69984	3.00015	17.18785	18.58232	25.8328	22.79045	9.0758	2.87973	14.78703	13.81524	22.73359	24.3021	9.93698	2.93261	16.86036	18.73572	22.02493	21.96147	10.03317	2.02227	16.54391	18.21229	24.56486	20.8623	11.5886	3.15117	19.7919	19.04328	23.24835	18.3782	10.79639	4.09281	21.4338	17.88316	25.10694	25.96702	9.52495	1.58054	14.26811	18.53174	21.70192	14.38993	9.40754	2.80281	19.48633	20.99136	24.45564	22.91808	7.19482	2.28416	13.16282	11.20744	16.37665	11.78329	9.53132	1.58071	15.13194	21.73327	39.99196	30.20507	8.16228	4.28839	17.47357	18.55827	36.18604	32.20651	10.48021	3.72376	18.34293	15.60917	27.44359	24.28627	9.79551	3.00758	16.97331	21.10007	29.0471	19.80747	9.68375	2.73915	17.22715	23.29957	30.50025	21.71102
946.87Hz	0.58395	1.14606	1.24749	1.28624	1.62201	1.98096	9.17907	5.48113	23.0379	15.60099	28.38859	19.97319	9.30497	2.59538	19.37639	12.74673	25.69387	21.75591	9.24556	1.65551	17.5069	14.88752	23.60332	20.95189	9.86872	1.75949	19.10035	17.42605	23.27598	17.18442	11.15288	1.63288	20.39853	18.39576	23.00205	17.19492	9.03866	3.10502	19.66639	13.36856	23.31745	20.11581	9.68092	3.62933	19.32789	18.58908	30.54065	22.14016	7.94159	3.13013	17.02486	13.13412	20.52293	24.2712	8.82469	2.93773	19.38925	16.8276	22.72318	20.65234	9.14264	1.99645	19.20402	17.59833	27.23612	21.77774	10.32177	2.86046	21.70374	18.04779	25.31417	17.34321	9.50267	3.93631	23.21106	17.76185	25.13066	23.2175	8.55202	1.2755	16.38034	17.98236	24.19737	11.95293	8.45759	2.86382	21.36523	18.40119	25.7927	22.57819	6.53116	2.03518	14.86426	11.16886	17.8069	10.28917	8.52585	1.89654	17.28737	21.24667	42.80913	31.73042	7.36759	4.25143	18.79903	17.48776	36.35325	31.63692	9.08712	3.63481	19.9553	15.17624	27.85475	21.81984	8.82116	2.68893	18.24978	20.80153	29.27835	18.5807	8.7819	2.81271	19.45817	21.5204	31.7021	21.53818
961.82Hz	3.07248	4.19447	15.39275	16.04794	17.02839	11.00688	7.22718	4.71491	22.9982	13.54632	28.46368	16.93307	7.69756	2.22492	19.63182	12.6256	23.3308	18.97929	7.33788	1.72324	18.54819	13.66153	23.80474	19.01808	7.75238	1.92695	20.09751	15.55506	23.24937	12.43706	9.12637	1.93243	20.96506	16.76982	23.31953	15.13499	7.44575	2.88857	20.36131	13.24575	24.05449	19.01418	7.95856	3.81076	20.91736	16.79939	30.54375	19.93458	6.25106	2.93013	17.78873	12.13904	20.13615	22.79819	7.26113	2.99167	19.95441	14.40078	22.74464	16.83653	7.74601	2.09901	21.03093	16.59237	28.48348	21.43056	8.41161	2.1411	21.88579	15.96054	25.55612	16.24975	7.17979	2.78955	23.28003	17.50863	24.8025	18.51584	6.90181	1.91228	17.64992	16.6421	24.98921	11.23791	6.8385	2.28363	21.78199	15.71205	26.0581	20.88767	5.27211	1.82704	15.50816	10.65866	18.80126	10.12144	6.98315	1.59751	18.06809	19.96431	42.05085	30.00286	6.12233	4.12128	18.97467	15.78835	35.12517	28.11093	7.15822	3.00475	19.93951	14.99353	27.73353	17.02057	7.34354	2.18318	18.66627	19.47431	28.95817	17.7354	7.14124	2.6716	20.13182	19.69522	31.64036	20.57595
976.77Hz	6.13771	4.95551	7.24847	9.96383	2.76705	1.84327	5.38493	3.57539	21.84321	12.37551	28.29458	16.33206	6.02754	1.16922	19.35163	11.9855	21.9492	13.92216	5.2997	1.60246	18.73293	12.15705	22.08514	17.57394	5.71844	2.30644	20.1274	13.79747	22.98768	11.22116	7.33611	2.25852	21.13088	15.47832	23.70065	15.91823	5.70076	2.18566	20.31383	12.579	24.50056	16.9927	6.01092	3.84896	21.21258	16.46071	30.43201	17.97929	4.49334	2.52235	17.86154	11.32034	19.09087	19.94284	5.51331	2.9609	20.1808	13.96573	22.38899	12.65732	5.94797	2.17258	20.94923	15.6952	28.66239	20.39543	6.38581	1.25835	21.49605	15.54131	26.32265	16.43682	5.32339	2.0739	22.54613	16.28706	23.99594	15.1187	5.15222	2.36002	18.08908	14.95126	26.18304	12.25137	5.63356	2.84048	22.24246	15.54012	25.55954	17.22239	4.29051	1.05906	15.64662	10.49402	19.35455	10.59955	5.37149	1.53863	18.00584	18.85884	41.45773	28.32665	4.8226	2.90838	18.76817	15.4689	33.02516	22.50983	5.00226	2.17523	19.46883	14.40056	28.07195	18.00602	5.82772	1.73863	18.52012	17.96411	27.50701	16.32129	5.49457	2.17487	20.09862	17.90973	31.0538	20.6756
991.72Hz	4.08905	4.94375	9.22037	11.73696	11.77345	13.83773	3.40899	2.18725	19.92634	12.23006	27.43287	14.11086	4.63657	2.75064	18.02264	11.5899	20.53675	11.22399	2.78548	2.43058	18.29514	11.94671	21.26475	17.4998	3.61412	3.33543	19.62639	13.03974	22.07984	11.12259	4.90819	3.23181	19.88355	14.44866	23.94494	16.61645	4.07212	1.36109	19.39102	12.03497	23.30901	14.08316	3.9112	4.04029	20.78959	14.50007	30.70425	15.95387	2.68999	1.39875	16.97848	10.95602	18.37814	14.77236	3.23358	3.30113	19.7072	13.76675	21.64792	10.74021	3.85603	3.17504	20.22408	15.24401	28.94542	17.05449	4.36955	2.66011	19.81197	15.68459	25.73421	15.92899	3.57699	2.90944	21.38398	15.09384	26.38396	12.49507	3.03941	3.30944	17.57702	14.15025	26.21973	12.19394	3.24242	2.12925	20.3579	15.554	24.68683	15.22868	3.71226	1.52855	15.12704	9.8578	20.16949	12.22877	3.39874	2.23199	17.4371	17.48507	39.54391	25.77271	3.70271	1.74269	17.33684	15.36519	31.26927	19.14721	2.95771	1.70361	18.04961	14.1934	29.15795	20.6117	3.91933	1.88982	17.96322	17.35726	26.5482	14.87027	3.39343	1.56993	19.18276	16.57331	31.17476	20.02457
1006.67Hz	1.18646	0.89853	1.85379	1.05009	1.83134	1.65857	2.04066	2.55754	18.04399	12.9217	26.2934	12.93098	3.55046	3.65833	16.31655	11.66073	19.04091	10.14683	0.7862	3.43181	17.11703	11.25317	20.7363	13.96837	1.78001	4.36566	18.56799	12.63903	20.42859	10.00581	2.42863	4.30695	18.88037	13.66555	25.00838	18.65487	3.41147	2.56514	17.65509	11.68913	21.66152	11.96144	1.6007	4.94815	19.44774	14.45852	30.56859	13.98377	2.56161	1.82669	15.19578	10.78038	18.09638	9.93879	1.25905	3.96142	18.7378	13.05932	20.73977	10.33988	1.75596	4.20545	18.61967	14.17771	28.64383	15.31627	2.49477	3.91262	18.05655	16.02893	24.59375	13.38819	2.50149	4.05638	19.46016	13.85304	26.17327	12.03685	1.00158	4.13896	16.99263	15.77747	24.84083	11.90898	1.78743	3.27885	18.74191	14.94892	25.65539	13.51405	3.70501	2.5869	14.36024	9.68543	20.15823	12.80158	1.12607	3.04259	16.76036	15.62403	36.89992	23.53767	3.49776	1.71546	15.45453	15.59715	29.09285	14.93292	2.30343	2.8739	16.17539	13.7324	29.46637	21.56881	2.2228	3.71881	16.71699	15.81549	23.68549	13.37975	1.45711	2.50255	17.91402	15.2949	30.73705	19.37402
1021.62Hz	0	0.88368	1.75263	1.37986	2.08637	1.62555	0	3.70378	16.50625	12.98806	24.09302	12.27136	0	5.00403	14.84287	11.87056	17.44243	8.50906	0	4.29511	16.17827	10.72638	18.11996	12.11555	0	5.13577	17.4554	11.85526	21.25299	9.6067	0	5.32445	17.36212	12.78673	25.52429	19.98079	0	3.57875	16.32659	11.44996	19.77985	10.71058	0	5.51437	18.71353	14.6842	26.52777	13.28836	0	2.73208	14.4556	10.6032	16.52948	8.00217	0	4.81729	17.30602	12.42029	19.21688	9.35594	0	5.06097	17.54342	14.46413	28.12626	15.5891	0	4.91296	16.96062	16.27327	22.6755	11.71564	0	5.10642	17.43657	13.36816	25.42164	12.76077	0	4.77804	16.75068	16.61832	23.05034	11.65989	0	4.14497	18.0153	15.10953	26.38911	12.02222	0	3.13702	13.53231	9.59863	19.18826	12.91855	0	3.75506	16.18534	15.64498	34.74666	22.23296	0	2.58159	14.27894	15.30785	26.70456	14.52508	0	3.94834	14.68482	13.35269	26.89234	21.84014	0	4.02349	15.94219	15.32624	22.40864	13.34125	0	3.48309	17.08701	14.83009	29.90505	18.06122
1036.57Hz	0	1.24365	1.25526	0.7369	1.45022	2.14502	0	4.49228	15.20122	13.92353	22.06669	12.02233	0	5.75593	13.80454	11.57213	16.97607	7.99794	0	4.92446	15.50603	10.58392	16.87612	10.89212	0	5.76495	16.37185	11.60951	21.9301	9.34006	0	5.82914	15.92036	12.21459	25.2578	20.59485	0	4.51668	15.31209	11.16093	18.10372	9.13327	0	6.18475	17.25103	15.09892	24.60252	11.63259	0	3.67407	13.38023	10.52092	15.39573	7.91448	0	5.11261	16.37146	12.03051	18.65718	9.07334	0	5.89757	16.46208	15.0659	27.53911	15.21034	0	5.73152	15.87367	16.68321	21.34359	10.17753	0	5.7363	15.91107	12.72162	23.85029	12.51311	0	5.4447	16.21717	16.69652	21.6958	10.66971	0	4.50377	17.28949	14.98897	24.91315	11.04498	0	3.84188	12.74606	9.56974	17.41312	11.689	0	4.42667	15.31996	16.40855	32.00755	21.31535	0	3.33048	13.16697	14.68482	24.18847	13.97681	0	4.66257	13.7717	13.49115	25.19186	21.05518	0	3.93401	14.5987	14.29389	20.41398	12.40155	0	4.04223	15.78234	14.23518	28.44781	17.25943
1051.52Hz	0	1.36053	1.35745	1.09539	1.332	1.63173	0	5.16495	13.93452	14.43142	18.93236	12.2925	0	6.11897	12.28413	11.10825	15.75661	8.76837	0	5.60951	14.02125	10.72848	15.10683	10.00602	0	6.4355	15.17907	11.04484	21.10133	8.36188	0	6.24876	15.01006	12.73061	24.02702	18.38432	0	5.27017	13.69066	11.43195	15.98165	8.25338	0	6.51861	16.54847	15.06718	22.20747	9.73938	0	4.51739	12.1309	10.94961	15.59202	7.80922	0	5.37008	15.34834	12.2094	18.28809	9.1528	0	6.32427	15.97239	15.075	26.90969	14.99627	0	6.4599	14.40825	16.54307	20.50401	9.89637	0	6.32958	14.43354	12.74288	21.11137	13.14172	0	5.81711	15.50882	16.85006	20.25574	10.03663	0	5.33471	16.45209	14.31829	23.27391	11.99715	0	4.57256	11.5226	9.2326	16.29776	10.6876	0	5.04859	14.06922	16.91615	29.99607	20.32425	0	4.0967	11.73926	13.71427	22.63021	14.92219	0	5.23109	13.11918	13.76865	22.5477	19.15109	0	5.06999	15.10546	13.83297	18.95013	11.5698	0	4.41164	14.56006	13.8598	27.355	17.00145
1066.46Hz	0	1.68704	1.17567	0.94371	1.36074	1.90816	0	5.71508	12.66582	14.52952	17.41524	11.53934	0	6.56512	11.39112	10.93076	13.88836	8.86035	0	6.11897	12.68422	10.87592	14.76495	7.33473	0	6.96653	13.78403	10.43169	20.75383	8.6172	0	6.73346	13.34044	12.53603	22.69387	16.79485	0	6.05407	12.13807	11.81771	14.43615	6.50371	0	7.06909	15.06046	15.08924	19.22586	8.17891	0	5.17485	10.65916	10.53173	16.02334	9.43274	0	5.73223	13.73567	11.96309	17.12764	8.61788	0	6.82559	14.97708	14.54123	25.91089	15.03525	0	6.83797	13.30349	16.22831	19.59444	8.21614	0	6.74372	12.73227	13.24526	19.08828	13.02156	0	5.94797	14.83186	16.33903	19.11954	9.96887	0	5.53276	15.41054	13.46825	21.88366	12.17632	0	5.20545	10.54763	9.70583	15.01961	11.02947	0	5.74355	13.02404	16.52769	28.79922	19.2694	0	4.64736	11.02963	12.60659	20.69691	15.53267	0	5.60491	12.01985	13.66308	20.75967	17.24186	0	5.24983	12.21189	13.42948	17.93349	10.38012	0	4.89652	13.13717	12.96812	26.18184	16.09102
1081.41Hz	0	1.72032	1.14663	0.88867	3.02556	3.41059	0	6.08501	11.53436	13.88206	14.83648	10.38378	0	7.29402	9.99953	10.17208	12.89606	9.34722	0	6.64469	11.39019	10.5829	13.75651	6.91957	0	7.46361	12.25942	10.44575	18.68707	8.18759	0	7.30941	11.70602	11.80469	20.73093	14.03413	0	6.62188	10.70823	11.63736	11.67036	6.20465	0	7.37784	12.97524	14.56398	17.45204	7.8856	0	5.99448	9.50767	10.71067	16.64953	10.78509	0	6.1225	12.54067	11.83011	16.34482	9.5491	0	7.35291	13.41635	13.25079	24.84697	15.10661	0	7.35981	12.18842	15.76174	18.13579	6.76642	0	6.99942	10.95461	12.78791	16.1956	12.30473	0	6.41534	13.8438	15.45853	17.81398	10.78183	0	5.73701	13.84972	12.75884	18.78733	11.01041	0	5.57803	9.95687	9.78508	13.30576	10.65324	0	6.33842	11.7283	15.86558	26.89205	18.13856	0	4.99254	10.20262	11.69603	20.01003	16.40594	0	5.96265	10.70961	13.11673	18.47739	15.62454	0	5.5241	10.64891	12.38727	16.37771	9.42211	0	5.48767	11.27963	12.47007	24.15429	15.67908
1096.36Hz	0	1.63688	0.70402	1.19364	2.0152	1.31368	0	6.50623	10.22424	13.67919	13.25574	9.22412	0	7.46378	8.44287	9.49071	12.43764	8.81722	0	6.96476	10.24904	10.53764	13.88494	8.28852	0	7.97006	10.5142	10.09409	17.2335	8.40715	0	7.95503	9.90683	11.45441	18.38154	11.96035	0	7.30021	9.30135	10.88542	11.80608	6.51959	0	7.73434	11.80332	14.42393	15.29112	6.55772	0	6.42011	8.11519	10.11014	15.24213	10.84497	0	6.50941	10.77773	11.663	13.72311	9.34163	0	7.67811	11.75783	12.49808	22.52743	14.9927	0	7.87704	10.60032	15.53669	14.85396	6.31735	0	7.26927	9.37672	11.95557	13.39524	11.43305	0	6.65937	12.26344	13.77464	16.24655	10.355	0	5.97591	12.3256	12.50504	17.4192	10.5385	0	5.83762	8.85427	9.2055	11.87125	10.21494	0	6.54779	10.71535	14.36086	25.13013	18.06928	0	5.47653	9.31404	10.50744	18.44474	15.06702	0	6.3973	9.31656	12.75886	16.03282	13.99019	0	6.38457	9.22412	11.39775	15.47803	7.96969	0	6.04257	9.50325	11.39643	22.47944	14.60241
1111.31Hz	0	1.97839	0.88952	0.95515	2.16078	2.01995	0	6.71985	8.78919	12.21768	11.74187	8.41285	0	7.91577	7.06312	8.81225	11.64798	8.72507	0	7.26166	9.31205	9.74367	13.64449	8.46585	0	8.24167	8.7155	9.90634	14.91831	7.88927	0	8.31258	8.41232	11.60763	15.86892	7.79308	0	7.63655	7.86661	10.10718	11.1875	7.12996	0	7.99552	10.27274	14.23535	13.27353	6.99488	0	6.60243	7.58324	9.94087	14.32439	11.20079	0	6.81498	9.33243	11.96249	11.92197	11.9178	0	8.07174	10.29869	12.17292	19.67906	14.47759	0	8.21232	8.55047	14.42795	12.77471	5.5486	0	7.53204	7.81834	10.69908	12.40889	10.85527	0	6.93735	10.53481	13.10479	14.8785	10.62895	0	6.26096	10.72804	12.19761	14.97467	9.3235	0	6.43019	7.85627	8.60423	10.07971	8.60436	0	6.73435	9.61996	13.06065	22.66976	16.61138	0	5.76866	7.61069	10.1167	16.69681	14.31967	0	6.66609	7.77678	11.61495	14.58292	13.18895	0	6.72038	8.72363	10.38277	16.01339	8.71505	0	6.54071	7.57271	10.14568	20.82457	14.01505
1126.26Hz	0	2.01418	0.78464	1.21673	1.35335	1.47107	0	6.82524	7.88982	11.23732	10.16549	7.14422	0	8.11612	6.2561	8.34632	11.14264	7.82292	0	7.49951	8.22881	9.66766	12.59721	8.1869	0	8.41921	7.33355	9.96547	12.4735	7.42918	0	8.48111	7.23107	11.37123	14.46106	6.65725	0	7.86537	6.20915	9.48024	10.27822	7.9555	0	7.50782	8.38575	13.64435	12.0273	7.80991	0	6.90234	6.58797	10.24873	12.34116	9.8263	0	6.9202	7.56829	11.6046	10.48368	11.63464	0	8.12479	8.43716	12.19129	17.74764	13.71692	0	8.47792	7.24442	13.23704	11.94896	6.38771	0	7.77271	6.26286	9.43826	12.70789	10.78533	0	7.03036	9.06757	12.63766	12.94487	9.83028	0	6.56388	8.48809	11.30993	13.37513	8.8052	0	6.42789	6.25389	7.66915	8.56917	8.0864	0	6.99871	7.90047	11.9174	20.49793	15.45872	0	6.06521	6.48064	9.60369	15.70891	13.20656	0	6.77802	6.73541	10.57716	12.91335	12.0167	0	6.49155	6.22126	9.42073	13.09089	5.92495	0	6.56335	6.94615	9.97318	18.99069	12.13754
1141.21Hz	0	2.30029	0.59917	1.14787	2.12031	1.38928	0	7.01675	6.4168	10.41675	9.68542	7.7973	0	8.1377	4.93193	7.81122	9.05181	5.02319	0	7.60295	7.00052	9.40228	11.33248	8.92195	0	8.6178	5.67547	9.60762	10.91415	7.10899	0	8.63371	6.28103	11.1598	11.69855	5.56231	0	8.01886	5.39143	8.72901	9.85277	8.27617	0	7.65034	6.76856	12.33612	11.21369	8.24086	0	7.15273	5.77626	9.89188	10.62091	9.45918	0	7.07616	6.379	11.19534	9.96521	11.49467	0	8.30993	6.79279	11.52739	16.15652	12.66889	0	8.57607	5.78157	12.01649	10.94771	6.43554	0	7.969	4.80722	8.70191	13.09235	11.3595	0	7.23921	7.21365	12.13364	11.93309	8.95295	0	6.67635	6.94168	10.44568	12.2512	8.78712	0	6.56777	5.12251	7.487	8.48365	5.85114	0	7.21604	7.02426	11.30213	19.05944	14.62007	0	6.14195	5.72586	9.31954	14.19019	13.07998	0	6.81569	6.22781	9.98364	11.60843	10.19158	0	6.68112	5.35363	8.56833	12.08446	5.22201	0	6.79093	5.19103	9.08519	17.26524	10.62746
1156.16Hz	0	2.44706	1.3477	0.91726	1.59321	1.54313	0	6.98244	5.0211	9.82181	9.86443	6.83648	0	8.22311	4.16195	7.23627	8.02352	3.82762	0	7.55185	5.34002	8.74709	9.76619	8.50986	0	8.50604	4.25824	9.04927	9.58492	7.23663	0	8.80365	5.36194	10.92218	9.28077	5.5056	0	8.03549	4.19537	8.45118	9.82325	7.9166	0	7.69667	5.23931	10.33412	10.3516	8.83323	0	7.21303	4.95713	9.39337	9.66334	9.46606	0	7.18138	5.09846	10.37291	10.32673	11.05852	0	8.45051	5.26097	10.77256	14.71321	11.62228	0	8.63637	4.16425	10.99017	9.81743	7.62153	0	7.90357	3.97725	7.73564	13.32127	11.29748	0	7.27457	5.62525	11.52936	10.61725	9.04989	0	7.22665	5.24638	9.06645	11.29648	9.31592	0	6.54673	3.91133	7.48843	9.25196	6.31187	0	7.43036	5.9088	10.91732	17.48392	13.58922	0	6.24841	4.99386	9.02308	13.42703	10.96006	0	7.0408	5.36446	9.45515	11.37634	9.65819	0	6.75238	4.52897	8.06904	10.71493	4.92302	0	6.84823	4.25718	7.84325	15.83941	10.06383
1171.11Hz	0	2.4491	0.54675	0.82439	1.40072	2.48775	0	6.88872	3.7368	8.99965	10.29111	6.55822	0	7.93823	2.74313	6.77104	7.07426	4.58133	0	7.50888	4.3394	8.59565	7.8459	9.13968	0	8.50958	3.11465	8.2008	8.49938	6.59928	0	8.6514	3.75541	9.82049	8.40127	5.41674	0	8.17678	3.83499	7.60218	9.24474	8.31055	0	7.75768	4.12314	8.78247	9.24093	9.39066	0	7.13081	4.26478	8.82304	10.39715	8.31532	0	7.14159	3.78291	9.36397	10.54377	10.18449	0	8.42063	3.41872	9.46954	13.75636	11.16343	0	8.6399	2.8975	10.00309	9.42592	7.39171	0	7.92691	3.67579	7.05713	11.9989	10.66326	0	7.15786	3.9677	10.23903	9.35366	9.2995	0	6.43992	3.89648	6.96224	10.95904	10.05992	0	6.45177	3.28587	7.23271	9.35195	5.53054	0	7.26555	4.59811	9.54054	16.48249	12.76708	0	6.23886	4.03879	8.19269	13.28233	10.81662	0	6.78492	4.47375	8.34994	11.33094	7.5955	0	6.71985	3.80369	7.12966	9.33037	4.92804	0	6.83373	3.30723	7.03218	13.90233	8.88933
1186.06Hz	0	2.23955	0.62999	1.37772	1.30736	1.82236	0	6.77024	3.07827	8.10903	10.70137	7.28827	0	7.95892	1.96396	5.9264	6.68534	4.56559	0	7.32532	3.60563	8.35058	8.25155	8.55034	0	8.25547	2.48928	7.3759	7.34511	6.06616	0	8.46024	2.99123	8.80314	8.12428	5.18053	0	7.78138	3.37363	7.27875	8.66851	7.49834	0	7.82735	3.16992	7.75072	9.0538	8.51467	0	7.0148	3.25559	8.04121	10.36429	7.84768	0	6.9469	3.03924	8.32085	10.06802	9.24965	0	8.34707	2.45781	8.81435	12.26767	10.91934	0	8.39782	2.75612	8.3392	9.8751	8.11001	0	7.60507	3.07005	6.22863	12.00281	10.26729	0	7.06449	3.03994	9.31519	8.41602	8.86364	0	6.36176	3.08278	6.19593	10.63761	9.4227	0	6.17166	2.81819	7.02531	8.78072	4.30395	0	7.23691	3.77124	8.06283	15.00277	12.08984	0	6.06874	3.12283	7.21617	12.90735	11.32698	0	6.61834	3.89056	7.76626	11.13594	7.36781	0	6.72161	2.71377	6.8194	8.97936	5.6372	0	6.71808	2.50927	6.39889	11.99756	8.52446
1201.01Hz	0	1.85025	0.45043	1.41835	1.14202	1.28373	0	6.47263	2.43986	7.06096	10.1585	7.35767	0	7.35981	1.76798	5.40421	7.1114	4.42628	0	6.9492	2.88707	8.26736	8.83767	8.30328	0	7.86926	2.25834	6.65778	7.23655	5.47625	0	8.22983	2.22633	7.73841	8.57682	5.48464	0	7.43797	2.63499	6.60594	8.34241	7.22483	0	7.26432	2.48937	6.86065	9.34204	9.25706	0	6.74779	2.92642	7.593	11.0023	7.27246	0	6.53682	2.87938	6.93428	10.04369	9.09775	0	7.99959	1.90379	7.70258	10.53957	10.91854	0	8.13257	2.22465	7.49433	9.59844	8.84755	0	7.21021	2.65551	5.69105	11.11426	9.83599	0	6.7607	2.56736	8.96077	8.09561	7.30405	0	6.18245	2.41086	6.05687	10.27385	9.00525	0	5.88307	2.44066	6.20758	8.67825	4.10451	0	6.87864	3.00741	7.4352	14.23622	10.93076	0	5.81145	2.56674	6.56558	12.36607	10.59865	0	6.30659	2.71749	6.9194	10.32129	6.26498	0	6.5248	1.92147	5.73108	8.58124	5.43573	0	6.48307	1.88416	5.95606	10.51842	7.33679
1215.96Hz	0	1.65737	0.56489	1.76618	1.47413	1.50272	0	5.9729	1.48164	5.9447	9.77554	7.80482	0	6.72462	1.84645	5.12894	8.05538	4.99555	0	6.46185	2.39326	7.83195	9.06754	7.69601	0	7.26732	2.20122	5.9002	7.3134	5.12053	0	7.68217	2.3838	6.8624	8.9695	4.83768	0	6.77042	1.9327	6.12003	7.98006	6.04944	0	6.93205	2.2243	6.03822	9.3493	9.16968	0	6.16777	2.45286	7.33492	10.46485	6.96167	0	6.166	2.62403	6.39597	9.35423	8.06397	0	7.59164	2.02377	6.72767	9.0435	9.5845	0	7.74265	2.15224	7.11485	9.59067	8.16743	0	6.67635	2.19468	5.16258	10.04924	9.5096	0	6.36105	2.2571	7.55994	8.83179	6.72143	0	5.73612	1.57682	5.48506	9.4934	9.04163	0	5.46327	2.01762	5.48812	7.95094	4.47697	0	6.54071	2.30768	6.94564	13.40755	9.66145	0	5.45354	1.81351	5.66583	12.04217	9.67211	0	5.98086	2.19243	6.28585	10.29651	5.63995	0	5.9508	1.48735	5.48858	8.38379	5.78576	0	6.11172	1.26843	5.57019	9.54254	7.05649
1230.91Hz	0	1.19747	0.67443	1.67127	1.3801	1.3919	0	5.4951	1.25817	5.48749	9.46419	7.61441	0	6.09403	1.92085	4.17479	7.77767	5.17352	0	5.77679	1.89274	6.93872	9.40678	7.02518	0	6.6164	1.95905	5.54603	7.93395	5.10828	0	7.16264	2.5647	6.33828	8.04234	4.6996	0	6.09828	1.54544	5.98037	8.43764	6.02231	0	6.43249	2.15507	5.82712	9.64991	9.68334	0	5.64682	2.35799	7.03229	9.95804	6.71031	0	5.64629	2.15516	5.52169	9.42323	7.18981	0	6.95221	2.28318	5.89525	8.4202	9.07302	0	7.07033	1.84013	5.64165	8.76764	7.83809	0	6.04806	1.94318	4.74915	9.4395	8.74431	0	6.25725	2.12342	7.11441	8.69379	6.4592	0	5.17291	1.38102	5.0693	8.35445	8.08512	0	4.68007	1.65671	5.38107	7.25237	3.46934	0	6.05867	1.62934	6.36408	11.67581	9.20275	0	4.85478	1.42448	5.23179	10.59841	8.87138	0	5.48307	1.99141	5.87478	8.96439	5.18343	0	5.6348	1.42254	5.01113	8.31629	5.69459	0	5.51366	1.4404	5.5344	9.05474	6.10517
1245.86Hz	0	0.99929	0.8316	1.60096	1.37585	1.34942	0	4.95222	1.53049	5.13951	9.36925	7.00964	0	5.26946	2.28606	4.08772	7.28523	5.10213	0	5.20332	1.62961	6.50398	9.12127	6.31149	0	5.84028	2.1304	4.87035	8.10808	4.86307	0	6.56706	2.70166	6.07816	7.39854	4.93346	0	5.21057	1.17214	5.54059	8.93888	6.63746	0	6.1752	2.12262	5.37479	10.0805	9.43919	0	4.90801	2.06656	6.77515	9.69589	6.22177	0	5.13754	1.93792	5.00549	8.12819	6.39217	0	6.41198	2.30387	5.65252	8.31251	7.48489	0	6.46008	2.09901	5.33955	8.58608	7.15574	0	5.41588	2.05635	4.28549	8.50013	8.01844	0	6.05265	2.46453	6.02653	8.32655	6.41665	0	4.74904	1.31776	4.63847	7.70459	6.48416	0	3.8059	1.57536	4.56197	6.10922	3.20528	0	5.53365	1.37983	6.12213	10.92869	8.1967	0	4.36354	1.27249	4.89952	9.71102	8.06795	0	4.70165	1.8594	5.19203	8.22743	4.94703	0	5.09775	1.85251	4.87432	8.39564	5.74973	0	5.08431	1.79981	5.39333	8.25123	5.62631
1260.81Hz	0	1.3701	0.86767	1.44151	1.08534	1.46376	0	4.44541	1.85808	4.63063	7.86786	6.19884	0	4.54727	2.4632	4.25616	7.19673	5.888	0	4.75487	1.86126	6.19193	8.50253	5.42858	0	5.05354	2.13951	4.58792	7.96479	4.79342	0	5.92622	2.67726	5.58002	7.12845	5.05714	0	4.58441	1.41697	5.0224	9.13756	6.24025	0	5.50146	1.8251	4.8951	10.06076	10.05559	0	4.34002	1.96126	6.26932	9.56557	6.46049	0	4.63003	1.93146	4.71796	7.5816	5.24796	0	5.87741	2.43305	5.3022	8.06005	7.02144	0	5.72145	2.59079	5.06192	8.55888	7.038	0	4.80041	2.21055	4.11489	7.54682	6.78695	0	5.38316	2.49866	5.3852	7.99079	6.40301	0	4.23799	1.66869	4.3766	7.25393	5.65776	0	3.04825	1.96241	3.93441	5.39728	2.99761	0	4.97715	1.44376	5.48195	10.09704	7.98664	0	3.74639	1.44013	4.73365	9.03437	7.82868	0	4.04736	1.7606	5.04059	7.56625	5.27923	0	4.52198	1.93924	4.47908	8.49499	6.56375	0	4.40085	2.12041	5.011	7.55772	5.7752
1275.76Hz	0	1.83292	1.43335	1.31915	1.38801	1.47855	0	4.00775	2.34671	4.41493	7.70577	5.82866	0	3.96425	2.61342	4.09893	6.51076	5.20107	0	4.12835	2.11148	5.84905	8.29408	5.43291	0	4.56584	2.71519	4.33465	7.94851	5.07319	0	5.33506	2.82783	5.21004	7.23462	5.78609	0	3.76991	1.83323	4.9104	8.85324	7.05331	0	5.01376	1.99318	4.28582	9.1159	8.94987	0	3.66399	2.00343	6.0882	9.00482	6.78496	0	4.03516	2.12969	4.37066	6.90613	4.75435	0	5.3073	2.67063	5.0907	7.91202	6.71073	0	5.2875	2.79335	4.91546	8.36694	7.30941	0	4.42172	2.60091	3.96162	6.65202	5.61067	0	5.1478	2.92704	5.04243	7.59723	6.65442	0	3.88176	2.01201	3.9028	6.97707	5.79432	0	2.61245	2.27346	3.8161	4.56819	2.78479	0	4.46133	1.74402	5.23776	10.48663	8.47835	0	3.1418	1.64561	4.39674	8.35819	8.09854	0	3.75461	2.16541	5.07507	7.1029	5.39042	0	3.96673	2.27558	4.14548	8.29032	6.86816	0	3.94834	2.14181	4.99862	7.63122	6.11278
1290.71Hz	0	2.19499	1.34538	1.45839	2.14544	1.28002	0	3.96496	2.37412	4.37119	6.57393	5.74973	0	3.79317	3.11802	3.89988	6.20883	5.6371	0	4.01359	2.42014	5.91433	7.55669	4.58059	0	4.39024	2.99008	4.26668	7.32832	5.33362	0	5.23445	2.96682	4.92267	7.17337	6.78104	0	3.55134	2.28765	4.90604	8.42442	7.22694	0	4.70978	2.2083	4.16049	8.44335	9.06024	0	3.53419	2.29892	6.03634	8.45499	7.20688	0	3.95399	2.39247	4.1889	6.71271	4.99754	0	5.20173	2.77611	4.61155	7.95397	6.90588	0	5.04629	3.09794	4.35284	8.01166	7.74152	0	4.30262	2.77567	3.57674	6.69354	5.68154	0	4.50987	2.85303	4.63489	7.10987	6.90646	0	3.63755	2.22067	3.81673	6.90936	6.11696	0	2.7395	2.69666	3.53095	4.12958	2.85727	0	4.26699	2.07558	4.86909	9.85829	9.0381	0	3.03031	2.06541	4.13306	8.07509	7.36386	0	3.60678	2.28579	4.33089	6.6437	5.61219	0	3.59104	2.50688	3.8788	7.60254	7.1894	0	3.68786	2.30449	4.17977	7.1238	6.38733
1305.66Hz	0	2.55233	1.7048	1.45651	1.72852	1.56478	0	3.96275	3.1048	4.18726	6.55079	4.97098	0	3.83543	3.18645	3.83967	5.49107	5.81724	0	3.72234	2.69777	5.24481	7.20373	4.77553	0	4.64294	3.34631	3.95322	6.12372	5.10184	0	4.91579	3.05321	4.17227	6.70751	6.26688	0	3.58804	2.82863	4.46268	7.72665	6.98646	0	4.44418	2.57841	3.92075	7.86175	8.18034	0	3.59449	2.46369	5.52238	7.92066	7.23721	0	3.88202	2.64127	3.98446	6.26039	5.68652	0	5.05142	3.14507	4.53237	7.77471	8.02917	0	5.07574	3.29326	4.14951	7.62805	7.6218	0	4.30598	3.08402	3.25455	6.25709	5.76147	0	4.45275	3.17646	4.3467	6.83018	6.9699	0	3.71978	2.46431	3.58746	6.88455	6.22078	0	2.76912	3.03362	3.39201	4.64087	3.12514	0	4.21907	2.37779	4.5291	9.6072	8.36467	0	3.00325	2.42823	3.83974	7.82827	7.12087	0	3.48158	2.69326	4.33273	6.35247	5.84334	0	3.49953	2.61342	3.74588	7.07667	6.77364	0	3.63313	2.60873	3.9085	6.60027	5.89124
1320.61Hz	0	3.02005	1.47066	1.32871	1.72555	1.3245	0	3.99095	3.18649	3.90406	6.09821	4.81948	0	4.00528	3.52712	3.72897	5.15888	5.1667	0	3.98202	2.87863	5.00487	6.4916	4.88255	0	5.02083	3.83494	4.24206	5.92662	5.34516	0	4.84037	3.30002	4.19621	6.39451	6.57904	0	3.71447	3.01227	4.36317	6.86689	6.30453	0	4.24117	2.79781	3.65941	7.34642	7.52622	0	3.67133	2.70591	5.33319	7.08666	7.81363	0	3.7708	2.95237	3.95499	5.80046	5.41866	0	4.95204	3.34976	4.27205	7.40846	7.91407	0	4.93586	3.40687	3.72862	6.91367	6.93358	0	4.42809	3.27142	3.08689	5.91342	5.26112	0	4.34232	3.2887	3.82329	6.17629	7.23299	0	3.72084	2.6651	3.38662	6.82323	6.68761	0	3.28707	3.27075	3.21579	4.66071	3.0381	0	4.04047	2.48181	4.20404	8.89484	8.1213	0	3.14631	2.62355	3.5929	7.66493	6.37266	0	3.51669	2.8071	3.82566	6.34737	6.06296	0	3.41094	3.10939	3.43196	6.49089	6.75882	0	3.58751	2.86174	3.60433	6.15086	5.79662
1335.56Hz	0	3.41218	1.58057	1.21307	1.43701	1.27377	0	4.03852	3.29405	3.61496	5.55099	4.19106	0	4.29228	3.56837	3.05212	3.74109	4.61059	0	3.97972	3.19573	4.61659	5.84127	4.45317	0	4.59466	3.83012	3.79595	5.79397	4.84662	0	4.68803	3.50466	3.62376	5.62556	5.8461	0	4.03339	3.35258	3.93655	6.00282	5.88179	0	4.20598	3.02403	3.22087	6.34794	6.44709	0	3.74851	2.79423	4.98812	6.23025	7.06222	0	3.85736	3.06611	3.60705	5.26956	5.6543	0	4.84276	3.55426	3.46178	6.76281	7.30891	0	4.81137	3.75501	3.50356	6.27699	6.78398	0	4.49802	3.54533	2.86528	5.1967	4.68101	0	3.99962	3.12535	3.43651	5.50752	6.94112	0	3.59997	2.77226	3.1088	6.3579	6.65975	0	3.76973	3.2128	3.18691	3.98811	3.3294	0	3.93614	2.60953	3.63326	8.26005	7.88836	0	3.35002	2.76214	3.30791	6.72393	6.00938	0	3.50687	2.92655	3.69619	5.67087	5.28966	0	3.35559	2.97721	3.02294	5.59567	5.94612	0	3.54993	2.90378	3.30473	5.83046	5.51656
1350.51Hz	0	3.63132	1.43899	1.01624	1.55846	1.41365	0	4.1875	3.27451	3.26691	4.97509	4.4875	0	4.59899	3.65139	2.80305	3.34794	3.97573	0	3.81677	3.35935	4.49139	5.64161	4.14889	0	4.4692	3.76903	3.16777	4.46831	4.18308	0	4.7119	3.54958	3.35623	5.46498	5.76283	0	4.35222	3.5051	3.59803	5.10854	4.48417	0	4.25585	3.2948	3.19536	5.95479	5.64595	0	4.04047	2.94812	4.44975	5.6375	6.80989	0	3.80439	3.1464	3.23081	4.89636	5.18304	0	4.85142	3.63154	3.34175	6.3576	6.89624	0	4.94966	3.67685	3.01539	5.62659	6.4329	0	4.62658	3.69445	2.69176	4.88159	4.67122	0	3.99776	3.35272	3.13249	5.65669	6.47526	0	3.75311	3.03972	2.79056	5.91122	5.90512	0	3.97716	3.28357	3.10777	4.01042	3.62089	0	3.79767	2.93402	3.42263	8.12158	7.83282	0	3.51633	2.8891	3.33643	6.64484	5.08217	0	3.69175	2.9502	3.57873	5.20917	4.69428	0	3.46461	3.06859	2.94726	5.1758	5.65836	0	3.58574	3.06726	2.92071	5.17277	5.12642
1365.45Hz	0	0	1.48636	0.87704	1.40627	1.43682	0	0	3.44109	2.8464	4.70302	3.90598	0	0	3.92185	2.64368	3.52678	3.3993	0	0	3.2475	4.28058	5.23041	4.35089	0	0	3.86545	3.04655	4.04005	4.04293	0	0	3.68145	3.19894	5.11238	5.34452	0	0	3.57884	3.59432	4.61868	4.62077	0	0	3.54821	3.09273	5.83618	5.38082	0	0	3.00741	4.30521	5.71329	6.03111	0	0	3.2074	3.25212	4.3206	4.82814	0	0	3.84962	2.98798	5.80508	6.3521	0	0	3.87181	2.78294	5.32622	5.35839	0	0	3.76001	2.62688	4.6119	4.19809	0	0	3.25148	2.99578	5.18189	6.30077	0	0	3.23424	2.59505	5.7666	5.80639	0	0	3.41249	2.87453	3.68508	2.91962	0	0	2.97328	3.23212	7.22175	7.54244	0	0	2.94843	3.0252	5.86459	5.07461	0	0	3.01505	3.50957	5.20126	4.95094	0	0	3.14224	2.79938	4.5262	5.08597	0	0	3.29719	2.73904	5.10509	4.80197
1380.40Hz	0	0	1.56215	1.06507	1.3567	1.6252	0	0	3.56978	2.88369	5.05717	4.15192	0	0	4.15992	2.4448	2.99259	3.31731	0	0	3.37217	3.99495	5.20087	4.58662	0	0	4.12871	3.10374	3.87407	4.07346	0	0	3.67172	3.05013	4.58934	4.96732	0	0	3.73702	3.40749	4.24285	4.2919	0	0	3.4677	2.8342	5.86969	5.55772	0	0	3.14565	4.19657	5.08291	5.05568	0	0	3.30913	3.02173	4.12804	4.34158	0	0	4.14581	2.784	5.20634	5.1705	0	0	3.92141	2.66028	4.59001	4.69332	0	0	3.90696	2.40929	4.26398	3.90987	0	0	3.45108	3.03981	4.9589	5.64653	0	0	3.18932	2.51806	5.2791	4.98832	0	0	3.43159	2.93516	3.15275	2.96131	0	0	3.21302	3.20254	7.01052	6.69744	0	0	2.99428	3.05866	5.46668	4.74089	0	0	3.03	3.5481	4.78233	4.401	0	0	3.4139	2.78002	4.18938	4.77298	0	0	3.36262	2.68776	5.03213	4.23606
1395.35Hz	0	0	2.11276	1.29849	1.69207	1.76811	0	0	3.84091	2.61088	4.99607	4.1198	0	0	4.01217	2.59959	3.12112	3.58192	0	0	3.44003	4.15627	4.88953	4.50945	0	0	4.0261	2.94801	3.6771	4.13073	0	0	3.98353	2.93829	4.68214	4.75023	0	0	3.87004	3.58943	4.44629	3.89355	0	0	3.82614	2.85363	5.84839	5.32008	0	0	3.26797	4.23131	4.79997	4.91644	0	0	3.36731	3.0964	4.31014	4.18857	0	0	4.11642	2.71344	5.06015	4.82378	0	0	4.17221	2.53659	4.9265	4.86838	0	0	4.04078	2.36981	4.18639	3.85709	0	0	3.44533	2.71727	4.81004	5.06764	0	0	3.34113	2.44132	5.40427	4.63526	0	0	3.35789	2.69043	2.94686	3.02951	0	0	3.27646	3.00119	6.2843	6.24332	0	0	3.06404	3.04741	5.51956	4.74038	0	0	3.16112	3.40181	4.60672	4.16718	0	0	3.40236	2.47538	3.90277	4.7613	0	0	3.43755	2.69412	4.88331	4.16618
1410.30Hz	0	0	2.51922	1.05611	1.19847	1.55623	0	0	3.62535	2.76671	5.02015	4.08612	0	0	4.12579	2.5451	2.99983	3.49128	0	0	3.66615	3.99933	4.7811	4.15978	0	0	4.09228	2.71554	3.54177	4.02748	0	0	4.06987	2.78342	4.69658	4.3685	0	0	3.84188	3.18068	4.50108	3.90181	0	0	3.73211	2.97969	6.01784	5.26505	0	0	3.36023	3.85514	4.91204	4.6133	0	0	3.52752	2.94518	4.22067	3.91168	0	0	4.22928	2.40878	5.29297	4.50312	0	0	4.12862	2.69613	4.30985	4.3627	0	0	4.11315	2.15666	3.98861	3.8639	0	0	3.56014	2.84014	4.72417	5.02204	0	0	3.54971	2.32704	5.4324	4.59403	0	0	3.45426	3.29196	2.78848	2.99078	0	0	3.59405	2.92564	6.09611	5.96038	0	0	3.20099	2.98669	4.97304	4.66017	0	0	3.15696	3.46711	4.70697	4.03922	0	0	3.48751	2.6403	3.69141	4.50423	0	0	3.61089	2.43044	5.02064	4.21468
1425.25Hz	0	0	3.23393	1.04672	1.23234	1.97068	0	0	3.65338	2.75363	4.43352	4.18865	0	0	4.10841	2.50111	3.34663	3.47856	0	0	3.42442	3.7961	5.17873	4.41892	0	0	4.17663	2.80036	3.71182	4.06171	0	0	4.15306	2.93046	4.57354	4.21695	0	0	4.05956	3.27856	4.45242	4.09907	0	0	3.86186	2.64309	5.54814	5.09418	0	0	3.35166	3.84513	4.90092	4.55144	0	0	3.57902	2.86598	3.92194	3.71195	0	0	4.31248	2.27695	5.11864	4.65534	0	0	4.22048	2.14123	4.14999	4.49266	0	0	4.16376	2.18518	3.65135	3.91829	0	0	3.59126	2.38422	4.84628	4.69167	0	0	3.57712	2.26302	5.49891	4.53425	0	0	3.29211	3.19763	2.75635	3.04981	0	0	3.59299	2.84708	5.84309	6.03509	0	0	3.21669	3.03201	4.42074	4.39004	0	0	3.11868	3.40561	4.42913	4.12641	0	0	3.69219	2.51563	3.42516	3.8265	0	0	3.56036	2.29379	4.89925	4.10514
1440.20Hz	0	0	2.547	0.87404	1.00481	1.55855	0	0	3.72309	2.66736	4.22226	4.26355	0	0	4.01416	2.62706	3.10438	3.41037	0	0	3.23287	3.86843	4.82674	4.41208	0	0	4.25859	2.49906	3.67502	3.98291	0	0	3.93008	2.78464	4.36489	4.41076	0	0	3.88096	3.02385	4.05698	3.86567	0	0	3.84843	2.39234	5.11302	5.22629	0	0	3.29865	3.95212	5.06554	4.57413	0	0	3.53888	2.87885	3.7414	3.76878	0	0	4.4097	2.27865	5.61193	4.77191	0	0	4.3528	2.10456	4.26807	4.35396	0	0	4.14785	2.01581	3.46753	3.80218	0	0	3.52451	2.34585	4.58375	4.60291	0	0	3.63875	2.34788	5.31562	4.52996	0	0	3.14732	3.1162	3.28714	3.05903	0	0	3.70581	2.69746	5.90983	5.75395	0	0	3.44034	2.73563	4.4544	4.46943	0	0	3.23954	3.22394	4.40533	3.8668	0	0	3.55957	2.37087	3.49132	3.91541	0	0	3.6757	2.2974	4.79059	4.25684
1455.15Hz	0	0	2.85208	0.83287	1.14244	1.90831	0	0	3.58061	2.3206	4.16638	3.93297	0	0	3.96425	2.32938	3.04583	3.39731	0	0	3.18225	3.83087	4.76879	4.48849	0	0	4.10329	2.68975	3.65872	3.89854	0	0	4.03821	2.5592	4.35589	4.47374	0	0	4.00223	3.06375	3.98888	3.87555	0	0	3.96337	2.45467	5.31088	5.10464	0	0	3.39604	3.59892	5.13162	4.35564	0	0	3.59096	2.70419	3.72472	3.69277	0	0	4.45306	2.27279	5.66974	5.0395	0	0	4.18251	1.99957	3.85208	4.32892	0	0	4.23485	1.88056	3.30475	3.99474	0	0	3.52964	2.20624	4.68795	4.85697	0	0	3.55382	2.13425	4.77878	4.56337	0	0	3.20745	3.0147	2.73192	3.19398	0	0	3.75267	2.6313	5.47003	5.33619	0	0	3.35625	2.8122	4.11288	4.16973	0	0	3.17827	3.1935	4.48916	3.99334	0	0	3.55798	2.37237	3.14156	3.68509	0	0	3.62645	2.05536	4.78406	4.08813
1470.10Hz	0	0	2.99419	0.97368	1.34966	1.83568	0	0	3.65789	2.31248	4.10405	3.94111	0	0	3.96041	2.27689	2.8104	3.45384	0	0	3.4257	3.80492	5.1162	4.2689	0	0	3.94515	2.36237	3.55726	4.00654	0	0	4.03074	2.52761	3.98491	4.39858	0	0	4.10974	2.9978	4.05341	3.84261	0	0	3.9975	2.39428	5.18642	4.73322	0	0	3.51386	3.48625	4.54536	4.35701	0	0	3.57654	2.58222	3.64661	3.69954	0	0	4.41774	2.24032	5.15801	4.3761	0	0	4.12813	2.25687	3.87787	4.06123	0	0	4.22146	1.86486	2.9661	3.71327	0	0	3.62252	2.23376	4.50333	4.41741	0	0	3.5643	2.03188	4.67497	4.30985	0	0	3.28013	2.76085	2.90795	2.96271	0	0	3.60851	2.3312	5.13209	5.15229	0	0	3.29149	2.66711	3.7863	4.17659	0	0	3.21801	2.90515	4.40911	4.02679	0	0	3.51872	2.38223	3.10879	3.76485	0	0	3.51629	2.01791	4.75097	4.19661
1485.05Hz	0	0	3.23629	1.89529	1.21696	1.68809	0	0	3.56501	2.2448	3.37449	4.04417	0	0	3.82937	1.94303	2.88529	3.32194	0	0	3.26841	3.6597	5.32287	4.20458	0	0	3.91602	2.24438	3.73888	3.85941	0	0	3.9711	2.42171	4.08378	4.51447	0	0	3.94692	2.89214	3.86389	3.95897	0	0	3.9009	2.27019	5.15545	4.70392	0	0	3.29025	3.46053	5.01332	4.33918	0	0	3.53919	2.58092	3.62362	3.73943	0	0	4.3585	2.09727	5.31691	4.48436	0	0	4.17252	1.73762	3.58533	3.9709	0	0	4.06615	1.64474	2.96118	3.87284	0	0	3.52522	2.12169	4.55399	4.45334	0	0	3.56112	1.89582	4.05945	4.22443	0	0	3.32513	2.78867	3.13221	3.10188	0	0	3.61876	2.19925	4.86399	5.0849	0	0	3.24998	2.71455	3.82391	4.09317	0	0	3.17938	2.8319	4.06927	3.9167	0	0	3.46253	2.35944	3.00462	3.79101	0	0	3.50917	2.00737	4.37656	4.23252
1500.00Hz	0	0	3.2443	1.43135	1.72375	1.83427	0	0	3.50267	1.96329	2.97368	3.88242	0	0	3.73676	2.0864	2.6441	3.2477	0	0	3.1582	3.37148	5.11024	4.0493	0	0	3.85634	2.39314	3.41956	3.7485	0	0	4.08198	2.32549	4.03695	4.45964	0	0	3.85563	3.18912	4.04924	3.80407	0	0	3.83693	2.09338	5.21674	4.60546	0	0	3.34741	3.14978	4.80182	4.20644	0	0	3.57915	2.30234	3.27983	3.63804	0	0	4.31235	2.09922	5.11976	4.22511	0	0	4.1391	1.87022	3.47742	3.79227	0	0	4.02738	1.67164	3.1697	3.77795	0	0	3.49551	1.84405	4.06029	4.2989	0	0	3.37407	1.91217	3.97775	4.1766	0	0	3.05245	2.40128	2.4832	3.14823	0	0	3.74962	2.12065	5.28461	4.98191	0	0	3.19755	2.72403	3.45338	3.92003	0	0	3.0391	2.58482	3.97763	3.86012	0	0	3.49732	2.14172	3.2133	3.91779	0	0	3.37871	1.83264	4.30484	3.94319
Result	PASSED	FAILED	FAILED	PASSED	PASSED	PASSED	PASSED	PASSED	PASSED	PASSED	PASSED	PASSED	PASSED	PASSED	PASSED	PASSED	PASSED	PASSED	PASSED	PASSED	PASSED	PASSED	PASSED	PASSED	PASSED	PASSED	PASSED	PASSED	PASSED	PASSED	PASSED	PASSED	PASSED	PASSED	PASSED	FAILED	PASSED	PASSED	PASSED	PASSED	PASSED	PASSED	PASSED	PASSED	PASSED	PASSED	PASSED	FAILED	PASSED	PASSED	PASSED	PASSED	PASSED	FAILED	PASSED	PASSED	PASSED	PASSED	PASSED	PASSED	PASSED	PASSED	PASSED	PASSED	FAILED	FAILED	PASSED	PASSED	PASSED	PASSED	PASSED	PASSED	PASSED	PASSED	PASSED	PASSED	PASSED	FAILED	PASSED	PASSED	PASSED	PASSED	PASSED	FAILED	PASSED	PASSED	PASSED	PASSED	PASSED	FAILED	PASSED	PASSED	PASSED	PASSED	PASSED	PASSED	PASSED	PASSED	PASSED	PASSED	FAILED	FAILED	PASSED	PASSED	PASSED	PASSED	PASSED	FAILED	PASSED	PASSED	PASSED	PASSED	PASSED	FAILED	PASSED	PASSED	PASSED	PASSED	PASSED	PASSED	PASSED	PASSED	PASSED	FAILED	FAILED	FAILED
