## SPL
Hz	#1	#2	#3	#4	#5	#6	#7	#8	#9	#10			
〔bg=#FFFF00〕18.75	〔bg=#FFFF00〕91.8510199439916	〔bg=#FFFF00〕91.9494605707397	〔bg=#FFFF00〕91.8517211410141	〔bg=#FFFF00〕92.0289141515426	〔bg=#FFFF00〕92.1122435061213	〔bg=#FFFF00〕92.3730912457448	〔bg=#FFFF00〕92.5959210258593	〔bg=#FFFF00〕92.2253653593499	〔bg=#FFFF00〕92.4333475703213	〔bg=#FFFF00〕92.3087676129766	〔bg=#FFFF00〕92.5959210258593	〔bg=#FFFF00〕91.8510199439916	〔bg=#FFFF00〕0.744901081867695
22.5	94.1862090164016	94.6334847589358	94.4051167400985	94.8374682095467	94.4759167417272	94.3777291383086	94.5643400703728	94.1827472054988	94.6836001597093	94.392391446299	94.8374682095467	94.1827472054988	0.654721004047943
26.25	96.553655259714	96.3367045288114	96.5458208091985	97.2043047171239	96.5624050632383	96.4827947804277	96.8264277519139	96.369753811386	96.8586732967985	96.4602751241229	97.2043047171239	96.3367045288114	0.867600188312451
30	98.2248831327344	98.1065927467756	98.2087714426359	98.5870510002721	98.314790640218	98.1399300688457	98.5564895312714	98.2010407136279	98.4251398713275	98.352817635157	98.5870510002721	98.1065927467756	0.480458253496494
33.75	99.6713004116659	99.7653458520692	99.691848191506	100.035929421891	99.8903825377896	99.6417335914941	100.004321440535	99.6860560001783	99.9477272138364	99.9062916159415	100.035929421891	99.6417335914941	0.394195830396782
37.5	100.967599432403	100.994569831679	100.994962677252	101.375240599158	101.215119974261	101.073103159127	101.205379867372	100.857314985004	101.383914601838	101.118737466832	101.383914601838	100.857314985004	0.526599616833337
41.25	102.218799788309	102.111417792301	102.100889829842	102.384482455331	102.214939367581	102.023221477369	102.263900576234	101.920983181158	102.358471935	102.25717866949	102.384482455331	101.920983181158	0.463499274173003
45	103.330739646155	103.189741232032	103.22158150265	103.226114819672	103.112242794436	103.098188048809	103.325133239286	102.849218817897	103.244102936065	103.259467223022	103.330739646155	102.849218817897	0.481520828257516
48.75	104.057023701911	104.081073783778	104.014903705205	104.108116935647	104.135450699407	104.087316863364	104.173005961774	103.617542313675	104.216642838686	104.190767342119	104.216642838686	103.617542313675	0.599100525011437
52.5	104.995330337887	105.106246656148	104.742161898542	105.176633679687	104.976672917861	104.960086912142	105.028513243724	104.739907469371	105.112128881422	105.062013201253	105.176633679687	104.739907469371	0.436726210316365
56.25	105.849764012	105.962687421091	105.707619694563	106.023926506851	105.942556291635	105.866007942715	105.883892379212	105.585286523378	105.926955401432	105.92306444293	106.023926506851	105.585286523378	0.438639983472242
60	106.704806777066	106.723370956875	106.560766381202	106.798839462608	106.763192468514	106.618650845998	106.713271258085	106.501690984201	106.785352339047	106.873174026248	106.873174026248	106.501690984201	0.371483042047473
63.75	107.438417136222	107.408073842886	107.294235075632	107.495444226646	107.471973177176	107.404177433038	107.463546987701	107.251957884004	107.462198084806	107.656243475795	107.656243475795	107.251957884004	0.40428559179098
67.5	108.098736431411	108.048272768034	107.945245242193	108.170741815876	108.061788513071	107.985688739503	108.114149279422	107.891135665612	108.128796035446	108.246811684107	108.246811684107	107.891135665612	0.355676018494506
71.2500000000001	108.661140184965	108.653549191982	108.458780153583	108.690766763582	108.631424390184	108.569535138655	108.640980083535	108.48146434117	108.730580903716	108.784344238617	108.784344238617	108.458780153583	0.325564085033463
75.0000000000001	109.210671020511	109.222104664711	108.912801861508	109.166003230286	109.133524556378	109.089684984841	109.146080896955	108.977147743735	109.226549253015	109.30549628774	109.30549628774	108.912801861508	0.392694426232609
78.7500000000001	109.755693434987	109.735227236364	109.421453103045	109.674202153831	109.625997282786	109.583760557662	109.642994649556	109.49883062245	109.707945861994	109.79465319319	109.79465319319	109.421453103045	0.373200090144607
82.5000000000001	110.27217830263	110.253465716156	109.975199932037	110.207496988617	110.19076014087	110.109897131749	110.166469915402	110.026884781983	110.207824587389	110.364574762103	110.364574762103	109.975199932037	0.38937483006643
86.2500000000001	110.778519231312	110.760451741354	110.543024876059	110.768812909738	110.765546915776	110.657002654035	110.731930119545	110.552939301759	110.726592409187	110.973049662258	110.973049662258	110.543024876059	0.430024786199397
90.0000000000001	111.286151378524	111.226735125246	111.053848386608	111.292658721969	111.299698214974	111.165868281554	111.242933087067	111.071290752537	111.225712925625	111.529864786395	111.529864786395	111.053848386608	0.476016399787056
93.7500000000001	111.746309077326	111.683988743734	111.506436783469	111.744635882991	111.74131603974	111.600140579135	111.683129709728	111.532634466395	111.650978692966	111.963802759479	111.963802759479	111.506436783469	0.457365976009427
97.5000000000001	112.158137620387	112.093754553816	111.881994544955	112.104335991702	112.101988660033	111.990642811102	112.081207108722	111.922366871919	112.026449643326	112.335129655292	112.335129655292	111.881994544955	0.453135110337385
97.4812300227122	112.155808441734	112.091368736304	111.879876050496	112.102309096794	112.100012885003	111.988431280301	112.079014884521	111.920154369934	112.02418438489	112.333085868369	112.333085868369	111.879876050496	0.45320981787367
98.7156561560376	112.29642468172	112.237684384163	112.008102627081	112.225213688277	112.217715261046	112.121939495747	112.209275066419	112.054408518405	112.165634792749	112.45478095606	112.45478095606	112.008102627081	0.446678328979417
99.9657140974381	112.37579518458	112.321283654307	112.080639662712	112.295470654209	112.284425336027	112.197533189156	112.282034129833	112.13070623497	112.247650548521	112.523411269238	112.523411269238	112.080639662712	0.442771606525895
101.231601795918	112.522559188795	112.475927530103	112.214584312162	112.428816524847	112.413140209441	112.338556792889	112.417394738067	112.272883640967	112.399718569358	112.654004647217	112.654004647217	112.214584312162	0.439420335055445
102.513519707152	112.662381762165	112.622440812596	112.341652398448	112.561462110862	112.54561012747	112.475000761691	112.548596224493	112.40989357603	112.543308640224	112.785409802796	112.785409802796	112.341652398448	0.443757404347409
103.811670825231	112.736218993536	112.699035559601	112.409902563779	112.633563481836	112.618738686121	112.54779726402	112.618935718811	112.483111531574	112.61838837213	112.857933713509	112.857933713509	112.409902563779	0.448031149729943
105.126260714802	112.897732548438	112.8637100002	112.565191452157	112.795396697186	112.783914777585	112.708485452072	112.775541730021	112.645814041226	112.780310014951	113.024411015596	113.024411015596	112.565191452157	0.459219563439291
106.457497543624	113.033323449336	112.998771538308	112.702591214834	112.935007620264	112.926796486948	112.844666350215	112.90983100242	112.785050201957	112.91380515909	113.171926957502	113.171926957502	112.702591214834	0.469335742667965
107.80559211553	113.115155816031	113.079010592574	112.788293090487	113.021213632496	113.014793578666	112.927208456201	112.992533275267	112.870214919455	112.993812917632	113.264331747137	113.264331747137	112.788293090487	0.476038656649976
109.170757903805	113.306317077135	113.265091366723	112.991267272811	113.225543865543	113.222169052895	113.119990166969	113.188665508095	113.070450378106	113.18103825132	113.484060138134	113.484060138134	112.991267272811	0.492792865322826
110.553211084997	113.419280478559	113.374587284196	113.112315206723	113.34762849162	113.345426296325	113.233897042799	113.306073781444	113.189199432612	113.292256320098	113.615328959759	113.615328959759	113.112315206723	0.503013753036086
111.953170573143	113.533163749723	113.484804342342	113.236464579816	113.471389233685	113.471040194232	113.349900625297	113.425471579756	113.308771691745	113.405480049723	113.748542211936	113.748542211936	113.236464579816	0.512077632120054
113.370858054434	113.735008606153	113.68055427666	113.45862467606	113.689985521258	113.694727869299	113.557589263265	113.637030126341	113.519636607762	113.607611696956	113.983560915624	113.983560915624	113.45862467606	0.524936239564155
114.806498022327	113.815485031276	113.758771175729	113.547219122997	113.776044715599	113.783548239145	113.640824014516	113.721373533572	113.603422518559	113.688679499077	114.075177434574	114.075177434574	113.547219122997	0.527958311577208
116.260317813084	113.985772042892	113.924481194528	113.732710805607	113.954199414692	113.968850987058	113.816626530222	113.900231395745	113.780736954692	113.860885376518	114.260934999568	114.260934999568	113.732710805607	0.528224193961108
117.732547641777	114.136840465904	114.071706519401	113.894164569973	114.109284898389	114.130111989645	113.971209337674	114.058776976131	113.938061258792	114.013521225235	114.419464135966	114.419464135966	113.894164569973	0.52529956599318
119.223420638744	114.224196016324	114.158069152279	113.981880426755	114.19551156214	114.218274689462	114.058273201787	114.148147818652	114.027048306803	114.101470618855	114.50453014102	114.50453014102	113.981880426755	0.522649714264816
120.733172886501	114.419476024819	114.352957797012	114.171172369371	114.38483399653	114.409398245483	114.250217145187	114.344321157006	114.222774990103	114.297664240706	114.68847931131	114.68847931131	114.171172369371	0.517306941938685
122.26204345713	114.500332519128	114.434885472726	114.246423519615	114.461756875064	114.485715673128	114.328135337388	114.423383494923	114.301750730349	114.378409898552	114.762554337641	114.762554337641	114.246423519615	0.516130818026468
123.810274450133	114.650338440085	114.590506990908	114.377520089734	114.600043499918	114.619385351418	114.46788244687	114.564146070582	114.442404556206	114.526508582116	114.893951621582	114.893951621582	114.377520089734	0.516431531848298
125.378111030773	114.776150582748	114.721528185894	114.486753732268	114.71559414333	114.730685244079	114.584587434395	114.681365299596	114.559803633538	114.650235411908	115.003835441847	115.003835441847	114.486753732268	0.517081709578349
126.965801468895	114.869188736578	114.81825645223	114.567412779316	114.801692612089	114.81305380385	114.672349628402	114.766643197168	114.647721941593	114.741204644411	115.086234606009	115.086234606009	114.567412779316	0.518821826692786
128.573597178236	115.028212287072	114.983067289272	114.706293498574	114.949875908008	114.954901654263	114.823915095784	114.912294376101	114.799333830093	114.896724293833	115.22877263231	115.22877263231	114.706293498574	0.5224791337358
130.201752756243	115.102935883183	115.059147918211	114.777183370294	115.022291149924	115.026616579208	114.898760653841	114.983514549747	114.874278615352	114.971086833026	115.30210778495	115.30210778495	114.777183370294	0.524924414656226
131.850526024385	115.260865661199	115.217793152426	114.935250014415	115.179670967555	115.185733417525	115.062548562959	115.13797550474	115.038336267338	115.130098052452	115.466517134592	115.466517134592	114.935250014415	0.531267120176693
133.520178068982	115.348446704721	115.305700552881	115.026013391902	115.269223468827	115.278582479102	115.153547821646	115.226108361499	115.130337555612	115.21830996977	115.561745362998	115.561745362998	115.026013391902	0.535731971096197
135.210973282544	115.493454824813	115.450949690766	115.186314916998	115.424161814055	115.44613318218	115.30523915556	115.379672789246	115.286187711406	115.36479653662	115.732123357198	115.732123357198	115.186314916998	0.545808440200062
136.923179405646	115.607885038751	115.567100154523	115.311234370456	115.546334013355	115.578725004523	115.425808613263	115.502748745985	115.407006572167	115.481255488842	115.865009044868	115.865009044868	115.311234370456	0.553774674411827
138.657067569315	115.741280772851	115.708806478174	115.449713748859	115.688758005666	115.735297546583	115.568959410223	115.652992093694	115.539176851022	115.619705701428	116.013922808707	116.013922808707	115.449713748859	0.564209059848096
140.412912337974	115.881622659581	115.855838447057	115.594209074925	115.837148993874	115.897192308958	115.718048362949	115.80846032705	115.678162422165	115.764640829651	116.169046406003	116.169046406003	115.594209074925	0.574837331077433
142.190991752914	116.008466103613	115.980489500369	115.718868074945	115.963104778115	116.029411750241	115.849539136634	115.938571268522	115.803048540852	115.894626027789	116.301354705846	116.301354705846	115.718868074945	0.58248663090113
143.991587376321	116.161233746902	116.130989089508	115.868993564498	116.113954935044	116.18687509156	116.007727662404	116.095121395694	115.952924574886	116.051335137692	116.457627524206	116.457627524206	115.868993564498	0.588633959708844
145.814984335868	116.279646485739	116.242614526793	115.994976398281	116.23135485364	116.306620514982	116.123834056682	116.210585912768	116.076431066341	116.168518589809	116.576239915761	116.576239915761	115.994976398281	0.581263517480153
147.661471369861	116.425635975776	116.376663430262	116.149450710557	116.374008283222	116.446524719641	116.262269492497	116.347041288518	116.22960825138	116.310584881806	116.721888710009	116.721888710009	116.149450710557	0.572437999452035
149.531340872962	116.539559057397	116.486766124298	116.263690052639	116.484301160334	116.538597291811	116.362451282665	116.451373906965	116.342134340536	116.41905202124	116.834404948184	116.834404948184	116.263690052639	0.570714895544626
151.42488894249	116.670962207351	116.616517293505	116.397540524724	116.613316124475	116.646895280513	116.478420049547	116.574478535297	116.473534522473	116.543851842587	116.96164901613	116.96164901613	116.397540524724	0.564108491405946
153.342415425311	116.778953402031	116.723731034717	116.501025154262	116.718546833822	116.739295912403	116.57958174506	116.678313383345	116.585172250157	116.647326081804	117.060072547485	117.060072547485	116.501025154262	0.55904739322277
155.284223965316	116.899788045862	116.844847989492	116.610994343276	116.834349343959	116.835535696444	116.690353902368	116.791766313225	116.70448952487	116.760808385258	117.171357873741	117.171357873741	116.610994343276	0.560363530465636
157.250622051504	117.012211113143	116.958153490179	116.717251472631	116.943354220047	116.93691236492	116.796399908079	116.897907393539	116.812722858831	116.861470907471	117.277639472168	117.277639472168	116.717251472631	0.560387999536275
159.241921066677	117.128774215789	117.075591995632	116.833236899756	117.061272971931	117.056587048725	116.91414266621	117.013581800288	116.930390138989	116.970848862722	117.390672156183	117.390672156183	116.833236899756	0.557435256427894
161.258436336743	117.243440304154	117.192326099781	116.955825875025	117.184745071064	117.182507783851	117.033186550207	117.13062578376	117.043744549143	117.085688755098	117.517372648523	117.517372648523	116.955825875025	0.561546773498463
163.300487180653	117.365877520201	117.315239555535	117.087537545631	117.313002100726	117.315423228225	117.158790682342	117.253567794962	117.164586790451	117.205409827878	117.655677530231	117.655677530231	117.087537545631	0.568139984600023
165.368396960963	117.487051743394	117.433963353336	117.222288818734	117.439952199541	117.454715333995	117.289114230102	117.379391944671	117.294093751689	117.329676344441	117.796243321063	117.796243321063	117.222288818734	0.573954502329414
167.462493135038	117.617997491388	117.563029415258	117.363625792701	117.577016397538	117.602448531003	117.428162627623	117.514919225888	117.434565014044	117.464232251371	117.947041437101	117.947041437101	117.363625792701	0.583415644399679
169.583107306911	117.745011577508	117.687387722618	117.493319610313	117.703601105658	117.736492960687	117.557846173583	117.642791099818	117.569659811019	117.588154616195	118.086637793721	118.086637793721	117.493319610313	0.593318183407675
171.730575279785	117.881339288112	117.822625265434	117.627471333146	117.840677641212	117.873269605252	117.695095946775	117.782636393141	117.710144474091	117.721400017505	118.229575860145	118.229575860145	117.627471333146	0.602104526999057
173.905237109216	118.004611011476	117.945986604378	117.741337354339	117.963165201371	117.989979240921	117.816783073477	117.908553047285	117.831205458805	117.841998713734	118.351629257533	118.351629257533	117.741337354339	0.610291903194067
176.107437156956	118.130483372942	118.069799841583	117.852003328585	118.082262328939	118.104513357023	117.941715643341	118.036525152638	117.950142559985	117.966189316002	118.466289020257	118.466289020257	117.852003328585	0.614285691671668
178.337524145486	118.249317210493	118.186928811601	117.95700612469	118.193962539042	118.212991146125	118.058975138183	118.156922724983	118.062031506746	118.087196590043	118.570466319625	118.570466319625	117.95700612469	0.613460194934689
180.595851213235	118.355660352471	118.290609465043	118.051404343179	118.290400152863	118.311637050928	118.161978210016	118.260164473426	118.163198001529	118.196144213597	118.66237220895	118.66237220895	118.051404343179	0.610967865771414
182.882775970501	118.476815699935	118.408283158092	118.161457770484	118.400950158683	118.426066577268	118.276003230143	118.373615681817	118.279891567024	118.317809999592	118.770526402012	118.770526402012	118.161457770484	0.609068631528231
185.198660556082	118.581547640434	118.511870493619	118.264370814418	118.502228763688	118.532077304741	118.373378015068	118.471913632997	118.38403739402	118.424479460029	118.874465073991	118.874465073991	118.264370814418	0.610094259572136
187.543871694617	118.697266626557	118.626827862539	118.383866263633	118.618420545335	118.654594228647	118.482541332294	118.583286707288	118.499968227821	118.541721833917	118.998501262203	118.998501262203	118.383866263633	0.614634998570224
189.918780754657	118.823505485078	118.750819944227	118.516012319524	118.747724344073	118.788745157033	118.604560910003	118.708035749015	118.625051165511	118.661870482248	119.137163534085	119.137163534085	118.516012319524	0.621151214561479
192.323763807479	118.937393879538	118.863138765275	118.636815586987	118.866398735071	118.911596286787	118.722015285188	118.82487407758	118.738641829522	118.769912954446	119.263751909842	119.263751909842	118.636815586987	0.626936322855215
194.759201686629	119.067073676109	118.993057045031	118.775186444412	119.004475107503	119.052268264752	118.864378276586	118.96240250008	118.870765213178	118.895066882435	119.407631806455	119.407631806455	118.775186444412	0.632445362043327
197.225480048233	119.187781961002	119.117882065627	118.903781413557	119.135878237179	119.181120321411	118.997646689794	119.094920410648	118.999982050293	119.015718875996	119.53988593509	119.53988593509	118.903781413557	0.636104521533468
199.722989432065	119.295944177437	119.232095319291	119.016998629707	119.252430387122	119.293666626658	119.113931341934	119.212593302992	119.116914734388	119.127186093641	119.653845617869	119.653845617869	119.016998629707	0.636846988162176
202.252125323389	119.413859526245	119.357958511585	119.136173641499	119.37485341892	119.411580160065	119.235059886033	119.336126996129	119.242087518222	119.250372000028	119.770198227901	119.770198227901	119.136173641499	0.634024586401864
204.813288215585	119.524446383677	119.476139445615	119.242834843473	119.482613082322	119.517204645825	119.343468489406	119.445963952311	119.35552339851	119.365764672042	119.87302589276	119.87302589276	119.242834843473	0.630191049287433
207.406883673569	119.628729131996	119.583262042286	119.340354796418	119.579265681718	119.614035190205	119.442027194019	119.543915879621	119.457185025685	119.470362460256	119.96658295626	119.96658295626	119.340354796418	0.626228159841574
210.033322398015	119.74290164426	119.695330211508	119.446225450758	119.682345342193	119.719660178076	119.548468070496	119.646272233567	119.563175829512	119.579750882539	120.068174182324	120.068174182324	119.446225450758	0.621948731565652
212.693020290387	119.857420926401	119.805283702439	119.558740159992	119.791301906152	119.832515910256	119.661676560282	119.750505615905	119.670035361015	119.688900454952	120.179156992124	120.179156992124	119.558740159992	0.620416832132264
215.386398518803	119.967011644403	119.909689974455	119.67408186263	119.902032725124	119.946228026051	119.771179508842	119.856319026359	119.776145594087	119.794799242889	120.293195396134	120.293195396134	119.67408186263	0.61911353350412
218.113883584723	120.080982000207	120.017932957508	119.798560565715	120.021344217775	120.067903887361	119.88545684433	119.971221580624	119.889664868719	119.906956267152	120.416651274617	120.416651274617	119.798560565715	0.618090708902912
220.875907390489	120.201333634156	120.133689412108	119.930346827608	120.148792017579	120.196761012456	120.008299535425	120.095971279122	120.011312537403	120.027272536363	120.547364609004	120.547364609004	119.930346827608	0.617017781396044
223.672907307716	120.322183579049	120.250347446179	120.054228148309	120.271402308385	120.317722455401	120.129233648438	120.221012442448	120.132667345516	120.147153373495	120.670837232824	120.670837232824	120.054228148309	0.616609084514309
226.505326246554	120.439859905416	120.366922645818	120.169362081776	120.386489711365	120.429701959368	120.245915050458	120.341367720174	120.249383376289	120.264049477599	120.785531184258	120.785531184258	120.169362081776	0.616169102482445
229.373612725818	120.5560942073	120.484129481544	120.277752030384	120.497318751848	120.536481026001	120.35989652449	120.457219306386	120.363187671649	120.379755981035	120.894326434176	120.894326434176	120.277752030384	0.616574403792484
232.278220944016	120.668902107488	120.599216834255	120.379395364455	120.603853149231	120.637902967823	120.468628347619	120.566708911423	120.472212058395	120.491331352284	120.996556887823	120.996556887823	120.379395364455	0.617161523367642
235.219610851271	120.775710320335	120.709317933209	120.478972027173	120.707617284026	120.737933227299	120.572167615801	120.671207952886	120.576539913956	120.598688115559	121.096654015005	121.096654015005	120.478972027173	0.617681987832242
238.198248222155	120.878684996606	120.816414921684	120.581510806162	120.812974805511	120.84291490503	120.674794404793	120.7761239633	120.681624881321	120.7039098148	121.202032016803	121.202032016803	120.581510806162	0.620521210641058
241.214604729447	120.982382205864	120.922042568553	120.690872304515	120.922725687137	120.955193270494	120.781199027875	120.88406787251	120.788678763673	120.810723054171	121.314692984004	121.314692984004	120.690872304515	0.623820679489768
244.269158018817	121.08944360933	121.029485708651	120.807619224826	121.03665727925	121.072855204679	120.892850688627	120.997433857747	120.898704014405	120.919774098163	121.434140060535	121.434140060535	120.807619224826	0.626520835708632
247.362391784472	121.198393474568	121.139485304167	120.927153354406	121.150995079628	121.191655798858	121.007882087172	121.114561442806	121.010975793893	121.029653069087	121.556085949909	121.556085949909	120.927153354406	0.62893259550259
250.494795845741	121.308837906126	121.250267486512	121.043636351821	121.261769414519	121.306669371619	121.123021557918	121.231585663457	121.122072981186	121.139582632068	121.673058120519	121.673058120519	121.043636351821	0.629421768697839
253.666866224643	121.419775495828	121.361435018075	121.153423943765	121.368613702492	121.415830656517	121.234003364657	121.345442877749	121.23078006007	121.247533138883	121.780286648154	121.780286648154	121.153423943765	0.626862704389254
256.879105224433	121.528047553333	121.471788338288	121.257662516997	121.47188780386	121.518124700641	121.339689625066	121.453770840028	121.33849695353	121.352920989468	121.878017572633	121.878017572633	121.257662516997	0.620355055636423
260.132021509142	121.631345253061	121.578266764483	121.357581415712	121.571398112496	121.615783703583	121.442275143926	121.55545717602	121.442937985116	121.452820818563	121.967850939493	121.967850939493	121.357581415712	0.610269523781326
263.426130184123	121.731681130252	121.681114442507	121.457505250865	121.67322894456	121.714481612701	121.543459726716	121.651458857903	121.546219160824	121.55054430092	122.057529269366	122.057529269366	121.457505250865	0.60002401850079
266.761952877623	121.830462488955	121.781769777589	121.562960693032	121.779074554239	121.817360812299	121.646404494279	121.747073366498	121.651825868513	121.649628278471	122.154247138912	122.154247138912	121.562960693032	0.591286445879362
270.14001782338	121.930867748716	121.880841404561	121.672321919121	121.888090526929	121.924323761013	121.752843807393	121.846585719088	121.75906093363	121.750083434753	122.257763703072	122.257763703072	121.672321919121	0.585441783951396
273.560859944274	122.036438820938	121.978495558981	121.782639293597	121.999342149131	122.033253537033	121.861429934922	121.951016523743	121.867485217573	121.85252401154	122.362931883021	122.362931883021	121.782639293597	0.580292589423621
277.025020937026	122.147146948356	122.077622333819	121.889666368866	122.109247231741	122.14268906567	121.968960794072	122.060164982288	121.975649814384	121.953922434028	122.463283517283	122.463283517283	121.889666368866	0.573617148416801
280.533049357984	122.258969305543	122.180461796086	121.991428617083	122.212994471497	122.248452034976	122.075252382185	122.171171664021	122.083433941477	122.052819656732	122.556708363553	122.556708363553	121.991428617083	0.565279746469585
284.085500709986	122.371298149393	122.282458646198	122.093566892105	122.312422295776	122.347878239375	122.184028775894	122.279986053496	122.192339408016	122.149384481693	122.644004020419	122.644004020419	122.093566892105	0.550437128314314
287.682937530321	122.483101366192	122.382386963118	122.200578396946	122.411842572062	122.444513657669	122.294152342448	122.386557664638	122.303324772281	122.244621327239	122.729882626217	122.729882626217	122.200578396946	0.529304229271233
291.325929479812	122.58850767447	122.485323580746	122.309695674325	122.513259776187	122.542099708697	122.402091398966	122.490415371585	122.415462156787	122.346576344663	122.825934888619	122.825934888619	122.309695674325	0.516239214294004
295.015053433023	122.691052563126	122.587991606076	122.422734140294	122.621793321665	122.644280882954	122.511294390794	122.592259496345	122.525582767795	122.455008015969	122.933925503907	122.933925503907	122.422734140294	0.511191363613051
298.750893569603	122.794126825006	122.691741105123	122.536774882083	122.735333556783	122.750528271418	122.620258367313	122.696313790394	122.633742291993	122.564907820607	123.046131959777	123.046131959777	122.536774882083	0.509357077694318
302.534041466801	122.893209787516	122.802431938301	122.64241290508	122.846123580455	122.856546241345	122.724786993743	122.800300519804	122.739475241111	122.679743851448	123.159423040735	123.159423040735	122.64241290508	0.517010135655084
306.365096193133	122.993653573319	122.91307930934	122.741545726957	122.953510732641	122.962174052132	122.827935911803	122.902527221247	122.839997742004	122.792281806277	123.268403241743	123.268403241743	122.741545726957	0.526857514786428
310.244664403253	123.095594174564	123.020575195034	122.839179018457	123.054843240008	123.063059739361	122.930170623917	123.005102226128	122.940014189581	122.89947135475	123.369991836741	123.369991836741	122.839179018457	0.530812818284119
314.173360434016	123.196421597307	123.125663471853	122.93606194189	123.153966999977	123.161342617421	123.030906093263	123.106321095877	123.040554319707	123.005251339462	123.4688793481	123.4688793481	122.93606194189	0.532817406209986
318.151806401759	123.297765466196	123.227174491897	123.037477567078	123.254117624656	123.260800683531	123.131483581386	123.208380442136	123.141697649075	123.108758292954	123.571292351452	123.571292351452	123.037477567078	0.533814784373732
322.180632300811	123.400545463006	123.326661769263	123.142826534039	123.356690168309	123.363201767503	123.23293768993	123.312383170619	123.244484933424	123.212091088181	123.677746364537	123.677746364537	123.142826534039	0.534919830497955
326.260476103262	123.503968867892	123.428501005231	123.247924481054	123.460341052866	123.466765114844	123.335852882779	123.418024669842	123.348766894452	123.316155668538	123.785098557559	123.785098557559	123.247924481054	0.537174076505465
330.391983859978	123.608162361298	123.532140773074	123.34992791243	123.562529094335	123.568629519686	123.437127428156	123.523004717961	123.452331455557	123.417965279304	123.88879962847	123.88879962847	123.34992791243	0.538871716039665
334.57580980291	123.713878671372	123.635676338088	123.446875488166	123.662746851251	123.667930842492	123.537573105229	123.625807769431	123.554248406729	123.519288771828	123.987793695355	123.987793695355	123.446875488166	0.54091820718881
338.812616448692	123.818044650745	123.739271542604	123.542589092462	123.761077956694	123.765507697771	123.63942279895	123.727126846254	123.654629043934	123.621621176485	124.084327898776	124.084327898776	123.542589092462	0.541738806314001
343.10307470355	123.918842055018	123.840424887639	123.640716501205	123.860514049594	123.864997273044	123.742665177814	123.828798737416	123.753643252107	123.722130342485	124.181554296338	124.181554296338	123.640716501205	0.540837795132802
347.447863969542	124.018511209531	123.939523839847	123.74343503975	123.963356311068	123.967054038957	123.847085631978	123.93050348737	123.853896037243	123.823238485828	124.281833487348	124.281833487348	123.74343503975	0.538398447598667
351.847672252143	124.118060053788	124.039669741496	123.849276744952	124.066097075196	124.06716354438	123.952092881125	124.033495543111	123.955833271987	123.925982163248	124.385200333084	124.385200333084	123.849276744952	0.535923588132405
356.303196269193	124.216059097076	124.138822045588	123.952827681193	124.167276214138	124.164811607635	124.055776206655	124.137463452934	124.057216497971	124.027791024233	124.486307222801	124.486307222801	123.952827681193	0.533479541607704
360.815141561221	124.315023762842	124.23940238162	124.052930368535	124.266469669633	124.261546024275	124.156383468834	124.23978249082	124.15847685324	124.129184292231	124.581823921685	124.581823921685	124.052930368535	0.528893553150823
365.38422260317	124.416048894519	124.341309193885	124.150981963135	124.36347252684	124.357734307424	124.25568808045	124.341693933514	124.260520337497	124.231176372202	124.677361957187	124.677361957187	124.150981963135	0.526379994052633
370.011162917537	124.516095598158	124.441233383405	124.248759239804	124.460762612349	124.455574042184	124.354137083798	124.4442487531	124.362447456938	124.334924713438	124.77404294055	124.77404294055	124.248759239804	0.525283700746627
374.69669518894	124.616289477707	124.541233338899	124.349339636281	124.559578790029	124.556052222681	124.453259070776	124.547224808823	124.463296273223	124.438391557406	124.870931146408	124.870931146408	124.349339636281	0.521591510127621
379.441561380146	124.717002567778	124.641007240753	124.450889580915	124.658323767358	124.655745619106	124.55275583552	124.649234401643	124.563210927284	124.540957077842	124.96871969541	124.96871969541	124.450889580915	0.51783011449497
384.246512849555	124.817387377412	124.740238737526	124.550311331149	124.75800743432	124.750691967143	124.651351051577	124.749250533919	124.663260701515	124.642298912037	125.065007570679	125.065007570679	124.550311331149	0.51469623953021
389.112310470185	124.917050339062	124.84045420146	124.648930706151	124.857324194095	124.843775815574	124.750196354601	124.846655568818	124.762899985342	124.739806850278	125.159039881343	125.159039881343	124.648930706151	0.510109175191602
394.039724750156	125.015178995625	124.94063951088	124.749095592	124.955551539993	124.938091446538	124.849824381026	124.942756934448	124.861061596149	124.835285027309	125.25353242125	125.25353242125	124.749095592	0.504436829249912
399.029535954699	125.113331937137	125.040032684182	124.850299792538	125.055196390944	125.033803153392	124.950094282997	125.039617897921	124.959102741003	124.931699152545	125.34907277743	125.34907277743	124.850299792538	0.498772984892185
404.082534229715	125.210688826227	125.138635712585	124.950637407872	125.154321739507	125.129811175572	125.051264387995	125.138128217344	125.057288125373	125.026654767495	125.44514589045	125.44514589045	124.950637407872	0.494508482577842
409.199519726895	125.306953000482	125.236370968018	125.04861559628	125.249834776238	125.225034152219	125.151957293824	125.238767381972	125.154778647334	125.125221094366	125.538718444316	125.538718444316	125.04861559628	0.49010284803623
414.381302730427	125.404752079808	125.33359733203	125.145477344497	125.345261414682	125.319368271853	125.251861577414	125.339697123891	125.252952358381	125.224347910823	125.629267566203	125.629267566203	125.145477344497	0.483790221706272
419.628703785304	125.502858781043	125.429985534566	125.241237061365	125.441196949436	125.413744587411	125.350794869318	125.439330657671	125.351545839881	125.321643891495	125.720794442571	125.720794442571	125.241237061365	0.479557381205964
424.942553827259	125.600268229592	125.525898360989	125.337237406719	125.537656035514	125.509385135434	125.449170306127	125.537824433068	125.450973940276	125.421191877247	125.81138041547	125.81138041547	125.337237406719	0.474143008750204
430.323694314348	125.698632371	125.622692989293	125.434961808707	125.634968129252	125.606232007822	125.547638622286	125.635488130072	125.550442843715	125.519501910944	125.901500886346	125.901500886346	125.434961808707	0.466539077638998
435.772977360191	125.797735718492	125.720752526097	125.533164607379	125.732897461135	125.702113275641	125.646088075249	125.733189957545	125.648592075736	125.616770847345	125.992924017366	125.992924017366	125.533164607379	0.459759409987115
441.291265868914	125.896134819732	125.819286706922	125.630975236033	125.830979935185	125.797591038658	125.745942835094	125.831153748216	125.746479940517	125.716376478052	126.083648794656	126.083648794656	125.630975236033	0.452673558622905
446.879433671781	125.995073989845	125.917486006529	125.730091826337	125.929499188342	125.893512518049	125.845988225378	125.930183563445	125.845199998369	125.815374371821	126.176464118535	126.176464118535	125.730091826337	0.446372292197395
452.538365665577	126.094236655207	126.014919003832	125.829310857729	126.027815052675	125.989123968356	125.944866026276	126.029446113631	125.943431393301	125.913703097131	126.270162077792	126.270162077792	125.829310857729	0.440851220063209
458.268957952726	126.191560274511	126.111028721328	125.926618147687	126.124687961216	126.083815729735	126.0445243038	126.128799973601	126.04021850047	126.014294222502	126.362439696957	126.362439696957	125.926618147687	0.43582154926986
464.072117983194	126.287324356366	126.206506510266	126.023713729891	126.219861685863	126.177522559601	126.143612835051	126.227650158989	126.135678321602	126.113204031161	126.452880434413	126.452880434413	126.023713729891	0.429166704521919
469.948764698184	126.382789763522	126.301249084109	126.120747335648	126.313613842428	126.270900551439	126.240639919566	126.324591086467	126.23028150177	126.209976774149	126.542327972679	126.542327972679	126.120747335648	0.421580637030999
475.899828675652	126.477021924955	126.394995533833	126.216388005823	126.406689498536	126.363052616001	126.337728586647	126.421004204248	126.32422603018	126.305953670248	126.631340274502	126.631340274502	126.216388005823	0.414952268679656
481.926252277666	126.570326413765	126.489188130714	126.311545771922	126.499182076499	126.453691074241	126.434485485515	126.516683513394	126.419376498776	126.39998228925	126.718995815217	126.718995815217	126.311545771922	0.407450043295512
488.028989799634	126.663674456569	126.58382017399	126.406968811969	126.59237393642	126.544845026423	126.529487522945	126.610946386979	126.515982843209	126.493092283108	126.805851542323	126.805851542323	126.406968811969	0.3988827303546
494.20900762141	126.757332839857	126.678460736257	126.502413143297	126.687902670585	126.637258255004	126.625437493496	126.705611950115	126.612556382689	126.587685941769	126.894016498322	126.894016498322	126.502413143297	0.391603355025382
500.467284360332	126.850777572864	126.773998760813	126.59686977049	126.783041034988	126.72921546718	126.721479304824	126.80039821414	126.709193262658	126.682344393858	126.98113525449	126.98113525449	126.59686977049	0.384265483999698
506.804811026183	126.944596641601	126.870460122404	126.690227094661	126.87751485874	126.820367667371	126.816669329029	126.895400892289	126.804835329049	126.777672701025	127.067679401628	127.067679401628	126.690227094661	0.377452306967285
513.222591178115	127.041037359882	126.967672445665	126.78482221082	126.973092454685	126.912869655867	126.912703360118	126.99113256237	126.90003785884	126.875397434502	127.156283320176	127.156283320176	126.78482221082	0.371461109355721
519.721641083575	127.138965853123	127.065091219061	126.881768221013	127.06935595483	127.007159246502	127.010709615192	127.088074668029	126.996612867183	126.972505406648	127.247895854395	127.247895854395	126.881768221013	0.366127633381709
526.302989879224	127.236335447126	127.162422782855	126.979020951474	127.165812580431	127.101426418792	127.108696735765	127.186099560184	127.094684720968	127.069946378556	127.339773275004	127.339773275004	126.979020951474	0.360752323529965
532.967679733905	127.333952399999	127.261003499182	127.075190344178	127.261631161244	127.1945779222	127.20706883259	127.285136378109	127.192914554347	127.168430085446	127.431046025837	127.431046025837	127.075190344178	0.355855681658127
539.716766013675	127.432382952621	127.360404297578	127.172112821897	127.358704746509	127.288591015152	127.307103413578	127.384579137152	127.291562752422	127.266212002884	127.523647160526	127.523647160526	127.172112821897	0.351534338629847
546.55131744892	127.531094387547	127.458434904207	127.270534437811	127.457493018094	127.384642216569	127.407258314031	127.483892504227	127.390099699992	127.364014467318	127.616974233451	127.616974233451	127.270534437811	0.346439795639924
553.472416303593	127.629352221595	127.555452869002	127.367665739057	127.553801357941	127.478415299842	127.506090217097	127.582410925004	127.487577175487	127.462191065477	127.707199560733	127.707199560733	127.367665739057	0.339533821676355
560.481158546595	127.727693628068	127.653187376029	127.463445547604	127.648745675274	127.570100894951	127.604529141955	127.679975548982	127.584660894121	127.559906024026	127.7960186272	127.7960186272	127.463445547604	0.332573079595704
567.578654025316	127.826787426218	127.751504370575	127.56153449091	127.745292737672	127.664646386822	127.703245142542	127.777633045549	127.683129951493	127.658159840071	127.887080383149	127.887080383149	127.56153449091	0.325545892238282
574.766026641391	127.926026099462	127.849630943803	127.66133784467	127.842800571017	127.761064777197	127.802278304005	127.875829902569	127.781978870342	127.756847806146	127.979142616242	127.979142616242	127.66133784467	0.317804771572781
582.044414528663	128.024332168846	127.947800585199	127.759230076939	127.939869617913	127.855579136123	127.901228746175	127.974362860136	127.879986857519	127.855262141368	128.070160206937	128.070160206937	127.759230076939	0.310930129998596
589.414970233417	128.122867452772	128.04746789384	127.85696587653	128.037914986339	127.950758436491	128.000708853	128.07365445123	127.979306676335	127.954444051198	128.162739752134	128.162739752134	127.85696587653	0.305773875604388
596.878860896879	128.223108426222	128.148108568989	127.957836611773	128.138359785106	128.049203284361	128.101414179981	128.174049075243	128.079867601909	128.055274411098	128.258635509549	128.258635509549	127.957836611773	0.300798897775849
604.437268440043	128.32273864235	128.247995725818	128.058252075641	128.237946337659	128.146306639675	128.201792441986	128.274559227657	128.179768472237	128.155384439499	128.352527380404	128.352527380404	128.058252075641	0.294275304762465
612.091389750827	128.421536877852	128.348471746623	128.1567503655	128.335539430118	128.240674249523	128.301456821022	128.374673555217	128.279418769131	128.255112515359	128.44412214274	128.44412214274	128.1567503655	0.287371777239571
619.842436873599	128.521726402092	128.450397785782	128.258011106439	128.435275465558	128.338043484868	128.402391731046	128.475684445509	128.380913977607	128.356302137932	128.539693816447	128.539693816447	128.258011106439	0.28168271000834
627.691637201115	128.622009829305	128.551528549501	128.36039358711	128.535965608433	128.437174141638	128.503985552668	128.577385475062	128.482332488439	128.457077116924	128.635853209766	128.635853209766	128.36039358711	0.275459622655944
635.640233668869	128.721197590545	128.65150573663	128.459533038553	128.634194043467	128.53286119867	128.6044079913	128.677643502533	128.582154938793	128.556746013714	128.727627858031	128.727627858031	128.459533038553	0.268094819477568
643.689484951922	128.821408598919	128.752597125445	128.559466356816	128.733329219926	128.629176120693	128.705533572927	128.777521059848	128.682839436995	128.657586050835	128.821155150377	128.821408598919	128.559466356816	0.261942242103402
651.840665664212	128.922472564901	128.85410812333	128.661554800911	128.834209686562	128.728035326271	128.807216038227	128.8780566634	128.784247151248	128.758618693441	128.91776631519	128.922472564901	128.661554800911	0.260917763990449
660.095066560391	129.022646390064	128.954314423302	128.760190487005	128.932793225546	128.823476040788	128.907337379764	128.977167089672	128.8835951248	128.857936489286	129.010481899697	129.022646390064	128.760190487005	0.26245590305939
668.453994740221	129.123002303243	129.054676181361	128.858064966459	129.031056356103	128.918043527226	129.007201736873	129.075468115819	128.983311624775	128.957798280765	129.102623697046	129.123002303243	128.858064966459	0.264937336783987
676.918773855553	129.223008471643	129.15470819567	128.958429397478	129.130571281433	129.015235527096	129.107580246977	129.174297523895	129.083990491662	129.057880651361	129.198262364939	129.223008471643	128.958429397478	0.264579074165056
685.49074431993	129.320928035519	129.253122157212	129.056101765863	129.227386533897	129.109779794485	129.205910230677	129.272564012116	129.18327138013	129.155698394036	129.290530231741	129.320928035519	129.056101765863	0.264826269655458
694.171263520848	129.419419840706	129.350968851357	129.152320288577	129.323133966972	129.202780821221	129.30314509572	129.370065923025	129.281970181462	129.253383061109	129.380752587911	129.419419840706	129.152320288577	0.267099552128542
702.961706034694	129.518746224642	129.448978460897	129.251856694517	129.420460971094	129.298666833223	129.401408926064	129.468228366205	129.38108166554	129.351699372908	129.47515710989	129.518746224642	129.251856694517	0.266889530125326
711.863463844418	129.616812127905	129.546703308368	129.349216195778	129.515965274447	129.392454518857	129.498552562838	129.565328463065	129.478511587833	129.448757018107	129.567121057785	129.616812127905	129.349216195778	0.267595932126312
720.877946559956	129.714350048258	129.644310277031	129.444173779928	129.611061166393	129.484856293568	129.595330035456	129.661321589099	129.57498617571	129.545780972552	129.657198599811	129.714350048258	129.444173779928	0.270176268329522
730.00658164144	129.810070863467	129.740224918545	129.539656646589	129.706705921363	129.578689529452	129.691304872104	129.756450323324	129.670504502105	129.641751133946	129.748726488044	129.810070863467	129.539656646589	0.270414216878436
739.250814625244	129.901506340289	129.83199664478	129.629881782462	129.797357182392	129.668094166692	129.783283581952	129.847682778127	129.762408840395	129.733969970655	129.835007365762	129.901506340289	129.629881782462	0.271624557826868
748.612109352884	129.990983310758	129.921761669615	129.718158688476	129.886768154924	129.755081615586	129.873505478453	129.93721088791	129.852248214902	129.824177123454	129.919797312346	129.990983310758	129.718158688476	0.272824622282513
758.091948202822	130.079524385934	130.009971518883	129.808006487867	129.976907559115	129.842890426388	129.962685970587	130.02649445384	129.941163212039	129.913029584863	130.006704682244	130.079524385934	129.808006487867	0.271517898067458
767.691832325203	130.167713272304	130.098225028974	129.895673164932	130.064619163217	129.928211740915	130.050528484107	130.11385970773	130.028942692696	130.000947419387	130.091077242547	130.167713272304	129.895673164932	0.272040107372391
777.413281879562	130.258432102786	130.189749771147	129.986479760297	130.154683563863	130.015660681582	130.140774308151	130.203132775686	130.11946628235	130.090975292049	130.17816391743	130.258432102786	129.986479760297	0.271952342489186
787.25783627555	130.350194504425	130.282863746232	130.079077518155	130.246171062344	130.104833808804	130.232037565162	130.293918294495	130.211404217809	130.18211391438	130.267084962795	130.350194504425	130.079077518155	0.271116986270073
797.227054416697	130.442250098174	130.376189133151	130.169199678244	130.335578260535	130.192710806427	130.322715291333	130.384097532754	130.303723998155	130.273489566544	130.353756411808	130.442250098174	130.169199678244	0.273050419929433
807.32251494727	130.535110283978	130.469288929527	130.260555907503	130.42570226467	130.281598326997	130.413801797965	130.474696871423	130.39701969427	130.365303541242	130.442141242357	130.535110283978	130.260555907503	0.274554376474612
817.545816502254	130.625981875143	130.56013421905	130.349735111974	130.513973977018	130.368204871281	130.502788265487	130.563741717691	130.488225070961	130.455227228841	130.528840109266	130.625981875143	130.349735111974	0.276246763168814
827.898577960496	130.715443054296	130.649557088487	130.437283357526	130.601271168068	130.453335383174	130.590842700998	130.651254889303	130.577811343457	130.543709820917	130.614502481565	130.715443054296	130.437283357526	0.278159696769336
838.382438701064	130.803637054837	130.737342386038	130.524131109893	130.687848289098	130.537701818745	130.677557456212	130.73740384967	130.665875829161	130.630485546201	130.699489197692	130.803637054837	130.524131109893	0.279505944944077
848.999058862838	130.889360154332	130.823425339455	130.607928580684	130.771903220183	130.61898176108	130.761505263997	130.821402231517	130.751398086135	130.714812339313	130.781225986781	130.889360154332	130.607928580684	0.281431573647438
859.750119607402	130.97374564141	130.908117659445	130.690951450917	130.854834864562	130.699267344788	130.844110881611	130.903914559997	130.835462308677	130.797709635105	130.862814799206	130.97374564141	130.690951450917	0.282794190492979
870.637323385254	131.055882254437	130.990168792115	130.770998558676	130.934308091417	130.776378120829	130.923982676576	130.98399577677	130.917090765986	130.877978054765	130.941243983132	131.055882254437	130.770998558676	0.284883695760328
881.662394205399	131.135429689526	131.069861870741	130.848461079889	131.011275496419	130.851010287295	131.00109534243	131.061471676024	130.996167195928	130.955655172028	131.017436055806	131.135429689526	130.848461079889	0.286968609636176
892.827077908342	131.211741059809	131.146282226463	130.923222499344	131.085422870322	130.923039606124	131.075179662118	131.135478903037	131.072203277313	131.030265702586	131.091224223159	131.211741059809	130.923039606124	0.288701453684126
904.133142442549	131.285485397175	131.220150793048	130.995131532938	131.156867620926	130.992732934427	131.146808744886	131.206841125007	131.145638241352	131.102202405204	131.161975250846	131.285485397175	130.992732934427	0.29275246274841
915.582378144403	131.357479917857	131.292525219818	131.065712440017	131.227534501672	131.061845150221	131.217063434023	131.276669143246	131.21765702103	131.172804331198	131.232130406015	131.357479917857	131.061845150221	0.29563476763667
927.17659802171	131.428155291857	131.363226563257	131.134599614239	131.296608853217	131.129304983549	131.285397468143	131.344895931608	131.288633601205	131.242010430701	131.300870762489	131.428155291857	131.129304983549	0.298850308307891
938.917638040789	131.49820373111	131.432919442336	131.202954039462	131.365143209834	131.195680032238	131.352969172538	131.41238328824	131.358943315384	131.310072598775	131.368947452784	131.49820373111	131.195680032238	0.302523698871226
950.807357417203	131.566857352281	131.501576710236	131.270066993115	131.432676232225	131.260628105093	131.419731822363	131.478623638769	131.427871471175	131.376972642435	131.435579693345	131.566857352281	131.260628105093	0.306229247187929
962.847638910168	131.63381334043	131.568345164432	131.335145222261	131.497945997692	131.323505505167	131.484404884638	131.542706976556	131.494681347139	131.441680205431	131.500198008096	131.63381334043	131.323505505167	0.310307835263188
975.04038912069	131.699610388434	131.633508975149	131.398723512652	131.561627327001	131.3847431665	131.547375498988	131.605282579347	131.55923859827	131.504650510756	131.563248822826	131.699610388434	131.3847431665	0.314867221933525
987.387538793482	131.765377009795	131.698598549361	131.461932610071	131.624800486852	131.445945220481	131.610406856396	131.66733993328	131.623290200465	131.567517330141	131.626286782941	131.765377009795	131.445945220481	0.319431789313597
〔bg=#FFFF00〕999.891043122701	〔bg=#FFFF00〕131.832375783584	〔bg=#FFFF00〕131.764705852532	〔bg=#FFFF00〕131.526203128082	〔bg=#FFFF00〕131.688595846387	〔bg=#FFFF00〕131.508775771732	〔bg=#FFFF00〕131.674360208958	〔bg=#FFFF00〕131.730031281118	〔bg=#FFFF00〕131.688729338696	〔bg=#FFFF00〕131.631449232069	〔bg=#FFFF00〕131.691250108644	〔bg=#FFFF00〕131.832375783584	〔bg=#FFFF00〕131.508775771732	〔bg=#FFFF00〕0.32360001185188
1012.55288206155	131.901459743469	131.832653899722	131.59277268448	131.754425034816	131.573774004378	131.740275121943	131.79508640498	131.756454130454	131.697613173113	131.758508788329	131.901459743469	131.573774004378	0.327685739091152
1025.37506063582	131.972757307576	131.903371336286	131.66213436542	131.823006830707	131.641168761927	131.808894259344	131.862610901215	131.826578854247	131.766198867323	131.828359518367	131.972757307576	131.641168761927	0.331588545649112
1038.35960926138	132.045030323486	131.975931063008	131.733084257161	131.893577418487	131.710200797296	131.878597713918	131.931187368783	131.89815288032	131.836186202501	131.9000282244	132.045030323486	131.710200797296	0.334829526190703
1051.50858406569	132.117900021644	132.049532800482	131.804630908701	131.965041145236	131.779944472096	131.948745030742	132.001051264055	131.970109072844	131.906913650602	131.972240644574	132.117900021644	131.779944472096	0.337955549547843
1064.82406721341	132.191724651482	132.124184925461	131.877658251256	132.037585774866	131.850801775993	132.019744651158	132.072352792211	132.043059858934	131.97883833127	132.046110894127	132.191724651482	131.850801775993	0.340922875488502
1078.30816723611	132.267395898183	132.200561047157	131.952274426933	132.111754064625	131.923436379561	132.092224249976	132.145081059735	132.118076552969	132.052695596898	132.122055651898	132.267395898183	131.923436379561	0.343959518621801
1091.96301936615	132.34514354146	132.278592619721	132.028321433417	132.187995860884	131.997758473084	132.166693353029	132.219942077174	132.196130733363	132.127921460469	132.20055687244	132.34514354146	131.997758473084	0.347385068375843
1105.7907858748	132.42580331474	132.359131212914	132.106941413551	132.266689713309	132.074518804895	132.243979399452	132.297446949708	132.277236280559	132.205663054713	132.28195313532	132.42580331474	132.074518804895	0.35128450984476
1119.79365641467	132.510117068947	132.442776686581	132.188779597018	132.34825282233	132.154500879519	132.32456954999	132.377686021469	132.361364641797	132.286726257509	132.366077552865	132.510117068947	132.154500879519	0.355616189427423
1133.97384836637	132.59746135638	132.529461743129	132.273603877647	132.432693881318	132.237395594181	132.407952941692	132.460580583441	132.44848190806	132.370315419471	132.453257099972	132.59746135638	132.237395594181	0.360065762198531
1148.33360718973	132.686672474275	132.617956374146	132.360439512614	132.518314811161	132.322147127029	132.492886671033	132.545200719575	132.536648375087	132.455968230632	132.542100142747	132.686672474275	132.322147127029	0.364525347245007
1162.87520677932	132.778316166442	132.708462903237	132.450105047728	132.605915991244	132.410053683293	132.580280012816	132.632219376792	132.626863174543	132.54440536848	132.633710993771	132.778316166442	132.410053683293	0.36826248314884
1177.60094982452	132.871473486798	132.800735608322	132.541245113194	132.69542092288	132.499583413956	132.669156404401	132.721005336656	132.718828603491	132.634558209501	132.727069270729	132.871473486798	132.499583413956	0.371890072842206
1192.51316817418	132.965334407431	132.893910648054	132.633669775882	132.786635997867	132.590534331129	132.759026326272	132.81067373421	132.811900453924	132.725764086703	132.82209145894	132.965334407431	132.590534331129	0.374800076301682
1207.61422320586	133.059148576269	132.986945957236	132.726032466309	132.878151797063	132.681515379164	132.84900622293	132.900548215945	132.905309064024	132.817020203814	132.917379664153	133.059148576269	132.681515379164	0.377633197104359
1222.90650619976	133.152410077153	133.07972196174	132.818176847562	132.969884155488	132.772220273503	132.938458071809	132.990275489583	132.998853891186	132.907880944189	133.012680214306	133.152410077153	132.772220273503	0.380189803650353
1238.39243871739	133.243649354724	133.170598091595	132.908600592921	133.059682874059	132.861060578129	133.026061077367	133.078070687634	133.090704606203	132.997041806236	133.106016987731	133.243649354724	132.861060578129	0.382588776595014
1254.074472985	133.33187388587	133.258423042394	132.996203052177	133.146060828925	132.946755441697	133.110544017529	133.162942101914	133.179408180728	133.083102411773	133.196481454524	133.33187388587	132.946755441697	0.385118444173827
1269.95509228195	133.416237216575	133.342381047539	133.080329329945	133.228608151787	133.028606850365	133.191034092393	133.243859412082	133.263963586121	133.165192579489	133.28295696349	133.416237216575	133.028606850365	0.387630366210203
1286.03681133389	133.4942620496	133.419774702705	133.157969808558	133.304801723648	133.104307480647	133.265328680422	133.318552378072	133.341918405621	133.241212496636	133.362611943258	133.4942620496	133.104307480647	0.389954568952618
1302.32217671099	133.563970986436	133.488758751366	133.227628965157	133.372846855992	133.172197217726	133.331564133463	133.3852466628	133.411246160617	133.3090267342	133.434220092111	133.563970986436	133.172197217726	0.391773768710038
1318.8137672312	133.623176285154	133.547500859464	133.287221512738	133.430923031455	133.230340376745	133.388176413796	133.442268241055	133.470218192904	133.366828368452	133.495750756074	133.623176285154	133.230340376745	0.392835908408841
1335.51419436861	133.671122733414	133.594674310968	133.335513871537	133.477841535972	133.277559968091	133.434287446927	133.488824121028	133.517829754838	133.413662853476	133.546111401091	133.671122733414	133.277559968091	0.393562765322315
1352.42610266697	133.706911589885	133.629654179783	133.371844074491	133.512543819219	133.312904350091	133.468899084596	133.523974286996	133.552932806515	133.448415850262	133.584682749564	133.706911589885	133.312904350091	0.394007239793666
1369.55217015847	133.729069291732	133.650958741652	133.394396622359	133.533256830278	133.334844498278	133.490311488652	133.545870468203	133.574056596856	133.469461628162	133.609419203712	133.729069291732	133.334844498278	0.394224793454214
1386.89510878781	133.735887609431	133.65626824831	133.40130019122	133.538365987414	133.341164542287	133.496328783852	133.552501291465	133.579193318671	133.475151346511	133.618049383918	133.735887609431	133.341164542287	0.394723067143701
1404.45766484163	133.724463300617	133.64329302147	133.390385557815	133.525573745336	133.329358762728	133.484555019109	133.541712656211	133.566213688183	133.462948980913	133.607946959585	133.724463300617	133.329358762728	0.395104537888898
1422.2426193834	133.693564654156	133.611284352229	133.361197155617	133.494125421182	133.299062084196	133.454496869497	133.512788348672	133.534746570544	133.43276911372	133.578342353742	133.693564654156	133.299062084196	0.394502569960253
1440.25278869381	133.643056446415	133.559493614408	133.312977420199	133.443400267418	133.249787110178	133.406006463273	133.464975807908	133.483984600804	133.383851681471	133.528320783536	133.643056446415	133.249787110178	0.393269336237438
1458.49102471672	133.571570761281	133.487130324307	133.244659491423	133.372451215461	133.180086575456	133.338183665032	133.397959914771	133.412903037548	133.315366255273	133.457211942284	133.571570761281	133.180086575456	0.391484185824197
1476.9602155108	133.480255582727	133.395433642255	133.157272334787	133.282228920972	133.091163877531	133.252030730108	133.313038263099	133.322666107311	133.22846997036	133.365869273653	133.480255582727	133.091163877531	0.389091705196279
1495.66328570681	133.369825079429	133.284147878959	133.050299633227	133.172589903551	132.982953052121	133.147162825902	133.209515151983	133.213035162033	133.122649916571	133.254493852113	133.369825079429	132.982953052121	0.386872027307959
1514.60319697077	133.237820822468	133.15113915853	132.921599268582	133.042082756575	132.853458946552	133.021776167008	133.085599859487	133.08168879637	132.995802068493	133.121309599722	133.237820822468	132.853458946552	0.384361875915573
1533.78294847292	133.084809537024	132.997000401567	132.772008788436	132.890931447755	132.703213962774	132.876123732196	132.941273573452	132.928478076697	132.847855761475	132.966295782936	133.084809537024	132.703213962774	0.381595574249843
1553.20557736263	132.911534596049	132.822126904808	132.601843577397	132.719269750355	132.532551369514	132.710407988639	132.775928551499	132.753715531364	132.678963821378	132.789409809686	132.911534596049	132.532551369514	0.378983226535638
1572.87415924938	132.716976054703	132.625974835115	132.410540654759	132.526746014591	132.34097237682	132.52401961025	132.589061669738	132.556875287679	132.48869250048	132.590283518894	132.716976054703	132.34097237682	0.376003677882892
1592.79180868977	132.500189451027	132.407589393608	132.196902986577	132.311702369693	132.127023677437	132.315469539689	132.379818706526	132.336652194404	132.275703386354	132.367353639734	132.500189451027	132.127023677437	0.373165773589733
1612.96167968068	132.259713447997	132.165408309993	131.95908552235	132.072451056919	131.888909278221	132.082763827571	132.14654808841	132.092115320961	132.038573565214	132.11890079891	132.259713447997	131.888909278221	0.370804169776278
1633.38696615876	131.992601911751	131.896184944254	131.694305102091	131.806659490837	131.624486476406	131.823195876645	131.887273786198	131.821448604807	131.775081236861	131.843275302118	131.992601911751	131.624486476406	0.368115435344805
1654.0709025062	131.690014047212	131.591753742235	131.393817639447	131.505431588385	131.325526026111	131.528298203373	131.59382978387	131.516483764829	131.47626428698	131.532653285534	131.690014047212	131.325526026111	0.364488021101778
1675.01676406284	131.350581723351	131.252458295702	131.056712017932	131.167530188433	130.988903903327	131.198101665254	131.262852394703	131.175744710646	131.140972157808	131.18761882379	131.350581723351	130.988903903327	0.361677820023203
1696.22786764489	131.003438391464	130.907623218881	130.713377198012	130.823309812082	130.641845933374	130.861206235452	130.922480606381	130.828276235838	130.800116409772	130.837159773033	131.003438391464	130.641845933374	0.361592458089404
1717.70757207012	130.679679165855	130.586873569957	130.394109249801	130.501949046652	130.317813513319	130.54693047154	130.607066265448	130.508204161503	130.485465089184	130.51247110137	130.679679165855	130.317813513319	0.3618656525353
1739.45927868974	130.393852880565	130.304488510883	130.111729230314	130.217685572448	130.030906861723	130.270085362223	130.330133466024	130.228580644066	130.210010141158	130.225996682906	130.393852880565	130.030906861723	0.362946018842081
1761.48643192704	130.155275413206	130.068098085683	129.875975276486	129.980772791278	129.790041292554	130.038797206114	130.09897431718	129.994691640867	129.981411165595	129.984062160096	130.155275413206	129.790041292554	0.365234120651394
1783.79251982275	129.946061980408	129.857216785475	129.667177178978	129.771288658517	129.580730977648	129.833317550563	129.897775263665	129.788933184716	129.779528853968	129.767876471352	129.946061980408	129.580730977648	0.365331002759859
1806.38107458746	129.727674250227	129.635549626845	129.446694683729	129.551256112007	129.363837614137	129.618221344923	129.686937624605	129.571946336587	129.565114938201	129.54096032298	129.727674250227	129.363837614137	0.363836636089871
1829.2556731609	129.479974644478	129.385175738783	129.197474488049	129.302817743957	129.116619880642	129.374360028999	129.44418370224	129.321527948536	129.318655185657	129.284212632092	129.479974644478	129.116619880642	0.36335476383627
1852.41993777839	129.205818845512	129.109438874163	128.923577015197	129.028780933769	128.842789807031	129.104355144202	129.173292489107	129.043268816804	129.044903889031	129.002595334512	129.205818845512	128.842789807031	0.363029038481187
1875.87753654436	128.917413583457	128.820778942003	128.636221657463	128.74073673082	128.555250517165	128.820749790198	128.889100146278	128.75255177821	128.758246964534	128.709380086471	128.917413583457	128.555250517165	0.362163066291174
1899.63218401331	128.621733111693	128.526371760211	128.342447833703	128.445966194101	128.26127219074	128.530477191198	128.598860274077	128.4562862116	128.465822474978	128.4106483915	128.621733111693	128.26127219074	0.360460920952505
1923.6876417779	128.320263329537	128.227112494478	128.043700128124	128.145726098764	127.961565127363	128.234595831342	128.30281106848	128.154743042811	128.168145264157	128.106161659483	128.320263329537	127.961565127363	0.358698202174025
1948.0477190647	128.016474473111	127.925759405042	127.742567168646	127.843242947364	127.659350904757	127.936469194115	128.004726515044	127.851633381052	127.868582459896	127.799627090844	128.016474473111	127.659350904757	0.357123568353558
1972.71627333733	127.715110142352	127.626419528911	127.443258552738	127.542714762543	127.358819789207	127.640548269703	127.70883842463	127.551005458014	127.571185486907	127.495673048791	127.715110142352	127.358819789207	0.356290353145496
1997.69721090733	127.418760313768	127.331494027625	127.148537756797	127.247076276887	127.061856244556	127.348835881653	127.416705256297	127.254555598741	127.277847020967	127.195959412143	127.418760313768	127.061856244556	0.356904069212021
2022.9944875527	127.127273673813	127.041021874429	126.858321528141	126.956722359708	126.768994512965	127.061190041964	127.128507938832	126.962687034941	126.988999400611	126.901294136857	127.128507938832	126.768994512965	0.359513425867505
2048.61210914433	126.841289830092	126.75586440202	126.573240395083	126.671950730728	126.481207782131	126.77867484354	126.845504823164	126.676819805318	126.705803691	126.61327446786	126.845504823164	126.481207782131	0.364297041033126
2074.55413228033	126.560890073251	126.475978918082	126.293420464581	126.392629230905	126.198813624182	126.50120477716	126.567608307871	126.396853967148	126.428286718947	126.331141540362	126.567608307871	126.198813624182	0.36879468368862
2100.82466492839	126.282139806818	126.197299144603	126.014866992427	126.114519614726	125.918080427095	126.225113772702	126.291105844007	126.118708644727	126.152394581306	126.050771565752	126.291105844007	125.918080427095	0.373025416912029
2127.42786707631	126.003268747004	125.918474816286	125.736016543058	125.835757227326	125.637051388893	125.94918043656	126.014244602803	125.840602283014	125.87608627963	125.770329653939	126.014244602803	125.637051388893	0.377193213909976
2154.36795139071	125.725991185086	125.641459412073	125.458814468164	125.55851532069	125.357118976016	125.675100931715	125.738088110461	125.563692796948	125.600920157661	125.490770033642	125.738088110461	125.357118976016	0.380969134444982
2181.64918388415	125.451313216286	125.36728962324	125.184052638496	125.284060516829	125.07960884093	125.403515910112	125.463718738157	125.28898362996	125.328050381623	125.213440100353	125.463718738157	125.07960884093	0.384109897226466
2209.2758845906	125.178783006121	125.095527939492	124.911249007933	125.011861591903	124.803684795177	125.13373967971	125.19080021325	125.016307237125	125.057060083763	124.938210032023	125.19080021325	124.803684795177	0.387115418073165
2237.25242824961	124.90947711967	124.826975013395	124.641811679115	124.742969778541	124.529817880047	124.866588533341	124.92025273352	124.746741054992	124.788785553603	124.66563656126	124.92025273352	124.529817880047	0.390434853473081
2265.58324499898	124.644530199763	124.562168912571	124.376566122054	124.478083825182	124.258565948202	124.603167483427	124.653409014361	124.481451283921	124.524255441345	124.396651393233	124.653409014361	124.258565948202	0.394843066158572
2294.27282107634	124.383405832536	124.300200871184	124.11496729672	124.21644570314	123.988795942186	124.343200091341	124.38983323587	124.219676582947	124.262715740773	124.131017449293	124.38983323587	123.988795942186	0.401037293684553
2323.32569952951	124.12463206657	124.040218115348	123.85601991634	123.957195641728	123.719465601182	124.085903244722	124.129588662168	123.96090245045	124.003672407179	123.868156097442	124.129588662168	123.719465601182	0.410123060986095
2352.74648093591	123.867888196255	123.782471188301	123.600149989029	123.700714847575	123.451519267546	123.832132036795	123.874072485716	123.706009504174	123.747936382321	123.608912816323	123.874072485716	123.451519267546	0.422553218170336
2382.53982413111	123.612707322482	123.526728399198	123.34754751161	123.447560065784	123.186719164077	123.581373079117	123.62323936231	123.454414004306	123.494609386896	123.353037239413	123.62323936231	123.186719164077	0.436520198233012
2412.7104469465	123.3572372464	123.271482267166	123.096533825236	123.196364382657	122.931781317485	123.33175998729	123.376060879195	123.205007886076	123.242246258898	123.099064421996	123.376060879195	122.931781317485	0.444279561709521
2443.26312695643	123.103609209059	123.020065742285	122.848420345048	122.948211574732	122.697010818963	123.084753095108	123.133365048862	122.958629739405	122.99190570742	122.84773599922	123.133365048862	122.697010818963	0.436354229899592
2474.20270223469	122.858257403454	122.779977302994	122.60536921578	122.705176473591	122.480643988626	122.84211776089	122.896670053134	122.716461978651	122.745209003244	122.601785889403	122.896670053134	122.480643988626	0.416026064508486
2505.53407212068	122.625273302542	122.552277924913	122.364276750746	122.464389375412	122.27437440463	122.602976943132	122.664902447369	122.477453437007	122.501337745091	122.361487667532	122.664902447369	122.27437440463	0.39052804273895
2537.2621979952	122.407509486075	122.336381828662	122.126711141493	122.227564008339	122.07345726804	122.37042822516	122.438678622412	122.242256170457	122.260817057096	122.128653094988	122.438678622412	122.07345726804	0.365221354372153
2569.39210406608	122.201613294135	122.129690983056	121.894872523759	121.997298475636	121.866124516593	122.144932188889	122.218358608641	122.012097234475	122.025186233773	121.903860912005	122.218358608641	121.866124516593	0.352234092048491
2601.92887816382	121.999910072624	121.925193349236	121.667509571698	121.772849684909	121.645943514859	121.922952586572	122.001292857809	121.785811754677	121.79474419035	121.683383893388	122.001292857809	121.645943514859	0.355349342949808
2634.87767254722	121.796145396116	121.720374426593	121.445851937734	121.555202676787	121.421276683531	121.703979238475	121.786462581967	121.562658550396	121.574067085353	121.465161463327	121.796145396116	121.421276683531	0.374868712585012
2668.24370471927	121.584657312362	121.517970321907	121.229408386408	121.343230123758	121.198025174719	121.48622862182	121.573938350045	121.342652279136	121.373779986013	121.248181185507	121.584657312362	121.198025174719	0.386632137643005
2702.0322582533	121.367031962505	121.319403801305	121.015568631526	121.133440780619	120.978007480326	121.266775779762	121.36281948801	121.123542062339	121.198515109794	121.032215380422	121.367031962505	120.978007480326	0.389024482179721
2736.24868362975	121.151682255602	121.12441849686	120.805605715715	120.923325457352	120.765687989024	121.046946142048	121.152636856681	120.903202375104	121.038728788349	120.823083387216	121.152636856681	120.765687989024	0.386948867656486
2770.89839908331	120.94611090431	120.930168003286	120.60387140407	120.713109037398	120.564305371616	120.830800451549	120.942807291752	120.682360979193	120.88304397324	120.626061493247	120.94611090431	120.564305371616	0.381805532694756
2805.98689146098	120.752961732244	120.733927739826	120.410959332971	120.510090556112	120.372765275608	120.629380374322	120.733931181854	120.468647153494	120.72232236804	120.43909279623	120.752961732244	120.372765275608	0.380196456635872
2841.51971709091	120.571045631302	120.535964856024	120.224985091821	120.323113611014	120.189392706267	120.454373356304	120.527312069877	120.27531763618	120.546761382588	120.259348845888	120.571045631302	120.189392706267	0.381652925035226
2877.50250266223	120.396726734239	120.339115439252	120.042797766975	120.151926513324	120.010162370051	120.29909084696	120.321855530236	120.106521662471	120.357373333656	120.081579077694	120.396726734239	120.010162370051	0.386564364188672
2913.9409461161	120.223758928582	120.146900652721	119.858657187176	119.991577116324	119.829775015219	120.153756818308	120.118932189899	119.95479340906	120.164508947176	119.898714111	120.223758928582	119.829775015219	0.393983913362504
2950.8408175479	120.047484131958	119.959911603867	119.67087227682	119.83494576309	119.647055441514	120.010408777839	119.925466762668	119.811774017362	119.974956994738	119.711804474612	120.047484131958	119.647055441514	0.400428690444869
2988.20796012105	119.867790532738	119.776155045258	119.487421092165	119.671597936923	119.463189837774	119.85300532724	119.752150112587	119.663443863231	119.788402268031	119.529123230225	119.867790532738	119.463189837774	0.404600694963264
3026.04829099218	119.686239631294	119.594157350925	119.314958182323	119.496574396435	119.278983795739	119.677937982625	119.604495309936	119.498389673603	119.604265987231	119.358331661233	119.686239631294	119.278983795739	0.407255835554082
3064.3678022482	119.507692929735	119.41645165665	119.154054477375	119.316923796391	119.098647738366	119.499143131681	119.477349157124	119.323589263242	119.426027304611	119.20176552338	119.507692929735	119.098647738366	0.409045191368776
3103.1725618551	119.33331713787	119.243496211016	119.001193187793	119.138288593232	118.922400544222	119.32245976546	119.358826178168	119.146411682502	119.251758766797	119.053333719709	119.358826178168	118.922400544222	0.436425633946314
3142.46871461886	119.161632467484	119.074264452753	118.849503842783	118.96263296016	118.748437129828	119.148178028252	119.234780450239	118.970238748882	119.079610794241	118.906349532715	119.234780450239	118.748437129828	0.486343320410597
3182.2624831585	118.996343547314	118.911694431542	118.694539540007	118.794089444744	118.580849894309	118.981218241224	119.096307466121	118.801150683662	118.914456232537	118.757959701298	119.096307466121	118.580849894309	0.515457571812036
3222.5601688914	118.839011111574	118.75626153399	118.537514159376	118.632466761049	118.419891292873	118.821102564869	118.945251140485	118.638714201782	118.755556314551	118.605355711021	118.945251140485	118.419891292873	0.525359847612251
3263.36815303118	118.686530074086	118.605361685143	118.381158866323	118.474913905639	118.262742508342	118.665209007204	118.790211867804	118.481836221482	118.601636786911	118.45191206646	118.790211867804	118.262742508342	0.527469359461548
3304.69289759816	118.540675364493	118.461325031104	118.2304566599	118.323233784212	118.112466230219	118.516740233471	118.64094456008	118.333519667766	118.45581731316	118.304541253234	118.64094456008	118.112466230219	0.528478329860604
3346.54094644264	118.402736542919	118.325702480989	118.087633066877	118.178511462527	117.969463021509	118.37593341558	118.499416568199	118.192819840378	118.316893239258	118.16388834604	118.499416568199	117.969463021509	0.52995354669018
3388.91892628111	118.268986336845	118.194927197258	117.949648727205	118.039076384118	117.830764148703	118.239758471059	118.362823641809	118.056841633154	118.18213225614	118.027861771555	118.362823641809	117.830764148703	0.532059493106189
3431.83354774565	118.137480533777	118.066132621319	117.813721617963	117.9026969839	117.695303634906	118.107524621106	118.230427245456	117.925126892547	118.051001876533	117.895790806058	118.230427245456	117.695303634906	0.5351236105505
3475.29160644652	118.010705289442	117.941141282986	117.681831771469	117.771186315195	117.56382093919	117.97981054858	118.102945033759	117.797376543064	117.923532863082	117.767438682915	118.102945033759	117.56382093919	0.539124094568791
3519.29998404829	117.886458037979	117.81777421174	117.552213406413	117.643018449453	117.433489350026	117.853970671625	117.978519990803	117.671782250725	117.798812176239	117.641490397307	117.978519990803	117.433489350026	0.545030640777597
3563.86564935953	117.765843722396	117.697174259177	117.425072499618	117.517167477954	117.306182068631	117.731685039922	117.858363153282	117.54980192801	117.678937037263	117.520458707495	117.858363153282	117.306182068631	0.552181084650854
3608.9956594364	117.652221851668	117.582762396091	117.304433227934	117.396476212649	117.185280225833	117.615904567496	117.742831117888	117.431375202844	117.564307985885	117.405610021311	117.742831117888	117.185280225833	0.557550892055147
3654.69716070006	117.543224582139	117.473586497827	117.189211120043	117.280600182092	117.068382680634	117.504482842197	117.630604964634	117.315746707111	117.453347681508	117.295132239923	117.630604964634	117.068382680634	0.56222228400047
3700.97739006839	117.43832352291	117.368937580622	117.078233356446	117.168744218259	116.956378277562	117.398122400118	117.522956957098	117.205423601273	117.347907211836	117.189797152247	117.522956957098	116.956378277562	0.56657867953642
3747.84367610194	117.336691700357	117.266709936882	116.970549947172	117.060403037311	116.847315229206	117.29491699413	117.417899484157	117.098898566332	117.24672876988	117.087964419398	117.417899484157	116.847315229206	0.570584254951839
3795.30344016443	117.239611603782	117.169161720324	116.868054234366	116.957555175191	116.742921876336	117.196573441258	117.319068781063	116.999020637244	117.151927014591	116.991318718573	117.319068781063	116.742921876336	0.576146904726983
3843.36419759791	117.150048326494	117.080386456985	116.773442329949	116.862552882046	116.646979253694	117.106457311936	117.230713798901	116.90864886071	117.066010736218	116.90334581944	117.230713798901	116.646979253694	0.583734545207179
3892.03355891286	117.063073227831	116.994602496592	116.681149730563	116.770236095097	116.554033412588	117.019565970204	117.145816587198	116.821018102538	116.982769057787	116.818950996603	117.145816587198	116.554033412588	0.59178317461047
3941.31923099335	116.980353750867	116.912568568809	116.592546769053	116.681312961551	116.465634526606	116.937139139923	117.064664333414	116.736547353348	116.90228597255	116.738892208085	117.064664333414	116.465634526606	0.599029806807636
3991.22901831735	116.902212440662	116.835196453751	116.507949171547	116.595897455452	116.380649316941	116.857884586131	116.98636856987	116.65496209139	116.823539035118	116.662306529707	116.98636856987	116.380649316941	0.605719252928964
4041.7708241927	116.82226958805	116.755552456171	116.42032430025	116.507351784486	116.290805044853	116.774784062388	116.903888884407	116.57050579206	116.741260798293	116.58274589126	116.903888884407	116.290805044853	0.613083839554506
4092.95265200851	116.745076431273	116.675604619287	116.332748848087	116.418640087729	116.1999396265	116.691832778282	116.821300770344	116.487150171729	116.659995362299	116.504102598041	116.821300770344	116.1999396265	0.621361143843203
4144.78260650257	116.676248424117	116.600429945221	116.249832174506	116.334946758377	116.112970856665	116.614062088838	116.743640271187	116.409208086607	116.584424346487	116.429899948038	116.743640271187	116.112970856665	0.63066941452152
4197.26889504476	116.618190764592	116.535229093925	116.175966668345	116.261010923423	116.034641993604	116.545587814062	116.675440956711	116.34149344967	116.519390100133	116.363012114911	116.675440956711	116.034641993604	0.640798963107258
4250.41982893665	116.575751150617	116.486792430597	116.118789503645	116.203333099727	115.972603328935	116.493355201915	116.622333393891	116.289466949054	116.470463216459	116.309227920298	116.622333393891	115.972603328935	0.649730064955648
4304.24382472765	116.554457814936	116.460707701586	116.084090758236	116.167135471687	115.931509717128	116.462220416781	116.588694243757	116.257758322986	116.442227220837	116.273621204102	116.588694243757	115.931509717128	0.657184526629678
4358.74940554777	116.562755772963	116.467321588341	116.082539668085	116.160933847026	115.920434977218	116.460992810896	116.584300359167	116.25608141616	116.444118993974	116.264910335337	116.584300359167	115.920434977218	0.663865381948582
4413.9452024573	116.60342358107	116.51020653432	116.117508432731	116.18819891725	115.942624801193	116.493295785538	116.612860967651	116.287883032011	116.479843899695	116.288295370424	116.612860967651	115.942624801193	0.670236166457585
4469.83995581352	116.670036702716	116.57962679827	116.17763366741	116.241659208632	115.991531597899	116.552843662489	116.667966036753	116.346539865693	116.542693886563	116.339439837748	116.670036702716	115.991531597899	0.678505104816992
4526.44251665474	116.747229241249	116.659148212208	116.246218840458	116.307454407433	116.054044187583	116.626056407716	116.736515219121	116.417822068609	116.618823623422	116.405164548216	116.747229241249	116.054044187583	0.693185053665133
4583.76184810196	116.821145773437	116.737354344209	116.310334726687	116.373372541923	116.114621931656	116.697908557552	116.80415640299	116.487239765308	116.694406856327	116.472165245206	116.821145773437	116.114621931656	0.70652384178139
4641.80702677808	116.882238189291	116.803147826786	116.35947961493	116.428873106235	116.164980758963	116.76018500323	116.862982236404	116.547839084725	116.761265772802	116.532026443774	116.882238189291	116.164980758963	0.717257430327123
4700.58724424532	116.926615305735	116.851815793862	116.390288250685	116.46893744843	116.200747685549	116.808466221282	116.906160310178	116.592147903994	116.811899225317	116.577275191103	116.926615305735	116.200747685549	0.725867620186577
4760.11180846061	116.962554282596	116.894340857256	116.413215763296	116.500290767258	116.224644456263	116.846028172978	116.937701462546	116.624417195452	116.850600317366	116.610470898016	116.962554282596	116.224644456263	0.737909826332611
4820.3901452496	117.003108207732	116.945402219375	116.441923294465	116.534399373021	116.249752513138	116.885885550065	116.972197619976	116.661766030803	116.892799037484	116.644808999791	117.003108207732	116.249752513138	0.753355694594234
4881.43179979924	117.060743970972	117.016141081532	116.488022240847	116.583086222853	116.289758729254	116.940135071969	117.019708019083	116.71433663262	116.948833484149	116.69064743834	117.060743970972	116.289758729254	0.770985241718307
4943.24643816925	117.142091807964	117.110495152083	116.557191481363	116.652229356345	116.348291199414	117.012758390226	117.083476379587	116.785357984296	117.022496328392	116.753854437022	117.142091807964	116.348291199414	0.793800608549475
5005.84384882279	117.247483147007	117.226476669249	116.648834892323	116.741664138021	116.423672759609	117.104848199804	117.164451244729	116.877310230108	117.116430082068	116.838061815066	117.247483147007	116.423672759609	0.823810387398311
5069.23394417647	117.375529701053	117.360133423725	116.7625988254	116.851604271197	116.517428550667	117.219642644312	117.264072008345	116.990035486009	117.231035718607	116.945453341126	117.375529701053	116.517428550667	0.858101150386148
5133.42676216998	117.520602399464	117.503559207102	116.892200796506	116.979209214882	116.624446493111	117.352210255711	117.37843128403	117.116822733548	117.360291419015	117.07280599693	117.520602399464	116.624446493111	0.89615590635303
5198.43246785566	117.677342889377	117.654611671331	117.032791034707	117.121103258776	116.741536777798	117.497349285946	117.505299562624	117.255089910467	117.501351940785	117.215446911385	117.677342889377	116.741536777798	0.935806111579481
5264.26135500812	117.844767473257	117.816998405988	117.185951090866	117.277821095003	116.881534266112	117.655765060792	117.647210142085	117.406880057854	117.654437532727	117.371950937182	117.844767473257	116.881534266112	0.963233207144626
5330.92384775429	118.020600316339	117.989053343282	117.348605860132	117.446797079475	117.051767918127	117.82356017016	117.802147133456	117.569725731399	117.816794270754	117.539032362884	118.020600316339	117.051767918127	0.968832398211561
5398.43050222411	118.204760501028	118.173277689352	117.522446127006	117.627684635926	117.244661727294	117.999672915088	117.970234591088	117.744906741533	117.990735804826	117.714749196383	118.204760501028	117.244661727294	0.960098773733421
5466.79200822207	118.399946248105	118.374758387783	117.713241473174	117.824902413584	117.459901915544	118.189189158718	118.153944351389	117.936146758651	118.178598549384	117.901349317775	118.399946248105	117.459901915544	0.940044332560618
5536.01919092003	118.605910048533	118.592106419302	117.921675714867	118.039373602471	117.69410748025	118.394173931648	118.354931176312	118.144191968001	118.380507585603	118.101517469201	118.605910048533	117.69410748025	0.911802568282269
5606.12301257134	118.821890868306	118.824853392599	118.149922980039	118.273804022363	117.93886120345	118.616534983082	118.574529088056	118.370400390913	118.596716116907	118.316892934662	118.824853392599	117.93886120345	0.88599218914942
5677.11457424678	119.051167666909	119.075793003034	118.401553695411	118.532798822186	118.199103112824	118.860607784006	118.816015417765	118.618431313862	118.826476917561	118.550636080123	119.075793003034	118.199103112824	0.876689890210471
5749.0051175924	119.294900747437	119.346525769091	118.676721021749	118.817689041602	118.481959244235	119.12763678547	119.082697241568	118.8899136491	119.068896168206	118.804826110503	119.346525769091	118.481959244235	0.864566524855817
5821.8060266097	119.552817688235	119.639507508005	118.977305929581	119.129751815032	118.791514771352	119.417241447121	119.376197095835	119.185743293648	119.333809800076	119.082107572876	119.639507508005	118.791514771352	0.847992736652813
5895.52882945825	119.835800313892	119.955922319442	119.306349645278	119.469569804799	119.131160079496	119.730028494571	119.696798646704	119.505576103688	119.645257898924	119.383116817618	119.955922319442	119.131160079496	0.824762239946281
5970.18520028123	120.166813954505	120.296156996988	119.665759158306	119.837885971798	119.502504011297	120.066670716581	120.046596026784	119.850456954764	120.009183509813	119.710742524522	120.296156996988	119.502504011297	0.793652985690429
6045.78696105408	120.544279334202	120.658668877045	120.055524646648	120.233432353956	119.904176724583	120.425895509928	120.423334395201	120.221453241455	120.407817292117	120.065301943472	120.658668877045	119.904176724583	0.754492152461239
6122.34608345646	120.952679605088	121.039436555805	120.473807857533	120.653730865796	120.334059964653	120.805948507746	120.824201800218	120.617282572267	120.831930267945	120.445478121459	121.039436555805	120.334059964653	0.705376591152017
6199.87469076804	121.384988397576	121.435038897808	120.916261283947	121.095687442255	120.788497985491	121.202858162522	121.247649437272	121.0329479702	121.267844165813	120.849385791	121.435038897808	120.788497985491	0.646540912316169
6278.38505978825	121.820815084488	121.837706915482	121.372153834282	121.549652822231	121.256684263099	121.605897310471	121.683726495993	121.456758618013	121.695734106125	121.267771656964	121.837706915482	121.256684263099	0.581022652383481
6357.88962278029	122.236989512909	122.233154671196	121.825970945698	121.999523272467	121.721910158412	122.004297953334	122.116628097048	121.871180683508	122.108427113802	121.684913977082	122.236989512909	121.684913977082	0.552075535827029
6438.40096943984	122.621783617655	122.599724369288	122.255524973468	122.423636487172	122.162980356816	122.390610438609	122.525359530578	122.259653332505	122.493606206096	122.081224772211	122.621783617655	122.081224772211	0.540558845444437
6519.93184888866	122.94919287953	122.9035250889	122.624996107029	122.787280176426	122.545591890507	122.742684278088	122.873503349622	122.607426411817	122.819139138945	122.423750009015	122.94919287953	122.423750009015	0.525442870514894
6602.49517169341	123.177717894656	123.103191543451	122.891118959289	123.048534633035	122.826762338765	123.032386453563	123.119180650925	122.881031559754	123.044333494833	122.671296541199	123.177717894656	122.671296541199	0.506421353456744
6686.10401191007	123.266439144989	123.155765107447	123.011938642928	123.166920264398	122.96595848598	123.212672248188	123.225469106378	123.02612959312	123.137160255957	122.781283795873	123.266439144989	122.781283795873	0.485155349116511
6770.77160915429	123.181347556732	123.02854400782	122.958898300505	123.110595573543	122.928971545642	123.228134862137	123.174019224891	123.005480703708	123.082040835264	122.721477756248	123.228134862137	122.721477756248	0.506657105888479
6856.51137069782	122.936049651506	122.742451326224	122.758877458606	122.896041375881	122.731372080719	123.086664264313	122.989245017435	122.830791029246	122.897048344805	122.512003602274	123.086664264313	122.512003602274	0.574660662038738
6943.33687359166	122.538731210266	122.317872641373	122.420802247007	122.528773905031	122.379446812624	122.781466978412	122.664596127831	122.487820276207	122.573845719932	122.150890972019	122.781466978412	122.150890972019	0.630576006393142
7031.26186681596	121.991578743662	121.768674764044	121.936442186313	122.007350339956	121.869023590334	122.293240531538	122.197049165246	121.974919505741	122.107841207841	121.633420094629	122.293240531538	121.633420094629	0.659820436908888
7120.30027345721	121.348263775419	121.142293932794	121.347986784288	121.380167977605	121.247314945621	121.676443684392	121.626491841414	121.347803950911	121.52893040463	121.006402566247	121.676443684392	121.006402566247	0.670041118145207
7210.46619291301	120.636078996282	120.457274707157	120.668528686967	120.670714454115	120.543764857073	120.963615888564	120.949105208125	120.628604087206	120.832815922923	120.28358445098	120.963615888564	120.28358445098	0.680031437583381
7301.77390312468	119.840633877139	119.689103075563	119.867989242141	119.865408238935	119.744278245241	120.146942939113	120.155355467677	119.807912744061	120.019354354253	119.456924022932	120.155355467677	119.456924022932	0.698431444744585
7394.23786283826	119.00902772884	118.855057719563	118.995975267205	119.015037764501	118.897333861795	119.277834426713	119.306446500135	118.934763424629	119.151448842051	118.589597533551	119.306446500135	118.589597533551	0.716848966583797
7487.87271389405	118.175813979567	117.985217583557	118.108979013989	118.161676838232	118.04893613609	118.404967150942	118.449744251534	118.058845498899	118.281316406632	117.734654268191	118.449744251534	117.734654268191	0.71508998334312
7582.69328354517	117.355582949712	117.118509360241	117.238563820328	117.326134483356	117.214850311958	117.554123952031	117.606622219024	117.210832424968	117.436143038183	116.91917774648	117.606622219024	116.91917774648	0.687444472544271
7678.71458680548	116.556298837387	116.273543653005	116.396936512215	116.515889743204	116.394115535443	116.728746397381	116.785278406804	116.398622571091	116.620590219861	116.144568284999	116.785278406804	116.144568284999	0.640710121805057
7775.95182882727	115.785778424805	115.462164497917	115.59502521757	115.734464585049	115.594233367609	115.931650338383	115.999572406569	115.629662620505	115.838156494683	115.401569480432	115.999572406569	115.401569480432	0.598002926137696
7874.42040730896	115.045480794309	114.69076607678	114.833401432165	114.983936580162	114.818897510406	115.161689558386	115.257767009297	114.901827157093	115.0865238253	114.680035948973	115.257767009297	114.680035948973	0.577731060325007
7974.13591493344	114.334757285214	113.964979479306	114.114038312595	114.264670830167	114.072520706495	114.422188077816	114.562076428535	114.20747259978	114.36699751944	113.990104588674	114.562076428535	113.964979479306	0.597096949228728
8075.11414183711	113.662472023929	113.299138824374	113.44319661979	113.582641084584	113.370247953191	113.728044618681	113.92379460922	113.552663698959	113.689911474836	113.356336910367	113.92379460922	113.299138824374	0.624655784845615
8177.37107811035	113.031711857489	112.695875374205	112.811335226539	112.943157635916	112.718035080365	113.087529045394	113.342511276457	112.940884780092	113.061279787206	112.790340994111	113.342511276457	112.695875374205	0.646635902251319
8280.92291632953	112.447374540646	112.153267811366	112.221524786977	112.351561795247	112.120483551249	112.508085101108	112.810015174791	112.37200080938	112.487625043824	112.287599680572	112.810015174791	112.120483551249	0.689531623542351
8385.78605412117	111.915756776399	111.664206533326	111.679129306403	111.804510819757	111.576439652816	111.989503201707	112.326797835685	111.841424596282	111.970556013304	111.841147019286	112.326797835685	111.576439652816	0.750358182869562
8491.97709675852	111.438891613627	111.220732057203	111.182158877964	111.297181402796	111.080797544066	111.527641461473	111.898845249133	111.344871998118	111.508584662937	111.44127480339	111.898845249133	111.080797544066	0.818047705066832
8599.51285979103	111.017464940318	110.819110018388	110.72793853799	110.828833752885	110.630068494817	111.11849518494	111.526860923474	110.883644595903	111.100673003815	111.073340246104	111.526860923474	110.630068494817	0.896792428656795
8708.41037170712	110.650295724439	110.455815449235	110.314189089279	110.398968934897	110.221959008974	110.758575022698	111.205419244025	110.459499896602	110.742982782329	110.73651995555	111.205419244025	110.221959008974	0.98346023505087
8818.68687663071	110.33032342125	110.12594604341	109.937089802455	110.005285673533	109.853225816765	110.443278043148	110.925052262533	110.074036051473	110.429005805976	110.436515403066	110.925052262533	109.853225816765	1.07182644576791
8930.35983705182	110.04858620322	109.825724836231	109.594724096743	109.645949028418	109.521601726188	110.166287090982	110.673392481638	109.727407253575	110.151966571099	110.171255150209	110.673392481638	109.521601726188	1.15179075545039
9043.44693659178	109.800814994157	109.55283766382	109.286744650272	109.319451665158	109.225635999685	109.921910380428	110.437055954673	109.418880060309	109.907111842715	109.93781443778	110.437055954673	109.225635999685	1.2114199549877
9157.96608280351	109.584940485216	109.305879032017	109.01222263487	109.026521313398	108.965048703035	109.705266050629	110.200887645465	109.148288543351	109.691195246261	109.729467677918	110.200887645465	108.965048703035	1.23583894243006
9273.93541000718	109.402209257777	109.087748438789	108.774536143551	108.772067492338	108.742871473759	109.515078959774	109.948877883379	108.91686609007	109.506204445159	109.536624066011	109.948877883379	108.742871473759	1.20600640961932
9391.37328216183	109.250790669756	108.902389647929	108.577822147407	108.560945136871	108.562518611249	109.348659280318	109.660544426174	108.728282737548	109.353954043908	109.347071534909	109.660544426174	108.560945136871	1.0995992893033
9510.2982957733	109.118564152963	108.749554850592	108.426501376941	108.399404516106	108.428580656008	109.19935092618	109.306926919064	108.58610957895	109.227595509102	109.140050498134	109.306926919064	108.399404516106	0.907522402957795
9630.72928283909	108.989207100972	108.62767692875	108.32714741306	108.293296178951	108.343946168863	109.061294418677	108.873805705388	108.492817943062	109.115321766658	108.897107047956	109.115321766658	108.293296178951	0.822025587707003
9752.68531383038	108.869442473377	108.538714283225	108.276439832859	108.239077850404	108.302173661322	108.944119178634	108.434289047471	108.444450713278	109.020165362772	108.651466090442	109.020165362772	108.239077850404	0.781087512367151
9876.1857007119	108.78280479182	108.484238279198	108.252830249518	108.213298853916	108.283673734001	108.863920356182	108.085556025626	108.42183019025	108.955707429304	108.465961212625	108.955707429304	108.085556025626	0.870151403677838
10001.25	108.68861830711	108.438771619061	108.24880282974	108.206757810852	108.281604284569	108.786910907018	107.714075697656	108.414014870417	108.888693165923	108.264917481173	108.888693165923	107.714075697656	1.1746174682673

## THD
Hz	#1	#2	#3	#4	#5	#6	#7	#8	#9	#10
16	10.7307310748268	11.686760027932	13.3659312313493	12.2987218814951	13.4000300019662	10.6972198459187	11.1772003696718	10.3085588484309	10.0680341484248	15.3647837231758
32	7.71114793690531	7.92294713595393	11.4703064696573	10.0733621131863	11.885959325253	8.50955233248785	9.30681546318643	8.49531653026358	7.19327411469979	13.8251872103745
48	5.92263751848387	5.68350844919828	9.93181895719855	8.51456968718323	10.2901493070069	6.88295906017498	8.03837126386428	7.13440446021156	5.6780554652383	11.8588645754938
64	5.74416099391612	5.31720565689472	9.42560592972845	8.26963255461065	9.8546879590087	6.92467528038159	7.92965154454397	6.94832247987713	5.6931631010716	11.1766794024451
80.0000000000001	6.52545316284882	6.06375172625035	9.72515618866115	8.67121916057982	9.95133152834792	7.73414572960814	8.54398860588105	7.54957862744938	6.6365747014839	11.1321426391927
96.0000000000001	7.645990462931	7.39789601805193	9.90841247533799	9.11089536681848	10.0232505479261	8.65594693860742	9.11551415323104	8.31869007182774	7.84611001530352	10.8248201947501
112	8.56514333321974	8.48209533148519	9.98678701267259	9.46260236901051	9.99667567122188	9.31442175735334	9.55643062565656	8.90926349075418	8.72907336427534	10.3677497661672
128	9.66641321353785	9.64963440049006	10.7087846183893	10.3307241345886	10.6169575810325	10.2816799179469	10.3950450844874	9.86137308344835	9.80197806254154	10.7475606243086
144	10.4519646489353	10.4653538464208	11.1383979652415	10.8924175508698	10.8929952999364	10.8807135595716	10.9110725962729	10.520580140648	10.5095026713178	10.8312147244803
160	11.1135813617433	11.1228410727114	11.6307543122081	11.4553365822868	11.458234912185	11.575629043887	11.5127886974091	11.1527918724648	11.2221643941386	11.2236957076809
176	11.2312344300641	11.261021888813	11.6347285966529	11.4647172349211	11.3770660584608	11.5926294828571	11.490826727184	11.2384791637703	11.2777757931221	11.0962264779075
192	11.5413761149497	11.604279401482	11.8463939484417	11.7210974521595	11.548431361239	11.9425661329299	11.7906520414155	11.5589450840022	11.5851889153668	11.2379973293297
208	11.7648285789262	11.7926652122479	12.0448473604864	11.9139086014788	11.7291808227637	12.1168077096302	11.9826426664441	11.7618701838429	11.7516821629817	11.418831739722
224	11.8527604309002	11.9496315488794	12.026848074329	11.9533360400957	11.7089925037501	12.2026738588399	12.0492889162329	11.8612275348927	11.8134403262099	11.3506018806201
240	11.6988158480018	11.7825864891556	11.9244144641337	11.8208827436497	11.5646780126687	12.0676927507738	11.8830982102667	11.7285192079751	11.6291503594629	11.1485880835017
256	11.6138610794903	11.6954638501798	11.8309711390912	11.7577126139969	11.4485006603568	11.9658586570519	11.7426733527013	11.6844766268808	11.5194783497812	10.9769319884545
272	11.5309739437655	11.5728895636233	11.6737050574569	11.6088306570391	11.3033031722154	11.8416265466581	11.6309553484262	11.5552511799522	11.3804015396407	10.7984022376204
288	11.1065785990174	11.2473175307231	11.3072267187299	11.2670636915951	10.9755272339879	11.4309046465593	11.210807150001	11.1842748109259	11.0812197640762	10.5305778573579
304	10.8886350125217	10.9146914504991	11.0152907601667	10.9476149467495	10.6815656318296	11.1712276303252	10.9119240380592	10.9082610877483	10.7348770245308	10.1784586015979
320	10.5935218561923	10.6134735300254	10.7326517001169	10.6579775588258	10.3974616602735	10.8794921125647	10.6218967968964	10.6229822667242	10.4307200160888	9.92404849761049
336	10.260103307875	10.267327674396	10.4028102941708	10.3249055599629	10.0544928858629	10.555981729812	10.2920907018117	10.2896921070834	10.1315549736907	9.63605334996597
352	9.84717870146941	9.86330221405276	9.95574937498884	9.8675032319067	9.60995110432839	10.0982608178784	9.88722375943944	9.88283102619984	9.73791010239959	9.25382707697291
368	9.55116260054951	9.56089102333226	9.68499065709226	9.59679145370948	9.33298542929224	9.80648922908316	9.60306286455354	9.59702642361348	9.44407590413687	9.02051524460256
384	9.26555156629239	9.28740566966201	9.37098894587158	9.29363859092087	9.03111092024344	9.51214831027245	9.29991697992946	9.31617671608529	9.16353953267662	8.73064390458884
400	9.00636356145851	9.01171767840213	9.09861355875846	9.01573464084768	8.75542517612362	9.22331135497367	9.04693922287581	9.03245894398795	8.89800122511419	8.45426356053153
416	8.64709289380586	8.65064317381353	8.74461936907351	8.66675426751289	8.41312725306781	8.83507248663745	8.6523790174168	8.67287419635854	8.51064626375529	8.12714808237638
432	8.31174766670298	8.33013798957546	8.3855194581087	8.30989943060104	8.05785883679086	8.49109309717698	8.31462076798371	8.33799047511031	8.18517848668726	7.78184556776875
448	7.91815088924163	7.93017390914208	8.01612762390496	7.93675968547315	7.69901626867942	8.09783574167246	7.923046905123	7.95901236155893	7.80901875151812	7.4289186876996
464	7.47035233851515	7.48757220519634	7.55195310973549	7.4769045451134	7.25249690192716	7.64798598505459	7.46730152879439	7.50341240893609	7.36588013693811	6.97743827683475
480	6.9211785649232	6.93515615680369	7.00095930586177	6.92662211060213	6.71560606952331	7.0779235078965	6.92250372142335	6.96581077990499	6.82765900334363	6.45373841202006
496	6.37615737570701	6.38063420806724	6.47745087868714	6.39221456460439	6.20390095454625	6.5311197659329	6.3821687113384	6.40252931289684	6.28896754710315	5.95714918809989
512	5.78776090757487	5.79316551781986	5.88840638563895	5.79935796150058	5.62441629411813	5.93741097276429	5.80193111744374	5.81589540663881	5.71716482972915	5.39199672863217
528	5.14163075185807	5.14874286807342	5.26746526579589	5.17814605192154	5.02547888787694	5.3013088428846	5.17060277040334	5.17806764384617	5.08808310436712	4.8055366546275
544	4.55583302345422	4.55765388183815	4.70020376520479	4.60983025197486	4.48062046009853	4.71984630831633	4.58329149839401	4.59153340531728	4.5115087086919	4.26804056666748
560	3.99650446242403	4.00957254476354	4.15518122705836	4.06918080137071	3.955701614169	4.16494362316403	4.03863455342735	4.04131388354083	3.96746284302511	3.76877203500183
576	3.50351751694314	3.51149359016884	3.68150626286213	3.59630480292292	3.5063318036791	3.67050040125268	3.54747130928432	3.54831187517719	3.48645318369717	3.33158057726494
592	3.05084595661227	3.06532322275475	3.23507960527098	3.15170413776101	3.08100137227938	3.20807380838839	3.09960965524236	3.1032238682373	3.04436968880332	2.93265347948938
608	2.68290966268734	2.68985890771038	2.86762034236405	2.78960419578796	2.73442424385347	2.82610343695011	2.73158456918215	2.73039595638682	2.68108022044139	2.60250261247394
624	2.37135036300819	2.3736488646749	2.55627456064898	2.48405011193776	2.44403791929632	2.49968717889328	2.41510732708696	2.41671016242025	2.37232665327171	2.3378225038542
640	2.09711583963861	2.09250628705065	2.27538837304825	2.20866326827727	2.1800049379597	2.21039827908654	2.13397608636048	2.13557099022159	2.09512337513242	2.09293832108566
656	1.84770977391393	1.83810380555716	2.02903348407327	1.96610585229981	1.95086221390602	1.95017088591645	1.88193620435489	1.88506337273529	1.84453383679169	1.88575253322491
672.000000000001	1.63991857895204	1.62835468225424	1.82515239393482	1.76172467164599	1.75504642501073	1.73318006331397	1.67004051436476	1.67574587156458	1.63682378833385	1.7096494607036
688.000000000001	1.45829044424499	1.44710782663323	1.64775451512428	1.5836615002803	1.58348032738385	1.54535369821318	1.48816350096303	1.49288016482478	1.45538449782841	1.55643649895422
704	1.30634525304568	1.29432035272837	1.50043130770583	1.43397923608189	1.4390589464674	1.38863868761695	1.33474260347781	1.34080177697463	1.30513067161893	1.4280967124012
720.000000000001	1.16796725824607	1.15723469362809	1.35918265163161	1.29377605548654	1.30441438932528	1.24738013538445	1.19690740464863	1.2038308196638	1.16937177334055	1.29995445703771
736.000000000001	1.0578373883154	1.04639603158092	1.24758245777419	1.18260724812664	1.19768168917295	1.13189988430401	1.08595342518713	1.09460223780039	1.05846216436099	1.19680860869984
752.000000000001	0.965847082334577	0.955125472892043	1.14939594739581	1.08859775693435	1.10497374136133	1.03606599805543	0.992538888344505	1.00307353982377	0.965997759292231	1.10532858266313
768.000000000001	0.882794131312194	0.872377743493315	1.0539043411475	0.999673338716688	1.01931305665846	0.947050491333668	0.907298987151733	0.918846042474966	0.883751361539142	1.01525305574892
784.000000000001	0.815314620450221	0.804703671558844	0.977323304010353	0.928515794034538	0.950549582201575	0.876002773621066	0.841070877439438	0.849918141730117	0.817102795201083	0.944592587848308
800.000000000001	0.756712137716196	0.747725163609989	0.904306849056343	0.861876087281584	0.884319941939443	0.813500447068666	0.782851033090485	0.788845078900376	0.759497188722913	0.877348549862132
816.000000000001	0.708018000687694	0.700665585347668	0.843844959087016	0.804514803196611	0.826740536574497	0.760701620238741	0.733602073718259	0.737175784807963	0.710019661218015	0.821161752507531
832.000000000001	0.665231329216882	0.659258841658572	0.788883814384824	0.751108330231656	0.772038896312413	0.713866720013022	0.688547952190637	0.691213402098117	0.665334973227007	0.769897359616104
848.000000000001	0.630521515799923	0.625725461024039	0.741757083874216	0.705062916446288	0.723906129803518	0.67430926678566	0.650575388615049	0.653402636292323	0.627351367774266	0.724672913124202
864.000000000001	0.602063692611181	0.596424562604225	0.704711231303694	0.668153980615619	0.68633955435043	0.641363359678095	0.61787544302984	0.622129021806903	0.595496069598951	0.689713659246879
880.000000000001	0.576184009427199	0.569103481701679	0.669044908291937	0.634921288456163	0.653195428530236	0.610827187016457	0.588607271322473	0.593157555191291	0.567838645927817	0.655281328277732
896.000000000001	0.551384440522739	0.542478396999113	0.63642341209573	0.605592331221237	0.62468027635382	0.58173916732469	0.560843097161199	0.565121300062279	0.543856719727434	0.623848470048964
912.000000000001	0.532006290919338	0.521197248155762	0.611025246746805	0.584418026027407	0.603456871981156	0.558443835171167	0.539034399561321	0.542766268725121	0.526091172102221	0.59913257164171
928.000000000001	0.513089429802897	0.500930197712939	0.585455094687792	0.563718094321861	0.580430814665393	0.535859478555741	0.517926739614485	0.520647872111033	0.508998115262656	0.573652097089197
944.000000000001	0.496556460092699	0.483476743935332	0.564586988173582	0.547234936106791	0.56077294100748	0.516851312587815	0.498936169012359	0.502564594888428	0.493438537381421	0.554730155773975
960.000000000001	0.480245196458171	0.466793498337157	0.542980093816377	0.529674166530295	0.540114941375616	0.498445991592495	0.479877403299693	0.485735143205058	0.477326922032498	0.535385637145789
976.000000000001	0.466398596626235	0.45204349946003	0.52416844977828	0.513793776519481	0.521675104329213	0.482672639683093	0.463610542292448	0.471951079303332	0.462830309505272	0.519417818618661
992.000000000001	0.454391615276556	0.44002527274211	0.508512451012989	0.500124405138629	0.507067086677472	0.469775541265691	0.450017058400651	0.460964491561082	0.450197588731722	0.506610510813792
1008	0.442022478926009	0.429026222192827	0.492174640768706	0.485192139376808	0.491942230244208	0.455994010749913	0.437775729966184	0.449261820920087	0.437774567088134	0.491788858891801
1024	0.430411571284752	0.419330044334626	0.477848003405273	0.47134239798015	0.47846423146539	0.443036313969977	0.427294012429371	0.437799055163153	0.425725653412353	0.479000651022277
1040	0.421248519996299	0.4119916124122	0.466413656008564	0.460066254529141	0.467471475418988	0.432294966520005	0.418704749651658	0.428508912401554	0.415789817897143	0.469282956093311
1056	0.41336068206915	0.40537957197358	0.456056734489853	0.449671767643107	0.456984078838392	0.423123037653074	0.411449292385047	0.419872854789163	0.407011054496007	0.460276434324054
1072	0.40683410783187	0.398980819762238	0.447652194697502	0.441027138749992	0.44770869675424	0.415475206065449	0.404369200112246	0.412776247407168	0.399349942150073	0.452937987157351
1088	0.40232018901169	0.394295424360165	0.440183718392992	0.433667969232955	0.439247148156771	0.409610184322005	0.398547719130238	0.407045270340425	0.393530019124775	0.445644288730423
1104	0.398697249530976	0.390064651640939	0.433882305586348	0.426889601892332	0.431850071039284	0.404501062773286	0.393669881397312	0.402455282344058	0.389002385991972	0.439287287751787
1120	0.396576472421907	0.387501366799222	0.429019067911439	0.421683741443312	0.426233896744085	0.40075723260479	0.39011582487312	0.399681987979539	0.386246949084522	0.434184843331064
1136	0.393256759404826	0.384350773449909	0.422361054566728	0.415709448828888	0.419050412580009	0.395970268342588	0.385839157589814	0.395994621483625	0.382516230818699	0.427820853164872
1152	0.391790365940075	0.38295531993769	0.418154605179568	0.4124397418211	0.414846074723387	0.393363758478706	0.383561155361485	0.394226589440128	0.38044928197098	0.424489891865996
1168	0.390595598811927	0.38190230404075	0.413808510536358	0.409379734124218	0.410658758961684	0.391349259472388	0.382039033923314	0.392507236751593	0.378906103203252	0.420940575337596
1184	0.390081012032828	0.381640300244248	0.410466824223646	0.40743029823368	0.407508096872883	0.389970270224076	0.381575552286359	0.391127444830239	0.37766137876649	0.418685009470965
1200	0.388792320509818	0.38084040903239	0.406841205183803	0.404560683863067	0.404403668197144	0.387978700062541	0.380466455582688	0.389009987744535	0.376099641294897	0.415808196571271
1216	0.388512779019616	0.381151205774703	0.403794320567997	0.402096196176467	0.401650728419738	0.386733654974124	0.380026137141059	0.387872259774476	0.375291286460126	0.412829726404881
1232	0.388673697523672	0.382162246768244	0.40198668771094	0.400809398243974	0.40020166325705	0.386196291169435	0.379654892712755	0.387463137359066	0.3752747025095	0.410389432609004
1248	0.388806664877425	0.38320868816701	0.399857438115636	0.399312956644498	0.398042121422732	0.385685358659412	0.379006678360815	0.387023813710559	0.375351619989148	0.407385965423891
1264	0.387730983163819	0.383188293188523	0.396740152831426	0.397213475760085	0.39455463702343	0.384245597532413	0.377662626958436	0.385574022319001	0.374621504165792	0.403769553807531
1280	0.388100368137666	0.384300022694323	0.395368630723914	0.397015657825104	0.392884918521746	0.38417384753562	0.377874222533248	0.385829649619058	0.375102509127116	0.402790193186818
1296	0.388069574540888	0.384631381516125	0.392912651899956	0.395621759459366	0.390076818476663	0.383277992735711	0.377810989527454	0.385579297994839	0.375217794602691	0.400996721014124
1312	0.388183471796508	0.384975071172419	0.390953429017702	0.394059107044248	0.387592157385887	0.382308166612857	0.377592255962824	0.385193038016022	0.375001183980663	0.399458898664719
1328	0.389107399715311	0.385993940888956	0.390235571365157	0.393199258635623	0.386176501453442	0.382268762514894	0.378062774058529	0.385596732509423	0.375732232997343	0.398369314050545
1344	0.389598948200434	0.38617759373554	0.388882763343036	0.391334178006839	0.383548460983645	0.381348249807009	0.377782577576686	0.385008890387942	0.37597229673137	0.395846240908084
1360	0.389580081304396	0.386125306893197	0.388081591496569	0.389751494696534	0.381379564897603	0.380949107711236	0.37731762198765	0.384338932105198	0.376051205882606	0.393461933210245
1376	0.388296944939307	0.384859584615893	0.385657452686087	0.387163290472925	0.377857418011932	0.379592130675027	0.375852037317389	0.382691539498768	0.375232417326874	0.389669632496017
1392	0.386794173090561	0.38335548852506	0.382763735928663	0.384593750299945	0.374267089470329	0.378435678091566	0.374250216753278	0.381077904980722	0.374100549428817	0.385471852604105
1408	0.385218933068763	0.381990603120931	0.379896100206639	0.382393547605076	0.371304197577583	0.377371334698834	0.372919512381238	0.379961292370851	0.373184104168276	0.381609465698005
1424	0.38323113427234	0.380417799881876	0.375655463017693	0.379132221298626	0.367632581706315	0.375687453833025	0.371336067823546	0.378361195775486	0.371615662551324	0.376495297701414
1440	0.381897316646736	0.379479080022214	0.37187005924835	0.376569672306666	0.364858497908002	0.374387292398903	0.37018650880671	0.376857638688931	0.370348824408754	0.372677448010653
1456	0.378608075135055	0.376667602659425	0.366385947558192	0.372243721051874	0.360050365224163	0.371338856884724	0.367753886844421	0.372980612956178	0.367443225006134	0.367457080783444
1472	0.374852302448214	0.373354287409706	0.360996636353854	0.367347367410665	0.354649863976169	0.367267213736477	0.364464816632482	0.368139104885855	0.363869520208061	0.362323735916929
1488	0.371149435728376	0.369720152243162	0.356164321703198	0.362852982065151	0.349554794793205	0.363382711597723	0.360912716722191	0.363391359860775	0.360352024195313	0.357533456607021
1504	0.367820909038056	0.366069714745537	0.351539862432989	0.358042836618323	0.344158607928019	0.359210813829416	0.356689707490671	0.35903335687162	0.356696765316652	0.352420791328854
1520	0.362514902178164	0.360817438066474	0.345737300524282	0.351815777392783	0.337379274142367	0.353747979450897	0.350906559908855	0.353631311333738	0.351542920927586	0.345484540975086
1536	0.357654976512645	0.355820868114806	0.339846669830933	0.345335232520677	0.330614719406996	0.348199368631654	0.34521933773827	0.348778634474815	0.346507174495037	0.33854533963603
1552	0.353088298188129	0.351519748790624	0.334218554935947	0.339561248572573	0.324320263997657	0.34316117774287	0.34027913312066	0.344796912607406	0.342241174231768	0.332016593012032
1568	0.346999993275443	0.345923702429742	0.327634776105719	0.333116136412659	0.317467831145826	0.337331108132237	0.334868050813109	0.339446651520565	0.33690139244676	0.325139400334964
1584	0.340161422883864	0.339692894091861	0.320321107728623	0.326199618547441	0.310179902692264	0.331287441704876	0.329487174060672	0.332948497852305	0.330905860765268	0.317292340537168
1600	0.332583209510716	0.332978962033993	0.312855688269567	0.319068008385414	0.302984113283595	0.325122762659578	0.32372376384905	0.325442760350477	0.324181659851045	0.308848946152075
1616	0.32693037180524	0.328111788585191	0.307345132850026	0.31371667142791	0.297789111364928	0.321141553310638	0.319804172132975	0.319833002005535	0.318973833253111	0.302299525107205
1632	0.31918910611419	0.321126410127087	0.299832322616428	0.306237936468561	0.290763948029687	0.315209631755013	0.313772299433124	0.312161095589888	0.311941781419201	0.293620807609719
1648	0.311576934190604	0.314340875680784	0.292978579973757	0.299225794998822	0.284327638324191	0.30895116638011	0.30750502135012	0.304930578010488	0.304893271977343	0.285851116583756
1664	0.303549345468674	0.307182549448457	0.285714387872241	0.29172394691317	0.277034396686766	0.301600975437202	0.300382115748486	0.297288684195531	0.297384772342408	0.277582202971556
1680	0.298271063066243	0.302441320635467	0.280729422411089	0.286918713998493	0.271817541013951	0.296258007237883	0.295302259692987	0.292308968726653	0.292332378109816	0.271759198817888
1696	0.293243155119346	0.297517801119553	0.276583990225742	0.282660105701563	0.266906317376623	0.291009735761727	0.290681842900438	0.28770753631786	0.287912466788472	0.26611412027941
1712	0.287601940429314	0.291317010523565	0.270964226989425	0.277515164496601	0.261811870752509	0.284689524424065	0.286359419858028	0.282774969621777	0.283059526139926	0.258352155509473
1728	0.277901227323772	0.280872044741017	0.261828670279312	0.267827799229907	0.253879183645172	0.275107968916712	0.278514797389064	0.274393318375229	0.274029056488584	0.247981352294303
1744	0.265567932250455	0.267991498162294	0.24967227548433	0.256197926429535	0.242826852063426	0.263424734184649	0.266777609593924	0.262315195738564	0.262022525477692	0.235181779255391
1760	0.253032187177584	0.255001246785186	0.237424775809007	0.243742458155321	0.230899053316379	0.25106885093047	0.254525316326212	0.249458213437579	0.249328392888163	0.222516454126146
1776	0.243432886684831	0.245398699085523	0.228390943969584	0.23436512024361	0.22251444570009	0.241613890342032	0.24557934394534	0.240110665708578	0.240189791941173	0.214536008352875
1792	0.237574010716017	0.240162522613545	0.222833561814252	0.228617534665051	0.217468947391109	0.235754415678791	0.240700339108915	0.234672382929159	0.235031826969155	0.210325639125063
1808	0.233622389386235	0.236832119482775	0.219122474841606	0.224859442242196	0.214547049282116	0.232243600998867	0.238404227729102	0.23109841246102	0.232284369058013	0.208844745392048
1824	0.232195660628066	0.23596697935194	0.218109684761526	0.223757288084859	0.214140259586027	0.231391165685892	0.238979300728928	0.229937700500358	0.231990290079635	0.209634125881935
1840	0.231074458767386	0.234645830267836	0.21722160421601	0.222713394101594	0.213751660782732	0.230642330832148	0.23974361236221	0.228478511114941	0.231228606738049	0.209950257624537
1856	0.231356719795683	0.23450128155098	0.217663630713626	0.222996345040099	0.214638073908191	0.231458533116976	0.241919732895826	0.22832163666002	0.231487793267309	0.21118817220565
1872	0.229902223458845	0.232001248997198	0.215765436968295	0.221090629945929	0.213020941900624	0.230105276642065	0.242005126289184	0.226326927344972	0.229594833438848	0.210106787891901
1888	0.226949998568666	0.227880951315718	0.212108690673435	0.217451562610928	0.209227969403044	0.226800769957526	0.239965151895752	0.222517660055756	0.225899827281771	0.207348744983759
1904	0.223587107034772	0.223239117902581	0.207466671439138	0.213478356524657	0.204586044266174	0.223026580181659	0.237232253922458	0.218089375301927	0.221870396222331	0.204386596808293
1920	0.220822747684574	0.219161254182975	0.20299890460818	0.209808241742755	0.20020439844457	0.21977030026082	0.234881035197168	0.214038619362792	0.218460879778511	0.202078899746485
1936	0.217691476259532	0.21491961231443	0.198284267463311	0.205705555075359	0.196022926793974	0.216550775572743	0.23229729620509	0.209561109099021	0.214934037369603	0.199975854924814
1952	0.216219530798183	0.212524892762209	0.194891758890549	0.202276420101162	0.193604986222177	0.214977575766552	0.231576571902026	0.206556354310998	0.213320696410336	0.199277194351814
1968	0.215596077959422	0.211114209126517	0.192305952985637	0.198620346028429	0.191617689817349	0.21428185939603	0.231854954440691	0.20431698300486	0.212958069628195	0.19967734673761
1984	0.217729921916401	0.21275905593421	0.192182047222653	0.19663892492679	0.191711631764316	0.216353866086208	0.235133343297984	0.204635192818067	0.215532216378109	0.202902177438867
2000	0.218803507057307	0.213957764094734	0.191113745037107	0.193702405446291	0.19044803412674	0.217824942349112	0.237869707186203	0.204214164650443	0.217480718209969	0.20560422176433
2016	0.219876332169735	0.215777955326424	0.190309626981966	0.191265332169491	0.189252778945275	0.220014938321683	0.24147238241767	0.204166239808303	0.219633258457103	0.209240333890772
2032	0.222555983117609	0.219713206349078	0.191027276968903	0.191031240473186	0.189850844386749	0.224605412990651	0.247512155461399	0.206224195499391	0.223560890918257	0.215114850565599
2048	0.224697061994669	0.223617872931744	0.191220529683196	0.19086676071556	0.189993239995425	0.228971446826596	0.25330533103753	0.207913586409876	0.226753365349946	0.220199895614904
2064	0.229129673696363	0.229653014788195	0.192762774637127	0.192529316646981	0.191294094956611	0.235481543758548	0.260908632083684	0.211253295693576	0.231702396850774	0.226926709559647
2080	0.235450258404022	0.237040265608482	0.194829551996106	0.194977159457465	0.192762649440654	0.243237078572848	0.269430838689489	0.215430133566693	0.237958204409272	0.234573441228549
2096	0.244716046305359	0.246755734508599	0.198541936441673	0.198807490500206	0.195382877276056	0.253329419290149	0.280109177205831	0.221286984322233	0.246673704173336	0.244332506073194
2112	0.255408249779341	0.257684409671731	0.203131043816972	0.202970118849774	0.198418935011362	0.264258799012642	0.291187905531062	0.227902593365849	0.256221815920143	0.2551489447413
2128	0.266537389553762	0.269018173488967	0.207836301432626	0.206810797574167	0.201470642609644	0.275084237260885	0.302081618231625	0.235068148835425	0.265769060996554	0.266118571317697
2144	0.279447936314881	0.28242397645725	0.213994006441589	0.21206449373787	0.20614155231531	0.287239163244439	0.314416545792494	0.244614689828032	0.276823727166788	0.279272086297144
2160	0.294230419123671	0.297798770470846	0.221477892190827	0.21899455030103	0.212240107488896	0.300718225411349	0.328521036428839	0.256745833304275	0.289451635725796	0.294270952586518
2176	0.307362217344585	0.311256691429554	0.227410082937534	0.224901040612296	0.217010224852537	0.311749072687369	0.340715382648317	0.267747822193925	0.300702656027383	0.307355736288829
2192	0.321462701940201	0.325544511685388	0.234470186691858	0.231921297668579	0.222791467604478	0.323115335022706	0.354519571983031	0.279200877954433	0.313469978117617	0.321527370088089
2208	0.333474936934871	0.33791113383326	0.240878808852379	0.237655023369562	0.227556166019127	0.331750619328613	0.366756216318647	0.287549509855535	0.325083062196223	0.332966012862802
2224	0.34604864286501	0.351628881147465	0.249203099594334	0.244364910171341	0.233893957628799	0.340404581617149	0.380436472057408	0.295129533626937	0.337708924544456	0.345019429848919
2240	0.356380651008985	0.363897461038151	0.257654954051251	0.250474652383421	0.240466162413026	0.346389087867725	0.39233899496903	0.300183414976128	0.348313420375459	0.355158078998056
2256	0.363761256113231	0.373615940829259	0.264932306787336	0.25536746041014	0.246800318681315	0.349449202032782	0.400736512068297	0.303161772914913	0.355550747299607	0.362483362331257
2272	0.372341511367966	0.384137406915346	0.273649607640052	0.262288716457943	0.255480697745634	0.354138353661777	0.409203201181662	0.308191150526858	0.362817946607745	0.370607746241121
2288	0.376720421617999	0.389829858001281	0.2790483405784	0.266938120803775	0.261709184884418	0.35589934897829	0.411788637571447	0.310742127740395	0.364784152861668	0.37380789811095
2304	0.377771916131609	0.391664073602819	0.281206923331282	0.269395831582733	0.26482731670556	0.35556440407492	0.409985704839003	0.311314022072289	0.362588386576454	0.372799649423155
2320	0.376565044207686	0.39071646117876	0.280371512647209	0.269674339475916	0.264814772144486	0.353651935086207	0.406395925443307	0.310004017963961	0.357830029672376	0.369306799654046
2336	0.371763646775958	0.385335315879604	0.275341692026006	0.266524323954355	0.260500161567915	0.348684421450639	0.400263554776591	0.305269991951327	0.349898078556192	0.362446908003224
2352	0.364436676856326	0.375972222072686	0.267341269873409	0.261363001627506	0.253466615607441	0.341230133490764	0.392360223242593	0.297901043728922	0.340277106675086	0.353945284156901
2368	0.356415555041754	0.364063227756192	0.258297215759319	0.255757742694637	0.245812132164795	0.33316488367288	0.384076268979885	0.289654522591522	0.330501849404077	0.345529790553291
2384	0.347886557620202	0.350679261308601	0.249654632682122	0.250588761655047	0.238698392365551	0.325659431858906	0.375282887710926	0.281563404068623	0.321657449017502	0.337179741504973
2400	0.341852819651624	0.340040200359771	0.245065943073156	0.247983080526202	0.234702280516655	0.321780207093219	0.369082026144647	0.276758056165208	0.316328577138486	0.332032455528577
2416	0.332333133272543	0.327774097756772	0.24052610844998	0.243166179910715	0.229626743157939	0.316490074422983	0.359880152487423	0.270968644148024	0.309033719852193	0.323887373433729
2432	0.323178601076907	0.318666419150692	0.238321402796575	0.238452659686622	0.225735907445575	0.312252523903704	0.351843983050963	0.266883635544047	0.302385890590892	0.316553999715183
2448	0.313309810981852	0.310787127007034	0.236030950227417	0.23288022726877	0.221523825848603	0.306949274545798	0.343465645974009	0.262597365122676	0.294419412905419	0.308379707915037
2464	0.303798496258272	0.304155382794033	0.233066621304741	0.227461251400106	0.217095084627876	0.300762206294257	0.335447567723243	0.257987851354007	0.285777636372536	0.30018883217347
2480	0.295081617849863	0.298090128174675	0.229564892619539	0.222825632787882	0.212836580819736	0.294268068525076	0.328024510568499	0.253212437024383	0.277320127048973	0.292259938735222
2496	0.285302321038418	0.290331831312918	0.224281620120172	0.217486524805749	0.207631051196783	0.285782153086501	0.318721921040501	0.246761910017283	0.268188660051201	0.282549018487012
2512	0.277685194433541	0.283858788679131	0.21994532785239	0.213075599925335	0.203760682918445	0.278181707764395	0.310626393408137	0.241234878161015	0.261862722604465	0.274084587608509
2528	0.2721229220674	0.278340802168618	0.216197252317408	0.20832673777934	0.200597004279062	0.270666365903913	0.303092713571884	0.235661778754037	0.256960056379823	0.266228892337956
2544	0.267162773167264	0.272311609498603	0.211460352575723	0.202147428089046	0.196632896447935	0.262055022322021	0.29496699696169	0.228764740283553	0.251473736547683	0.257705416919817
2560	0.265888244992282	0.268652091482284	0.207708530478864	0.197556033691135	0.194392355614182	0.256579530487787	0.290538075965069	0.223555257616813	0.247583737323955	0.252412557298596
2576	0.264296902057373	0.264083380802685	0.202885489269134	0.193682713340907	0.192109903513726	0.252972275253816	0.286964502473384	0.218355546230455	0.242484941854834	0.248245948466299
2592	0.260991582091467	0.25753058134848	0.197179653511143	0.190626932472946	0.18890851935183	0.250767312511039	0.28260127032554	0.212910067751864	0.235013583860468	0.244277578567871
2608	0.257345410792774	0.251520871038914	0.193027656911759	0.190488295962446	0.186129151460813	0.251207035496718	0.279015315983755	0.209801827847197	0.227066456359693	0.242772249704609
2624	0.250732256300469	0.243574248802199	0.18814120834727	0.190157437784953	0.18161827120025	0.249832999178871	0.273251578024765	0.206870267612729	0.216106082897732	0.239920434630906
2640	0.246588322020218	0.238337873938117	0.185600969028803	0.192095136149425	0.178769495342022	0.249687502962056	0.270251541739918	0.207140340948348	0.207252350528162	0.239482247704647
2656	0.242564859764143	0.232887978173757	0.18313087290288	0.193500692427124	0.17557803371307	0.247235279788276	0.267213418003065	0.207092203091888	0.202133549518945	0.237449070436059
2672	0.239252833795979	0.228581005976765	0.181533440426309	0.194575517218937	0.172518319849152	0.243391050291117	0.264562650514861	0.206075641832032	0.207772289905038	0.233621809600666
2688	0.237638863124487	0.227848244863058	0.183084534102647	0.196390131394379	0.170917820931489	0.240448296782124	0.263334415992107	0.205075973686414	0.228051330121643	0.229968122510021
2704	0.234193679541458	0.229312847090508	0.185823177615754	0.196417494250645	0.1688676499669	0.23662805391523	0.260842267344006	0.202386262548678	0.254831132018168	0.225266884469253
2720	0.229436074680062	0.234433525974866	0.18959063949717	0.194865287847754	0.167117887188074	0.233429194387355	0.258613308487392	0.199322866742888	0.279393919916754	0.22217549534967
2736	0.222265571387959	0.241209081735184	0.192271327291801	0.190606069604177	0.164919072560616	0.230430123219414	0.256228210337932	0.195603799161419	0.291601240838005	0.220415061963606
2752	0.213570813879993	0.247436995842838	0.19262003547857	0.184352305901696	0.162104430039492	0.227295145207194	0.254031272780859	0.191370201260923	0.287781617315878	0.219390039072282
2768	0.208959392396594	0.253522743727121	0.193527313272572	0.179513518686256	0.161427074589746	0.226570365124638	0.255072205155005	0.189174903778902	0.27351975018837	0.220351786642121
2784	0.209730601834665	0.25419024457226	0.192073785254413	0.173667069429952	0.161529700600892	0.223742032100899	0.254276129518068	0.185618556528497	0.25196208906491	0.218522203888994
2800	0.22366806265501	0.253161064336587	0.191334484930259	0.169649118902747	0.166400308239384	0.222027276201958	0.255154420519124	0.183303115119937	0.234560135272588	0.21661409601309
2816	0.249054951604323	0.250129106454254	0.189643912077967	0.166748923921995	0.176040529411195	0.220984000329004	0.257066571009407	0.181306654183806	0.225664472463252	0.2145825579735
2832	0.275543100948344	0.24290847692326	0.184399924704367	0.163632341269628	0.187611119662859	0.218385340419774	0.257268542250709	0.176432255597572	0.222705548766284	0.210987208095713
2848	0.298004800782213	0.236425734069142	0.178562486566035	0.16417201904781	0.201796042180345	0.21789541542442	0.260690647273336	0.171415757136492	0.226288189030942	0.210402365591824
2864	0.303991948779653	0.227888099643181	0.16974280833637	0.166123753504235	0.212380884163413	0.215761437438408	0.262834078758983	0.165070640009785	0.229128025506953	0.209225237643202
2880	0.295307002246441	0.222044879525834	0.160933700759011	0.170971354336505	0.219212637948611	0.215032658959545	0.266921060725594	0.164910720941831	0.232768876564614	0.211340628338671
2896	0.273484808996867	0.218792970365784	0.151658947680159	0.176885966344952	0.219577532071768	0.216410683927908	0.270934929908205	0.176522052922336	0.235364595142234	0.215640342751868
2912	0.244820552148496	0.216670774785455	0.142597122297105	0.181813365055827	0.211535618350099	0.218961817201635	0.2724586314617	0.200335916642677	0.235292652917557	0.219852872305337
2928	0.224603059979148	0.219091360020173	0.140687032659028	0.188898302786479	0.199735660260505	0.225624153322734	0.276342415116276	0.234944501414688	0.236718302039324	0.226744153185012
2944	0.217064721285193	0.222378674405895	0.149857180948216	0.195961185259356	0.184562080194059	0.232423707349333	0.279289213331691	0.270795873333404	0.23765311542393	0.232390559004145
2960	0.221744611952654	0.22603575382767	0.171902298925758	0.20307641844794	0.17068130092693	0.238348839681257	0.280490080350784	0.303066902756177	0.239055974113702	0.236015470970156
2976	0.233674875224336	0.231128207583347	0.20287262588554	0.210679249040834	0.164174866290442	0.244969784286682	0.281550357683229	0.330106620073675	0.243036088646678	0.239448180000908
2992	0.244043784247909	0.234994204826734	0.232316332964907	0.214760761793948	0.164860497108028	0.249420695841656	0.278270504562561	0.344428678009607	0.24645376163468	0.24000384681678
3008	0.254169760204562	0.241827658221876	0.257699040298618	0.218003095917333	0.173146425000309	0.255883637390785	0.275838021987117	0.347318296104521	0.25276969303973	0.242010637294885
3024	0.259811201158187	0.247589985020334	0.272477797168783	0.217122315943603	0.18262138200237	0.260631374224918	0.271874376187747	0.329939954378574	0.257132969676217	0.243199156921137
3040	0.263233812996472	0.253180997946068	0.277407170008325	0.214697367293236	0.191172235820533	0.264995901463683	0.270306310295588	0.294666187641221	0.260820149974411	0.246960854025283
3056	0.268116929714943	0.26012964734609	0.275427652929936	0.21362565270353	0.199181133039939	0.271394209497089	0.274663979217808	0.250448567174952	0.26618305644532	0.257049747547793
3072	0.271592286664583	0.264259911050371	0.26430841710164	0.211469252137324	0.20327135633687	0.275513513457802	0.281542735778551	0.207129700041596	0.269076767545514	0.27003998776035
3088	0.278842463531654	0.270650234748021	0.24986096898056	0.212080128631453	0.206396715189994	0.281623645836958	0.29375762809651	0.186133583779092	0.274146807952422	0.288606888852217
3104	0.286365773507077	0.277322937860822	0.232455684027353	0.213124290280129	0.207462333164642	0.286486460332661	0.306343995070125	0.190377835223389	0.27847080816085	0.307075607135809
3120	0.294021050714318	0.285046333737121	0.216553695457669	0.214399067789207	0.208566055717465	0.291110980485355	0.31912386080108	0.207815070608808	0.283070096851087	0.323286488514796
3136	0.302215122387541	0.294140894464105	0.206752290888957	0.216741231598021	0.211801967824612	0.297461286857183	0.332630920736038	0.225122121478999	0.288749966842311	0.337536563468393
3152	0.307362814455132	0.299759932659338	0.202634229194266	0.217996450697535	0.215611700489409	0.302894529396317	0.343204525858633	0.234572615696543	0.292478345842287	0.346331172303508
3168	0.314967799547195	0.306028423139581	0.206940315496886	0.222049601149892	0.222554787588726	0.31144570208179	0.355506442330745	0.241884240520461	0.298829648711819	0.355020507183702
3184	0.323395223611906	0.311887772896006	0.216902520002958	0.227642278705526	0.230511358304885	0.32044811987839	0.366913970225379	0.249923314805919	0.306759736811814	0.362100228988887
3200	0.330953600500097	0.317083680906916	0.229256519016129	0.232098621119474	0.236951180359659	0.326393878338563	0.374486567883688	0.259137404805612	0.31403754125182	0.365013551709533
3216	0.341109375605519	0.326671450499686	0.244559112788347	0.237518068579387	0.244175575951974	0.333182540105944	0.382461227872444	0.271902610667472	0.324306760846078	0.367460499629268
3232	0.347451450468388	0.335421437800163	0.257030825801385	0.240223945263007	0.248849378149722	0.335993868078395	0.386000960638743	0.281817910251915	0.331484659547532	0.363867654473591
3248	0.353588111588733	0.346474566184046	0.267814374367984	0.244050980244259	0.254472333383322	0.340740535063906	0.390900486317138	0.291332668118681	0.339204020001873	0.360113820140715
3264	0.358515088978039	0.35642346698948	0.275236500806778	0.248995036710356	0.259995931449775	0.346650542181275	0.39555061089919	0.299304928177839	0.346146104319515	0.356151574305762
3280	0.361593302216814	0.362594396593224	0.278500128857834	0.253752506031578	0.264376218794346	0.352313210585168	0.39740705682483	0.305066976475786	0.350632769086026	0.352483860209688
3296	0.368153153340316	0.36950584694823	0.282165437311695	0.260888450802262	0.270764106106621	0.361426004423398	0.400654068114101	0.313566165831006	0.357774352308282	0.354069428014124
3312	0.374711705965492	0.372922133174816	0.28454014750753	0.267373198478107	0.275909515665157	0.368083417992477	0.400375252413423	0.320405021977395	0.36237682819252	0.355891675940941
3328	0.38104088664784	0.37589027921358	0.288296836732858	0.274010423768915	0.280639640359979	0.372877629659563	0.399492402445254	0.32682405164085	0.366756407329301	0.358806717355638
3344	0.386339468448372	0.378537167736088	0.294116284642746	0.281743243280753	0.284912571891496	0.375895505337162	0.399216820841668	0.332538922444794	0.371245893771303	0.362039995465421
3360	0.387939975175881	0.379042734418739	0.299817396303342	0.288785648522448	0.287259688395895	0.375133507693176	0.397342442224784	0.33539516551761	0.373236737160925	0.363652721938829
3376	0.388580880549276	0.379677077979531	0.306101171310278	0.295851830104966	0.28920250657866	0.374198504309981	0.396530270951487	0.338385351790089	0.374750122411188	0.366046708252317
3392	0.386706510062743	0.377952393286511	0.309789843091955	0.299931747884108	0.289561899755505	0.371916005057586	0.392928156414319	0.339729575779617	0.373124092948474	0.366513080139014
3408	0.383518030333112	0.374793977212783	0.310971815502929	0.30091870113574	0.289044358767576	0.369624185547866	0.387608059279605	0.340671629649212	0.370132028431893	0.365011984401546
3424	0.379954481851312	0.371426748225738	0.310218418722131	0.298946518654219	0.288598715241777	0.367745696863229	0.382351122291043	0.340929253023588	0.366971083293996	0.362419292550485
3440	0.371927095392239	0.363819611502861	0.305361124548493	0.292515588465259	0.284780234781788	0.362212923363705	0.374091918109969	0.336515957656287	0.360068791383904	0.355647998482875
3456	0.363911711355912	0.356979634341982	0.300476401186382	0.286644290629683	0.280833419036548	0.356362186482868	0.368280926366756	0.331046155639596	0.353959051414707	0.350034440252253
3472	0.354654698942078	0.349469220471656	0.294900991384662	0.281245917475428	0.275718762580351	0.347881330184028	0.362941455978041	0.323542010525739	0.345911251898503	0.343898443647498
3488	0.345885814938215	0.343331562235367	0.290253510103989	0.278321857383195	0.271203928442087	0.337946122149192	0.359714973253658	0.316321507919078	0.338083113503087	0.338612664905305
3504	0.337715820937597	0.338444546781925	0.286554834127792	0.277067427307658	0.267842646044357	0.328044798163801	0.35798636605164	0.310746312492062	0.331081672018223	0.333574760789141
3520	0.327456934076987	0.331683384621568	0.281724759421415	0.274003815984065	0.263678072909687	0.317215536686065	0.35414953394847	0.30431475484446	0.322984434737305	0.325826646550746
3536	0.318476806131007	0.325612073043604	0.276987656908731	0.269500092387472	0.259985844656752	0.30893798774002	0.349886108208827	0.298470825608733	0.31644300053383	0.318946148300904
3552	0.310319779549274	0.319630990800626	0.271055510701386	0.262416710485432	0.255719633845325	0.303345909996574	0.343908299505322	0.291115898510866	0.310384723808059	0.313285249122666
3568	0.302208426803268	0.311619778871502	0.262995153224501	0.253321167108167	0.249506624960064	0.298702173777013	0.335046626325821	0.280690253809442	0.303273949269819	0.308464940358349
3584	0.297062872961707	0.304173722232171	0.255221983913943	0.246057077601992	0.243510553893781	0.296399053643991	0.326992655461653	0.270783042608814	0.297739496674627	0.306218951975038
3600	0.292424999564176	0.294083128903208	0.246597522016419	0.239681407454166	0.235880788852498	0.292156714330773	0.31815671750626	0.260741079596397	0.291541115305286	0.302641098003331
3616	0.288367416878281	0.283174605287223	0.237957852949064	0.233842055250038	0.226952121131218	0.285689000978223	0.310181132988977	0.252308861501125	0.284503142582481	0.296585978359523
3632	0.283989801028777	0.272992072678979	0.229687452809985	0.228100267175268	0.217448002347619	0.277801551557752	0.303512774768538	0.245755980880205	0.276800920752756	0.28867423285964
3648	0.277175074909561	0.26313053211263	0.220894802696328	0.220663981736368	0.207576284075957	0.268354680850887	0.296378736186049	0.238318772575401	0.267208929705794	0.278955699103341
3664	0.269405754470004	0.255588965136223	0.213063396883437	0.213206401808369	0.199720874582961	0.260544172514439	0.290122678008802	0.23125685047367	0.258114884135175	0.270845432034942
3680	0.259882073789125	0.248389839781839	0.205361011072779	0.205148933767586	0.19325014301137	0.2531485568889	0.282736255736146	0.223245801800364	0.249272519928149	0.263729740081881
3696	0.249926304208085	0.240918514325173	0.197519242886473	0.196923493471728	0.187354600211997	0.246099479689909	0.275014159586414	0.215177475253157	0.241303964442361	0.257203083046148
3712	0.241638218439818	0.233878494785553	0.189862390686431	0.188750146642278	0.181534734539342	0.239628250885914	0.269216353571325	0.208531810377617	0.235011486487798	0.250516733549085
3728	0.234078206031792	0.226713536366167	0.181499593842768	0.179424697591832	0.174158321468416	0.232251462236641	0.26420769839084	0.201942576810985	0.228335369177085	0.243197195058568
3744	0.227840227418909	0.220780057940357	0.173779661267354	0.169647403313659	0.166592853684088	0.225088778093024	0.260388926865497	0.195992951410705	0.221614433837318	0.236756696483279
3760	0.221182493039969	0.216441669729961	0.167334274273542	0.16019879895802	0.159319966842777	0.218187044585469	0.256310791787796	0.189732183108138	0.214307663087336	0.231645660052059
3776	0.213714533036348	0.214114466363706	0.162910332955026	0.152780793676893	0.153784645748782	0.212667192676296	0.252304229529285	0.183532332337645	0.207314648174793	0.227550998750322
3792	0.206654592865149	0.213589933705575	0.160068246747447	0.148109365924336	0.150050009635381	0.209207981815028	0.249555662042717	0.177976510410148	0.20158546657169	0.224004796629062
3808	0.200293410436356	0.212366320155623	0.157000920266215	0.144111382310022	0.146087545439407	0.205404659262432	0.246525754342627	0.171893991831572	0.195832914892136	0.219086241506523
3824	0.196799281993408	0.210248510301695	0.153713719542077	0.140187173933842	0.141841759804203	0.200790570325336	0.243784102738922	0.166695240371512	0.191394331125206	0.214882703268103
3840	0.195170796892733	0.206559503595434	0.150018006596006	0.135682734646871	0.137727769831097	0.194261628057274	0.240229390954684	0.162790107406785	0.187946311419489	0.211981855802748
3856	0.193189649611486	0.201213473451336	0.145546859772911	0.131164857534255	0.134526663026849	0.186194527940491	0.234890148496365	0.159680917764389	0.184455303630699	0.210444861811795
3872	0.190737448656097	0.196397482555254	0.141451325492556	0.128314504116711	0.133765623965866	0.180349306878199	0.230554658305751	0.158107052630134	0.181680921927944	0.21079021929465
3888	0.186751710515253	0.191422145946791	0.137171935463399	0.125956165178792	0.133263428010017	0.177668613734271	0.226240825674603	0.156008541258104	0.177818094586947	0.210937942434462
3904	0.183554377863629	0.187100657063025	0.133319874118293	0.123143295871323	0.131344787601566	0.1784008152122	0.222799784029955	0.153723353609028	0.173502680890537	0.210666112156136
3920	0.181902756675189	0.183589543815551	0.129786567941415	0.119075749175334	0.12720039921462	0.180250357515535	0.219782472073036	0.151467091112149	0.169450238906938	0.209577347520296
3936	0.180522631093896	0.180226442489225	0.125776334353414	0.113790154706451	0.121504516861175	0.180532569354913	0.216934418811594	0.149204994201138	0.165707294979375	0.20679369365671
3952	0.179414041709103	0.178377290137788	0.12138936092467	0.109683167272493	0.116947196768057	0.179688881191617	0.216248435253832	0.147696432376926	0.163974113024581	0.204160308207658
3968	0.177512825224445	0.176926478450183	0.115853857268348	0.107232348598004	0.114653111086346	0.177535140305809	0.216654346825106	0.145319915350974	0.163564774737156	0.201716042921095
3984	0.17536006141313	0.175324609478805	0.109761236438414	0.105125522622942	0.114973219643334	0.173978367670093	0.216463031596681	0.141093709822754	0.163844174426241	0.200128579312615
4000	0.174771662363165	0.174345088445521	0.105196449320239	0.102642052999648	0.117083459013859	0.170018536411858	0.21547168586223	0.136017206824658	0.165061250269646	0.2004914286089
4016	0.17480201282008	0.173541516962555	0.103195704685867	0.0995638652414672	0.118325439521435	0.165330167552012	0.212529836715946	0.130918301323065	0.165939882048894	0.201289228736261
4032	0.175166234584743	0.17357857769158	0.104462780536183	0.0976658299149084	0.117749762382639	0.162106229725271	0.209338274608488	0.128120229452439	0.166074734113119	0.202515855328859
4048	0.175486707573993	0.174294891492774	0.108138670083514	0.0978359882138444	0.11590741372151	0.161998819108258	0.207702837651519	0.128429422485792	0.165163842199415	0.203080185841321
4064	0.175548083464667	0.174757379568341	0.112538108826368	0.099576661907105	0.114198224144676	0.165395494286006	0.208391662470767	0.130651260435356	0.163355871358741	0.202710770037802
4080	0.176547490061369	0.175541488254423	0.116551305005028	0.101941414783402	0.114262666856183	0.171308338943645	0.211784807599872	0.133252197142205	0.162479922955867	0.202631236867038
4096	0.178030443247493	0.176141621186072	0.119033967831041	0.103151260329623	0.115601036151978	0.175735488653903	0.215770352935985	0.134433313415607	0.162616606566787	0.202323221148535
4112	0.180874099125355	0.177475557090827	0.119960126425099	0.103428688831604	0.117334978519293	0.17664703802937	0.220207541809659	0.134643923980552	0.1645141735028	0.20294345743656
4128	0.184670972834676	0.179523576709569	0.119257252277331	0.103356837873391	0.118180254935299	0.173897231169488	0.224550992837089	0.135051334323228	0.168028402492672	0.204266709911665
4144	0.188586099978928	0.181287169559705	0.117007809155482	0.103683783193597	0.117957987692571	0.169695055229327	0.228351842204529	0.136963642056738	0.172582071212867	0.206604030356448
4160	0.192289138778161	0.182409837821562	0.113836114599785	0.104798598906932	0.118038265055748	0.167480399344388	0.232029535426042	0.141368614974753	0.177611421159483	0.210159740266581
4176	0.194782494360534	0.182579051776227	0.110849133823461	0.106695148362389	0.119215295530557	0.16831227660552	0.234415786294094	0.146705629743826	0.182287859952334	0.214471619291606
4192	0.196368915132243	0.182852294489605	0.109511003002223	0.109819975431806	0.121341615549484	0.171744446477649	0.236739109275952	0.151451627623028	0.18666398161305	0.219582275170506
4208	0.197169537468592	0.184294106870812	0.110010418214899	0.113753113801439	0.123490211537236	0.176309253376927	0.239569714444846	0.153923390677899	0.190323840831254	0.224052735651751
4224	0.197217276729363	0.18719764850453	0.111046549562991	0.117234616552892	0.124218448676155	0.179856936423487	0.243351726031484	0.153983341408531	0.191940856328707	0.227087694038658
4240	0.198391938624511	0.192756803279645	0.111944584032465	0.120129058578763	0.123530804625669	0.182831761925119	0.249825863859001	0.153289975848108	0.192207782892058	0.230137607561368
4256	0.201134952684641	0.199348615530529	0.112107656754113	0.121573005710319	0.121381199130641	0.184958578709239	0.257637854817291	0.152608154090014	0.190471618409613	0.233644163995394
4272	0.205621671884449	0.204970946197393	0.11298443667095	0.121549953644359	0.119076749349412	0.187140552696585	0.265277795098518	0.152877382141207	0.187940333425003	0.239021683378223
4288	0.21077474926524	0.207773740071459	0.115984956540705	0.12081404978707	0.117966107796221	0.189929155104188	0.271141506061256	0.153981575554876	0.186668851732727	0.246186758239747
4304	0.214278822454134	0.207220407910667	0.12054712063241	0.119747135992169	0.118512080675164	0.193365291846094	0.273724818257855	0.155079494958711	0.187631751620494	0.253680194813598
4320	0.215847894090751	0.20570463605664	0.125239368223123	0.118934168860206	0.120917402805151	0.197979431526525	0.274849894452234	0.155975628620439	0.192092716399078	0.261413224719815
4336	0.215404517553684	0.20483974720345	0.127635699669653	0.1174706344832	0.124156622531598	0.202534683656595	0.275055719903521	0.155839630861251	0.19842940201006	0.267445493118624
4352	0.214206489631514	0.205561600607043	0.127019199934613	0.115043116660629	0.12770282704554	0.205724103683098	0.275660483581395	0.15474600012527	0.204580459704024	0.270740910764964
4368	0.21526667471273	0.209739460617332	0.125154249611182	0.113094005937278	0.131965625650776	0.20852663003365	0.278762366519813	0.154654716217699	0.209774262599473	0.273600516585989
4384	0.218240066618643	0.215351833382511	0.12306632620328	0.112791165934774	0.136357787292967	0.21077090964721	0.283158699677863	0.155544393302245	0.212173714688351	0.276366256915647
4400	0.22299354917165	0.220969560216149	0.121838360246283	0.114808519280435	0.140126224661286	0.213381924413437	0.288316979377036	0.157795686536338	0.212264226562911	0.280750239822816
4416	0.228229694806038	0.225460741108365	0.121673376063085	0.118105472751239	0.14139234869256	0.216219160362308	0.293384759440566	0.161152274984183	0.211380919499527	0.286667436801305
4432	0.233236699995582	0.228422419695001	0.122409509768727	0.120795683364597	0.139325061605868	0.218090754131958	0.297685635783686	0.164809853803584	0.210424820559971	0.292574567281612
4448	0.238761576576727	0.231696080319413	0.125121763318965	0.122296439869787	0.135537490482852	0.219602263093433	0.302706292846961	0.16867128742067	0.211552742930678	0.297952707894087
4464	0.244352339509081	0.235922403906567	0.129718724166806	0.122759351769442	0.132409568131467	0.220932510453865	0.308270935950419	0.17246385458458	0.215087637948443	0.301660887479337
4480	0.248120324531096	0.239891572940766	0.134253011086127	0.122600497791684	0.131614073108766	0.222046377685885	0.313423583817382	0.175901143452977	0.219656568677534	0.303335608010563
4496	0.249685087911498	0.242433744241308	0.136525266434967	0.122285406546542	0.132963305020963	0.223151814361664	0.317860494039777	0.178916571643273	0.224181797682323	0.30363746899449
4512	0.248316994662345	0.241677393661216	0.135249878199529	0.121935726326242	0.134517358874827	0.223624588950107	0.319896041570152	0.179651988221607	0.227050855194394	0.302470596091187
4528	0.247440795978635	0.239340081584351	0.132142033904905	0.122875933120451	0.135669580827863	0.224991377127972	0.321726995440993	0.178213335954004	0.229272959270992	0.302288518829022
4544	0.247259923302925	0.236155739310511	0.128522764375042	0.125286225699272	0.135632856243235	0.227200541995446	0.322137662490867	0.174334100437502	0.230877858683014	0.302788032118434
4560	0.24698187761745	0.233148702305714	0.125665836233624	0.128175561366563	0.135018424111319	0.229695160297965	0.321042415529082	0.169460903584418	0.231272543455127	0.303627050258445
4576	0.246701711973758	0.232705308038764	0.12432066197742	0.130690796826292	0.134641782604018	0.232090651415654	0.319774762468025	0.166215819131647	0.231228052305469	0.305134605073701
4592	0.245644268064078	0.235070028038016	0.123683436568298	0.13140178913117	0.133981529211388	0.233091676078203	0.318076013750756	0.165187856069154	0.229724399644376	0.306643237321694
4608	0.245261842050808	0.240318055708321	0.123198773065764	0.130366886754815	0.132772205262104	0.233696476990187	0.318377619694827	0.166627697482376	0.228280162722903	0.310032146700848
4624	0.245842494303466	0.246152135737605	0.122558402556194	0.128422380116757	0.131144842664047	0.234575290901916	0.320030087955645	0.16913024863013	0.22758081759685	0.314584244249635
4640	0.248336914059336	0.250161195453732	0.122480911553663	0.12727700518337	0.130013318910225	0.23668126475221	0.323014086060621	0.1720779163425	0.228239766266545	0.32041990844735
4656	0.253059924626395	0.251970719756139	0.124041552649546	0.127673598557223	0.130341756343247	0.240343781124346	0.326663079237905	0.175478406626407	0.230848924810717	0.327126874623552
4672	0.258319925100294	0.251389606363371	0.126418042176857	0.128118123365882	0.131251707810045	0.244016445409997	0.328772328528352	0.178103664349288	0.234204818138766	0.332104465464978
4688	0.264365841819897	0.2512740223943	0.128504683553646	0.128208704880367	0.131822156080878	0.247276342101273	0.330195892221288	0.179892275761674	0.237743750232218	0.335625803946259
4704	0.271639775785845	0.253816142163223	0.129098506856912	0.128595599901649	0.131634450599681	0.250107574818575	0.332627502085697	0.180577082191546	0.241612879002112	0.338742151426059
4720	0.280083476713245	0.258757849044576	0.127979769385629	0.129922466592996	0.131697930477945	0.252700968608219	0.336492845177769	0.180123025167462	0.245360899784609	0.342432704332804
4736	0.29036041951524	0.26519905231439	0.127141168915813	0.132646212035143	0.133904560734001	0.256384407124023	0.342855613578911	0.180244316200791	0.249973083126092	0.348382942152293
4752	0.300808737137299	0.270799985686712	0.128186843406923	0.135554823122303	0.138709814757462	0.260924525673573	0.349974123426265	0.182019401521569	0.254492257445127	0.355661640448897
4768	0.310057302568176	0.275817465624252	0.131262323502244	0.137639715106602	0.145107139189313	0.266513960362531	0.356475846035422	0.186355020427466	0.258739724942886	0.363780046249663
4784	0.317762852669536	0.282365321161477	0.135234385861211	0.138942711297149	0.151373259910529	0.273650635607552	0.362577661531148	0.192557144509822	0.263157954051094	0.372340945482542
4800	0.324308766498304	0.290994489317154	0.138662847330572	0.139788752069217	0.15532208658688	0.281480344019204	0.367791688533015	0.198916923422128	0.267982883299652	0.380882062663288
4816	0.331594844254992	0.302231061629595	0.142095098315044	0.141389580629377	0.15726843962766	0.290175990642401	0.373675276793127	0.204238643073039	0.274869583876033	0.389961928142031
4832	0.340369269410892	0.313909936840898	0.146163257713077	0.144711599942653	0.158229917285728	0.297888141161749	0.379265020280142	0.208361749177688	0.2837994980762	0.398128119777315
4848	0.350204653328192	0.324185703317356	0.151585715482669	0.150355061251355	0.160377682904115	0.303673630817643	0.384218197707703	0.211684171625217	0.294248231434819	0.405248875177043
4864	0.360001443371023	0.333269625648743	0.157797637750277	0.158012776821632	0.16514851858493	0.308543365154343	0.387298518660177	0.214741727427167	0.304721304854859	0.411982614483441
4880	0.367562992804549	0.340695380834166	0.163453613939103	0.166049398032717	0.172312044407823	0.313125357617851	0.388037183127837	0.217703212471051	0.3127909219894	0.41869962277537
4896	0.373104948904751	0.347978811203956	0.168155562556159	0.172979816566193	0.180561150661256	0.319325967798321	0.386993063519888	0.220869228311894	0.318538289480322	0.426570244638348
4912	0.37732942883388	0.355055118303928	0.172134118264151	0.177314633015597	0.187655043085624	0.326983553714638	0.385065069526773	0.224405251812282	0.323026001158865	0.434943072085377
4928	0.380894161928487	0.361230388333378	0.175684102238856	0.179272865788858	0.191703294378422	0.334797688447964	0.382446404201827	0.228613061371526	0.327651131299464	0.442012734249774
4944	0.386155869288305	0.367472064004607	0.180008454371522	0.180910814861473	0.193761925472595	0.342873687900497	0.380305606669153	0.234511100596034	0.334611939741786	0.446993705324261
4960	0.392489161478389	0.372669748056564	0.184957419113474	0.183730781528367	0.19589313887855	0.349939075582355	0.377691424953606	0.241713734943554	0.342704152925428	0.448274121314569
4976	0.400111151716455	0.377827980608541	0.191148774792645	0.188906225354464	0.200977287364569	0.356315965230403	0.374671495620907	0.250130220740523	0.350603279828451	0.448270224516266
4992	0.408619905357906	0.382779181360729	0.198168829961298	0.195782867914273	0.209157860347112	0.361686723580275	0.370636859813462	0.258379903607868	0.356227813617255	0.448399599611887
5008	0.417630610947697	0.388550649191144	0.206046904079485	0.203229776725156	0.218653143794134	0.366270460882061	0.36519647198738	0.265705243002419	0.359219545503674	0.449961198219934
5024	0.426542109220018	0.396039777042936	0.214129673965943	0.210673600394381	0.226873778235146	0.370929934948951	0.359724245432502	0.27217431696534	0.361886466769764	0.452306771063698
5040	0.433410213810647	0.404527930930575	0.221542224423996	0.217207012675907	0.232088835139135	0.375306770316108	0.354624041926367	0.277689937957132	0.36526496296293	0.4516617412953
5056	0.438126157377189	0.413503161467796	0.228782484771278	0.223465048127286	0.235232320061517	0.380373543032058	0.350715558249225	0.283303212540896	0.369801577925827	0.447457666104126
5072	0.440826442074145	0.421778307788766	0.236319655663554	0.2298159031451	0.238150620627973	0.385081421612054	0.348186838463549	0.290061070560393	0.37447109411166	0.441163005530168
5088	0.440708079564854	0.427252087789982	0.243606651154993	0.235979682128471	0.241680169830017	0.386471402387618	0.344687263834711	0.297399733946886	0.376677830012375	0.433814143246629
5104	0.437190837666639	0.430063634355954	0.25020987201135	0.24227189762172	0.246644162963717	0.383666237605392	0.33882157571847	0.304898048489949	0.376233931475412	0.427034856420043
5120	0.432099586300474	0.430854836308579	0.255654800739042	0.24910767850066	0.252434047277107	0.377251307997116	0.330011412065065	0.312038892751734	0.374038870552742	0.420109263355441
5136	0.4234827781678	0.427906583097322	0.25931019828733	0.255912671577481	0.257573692872363	0.369437860781504	0.318521557581214	0.317776962023602	0.370512411550042	0.410150013105847
5152	0.41416793417798	0.422050420853259	0.262607680589218	0.26312419475865	0.261439091494949	0.363536163627228	0.307585421552552	0.322892584548866	0.367560594052958	0.396300172215409
5168	0.404909157574289	0.413513087996085	0.266393068108116	0.269494283128169	0.263631359823234	0.36002368231394	0.298225710407484	0.327619973241156	0.364320330012788	0.379026460974497
5184	0.397962982849767	0.405403839785864	0.271989961135663	0.274809739775941	0.265782773512521	0.358178886100049	0.291840032463502	0.332614720156407	0.361037041664572	0.362501075317855
5200	0.392511857707982	0.399673969990592	0.278904470774044	0.278948449162777	0.268742221604318	0.355854901240408	0.287542997976555	0.337719438623286	0.356752408506554	0.349688999091412
5216	0.386396661683245	0.39604753090566	0.285188860957498	0.282217937652834	0.272448393388753	0.350766838716175	0.28366179191255	0.341244690152363	0.350588530629311	0.340940798380685
5232	0.378713065990468	0.394037602270321	0.289817226944087	0.285557241157913	0.276147266358457	0.34425624352307	0.279576772265277	0.342432314282749	0.343239788714863	0.334888172632363
5248	0.369237358542597	0.392235786259923	0.292370757654515	0.289878254238361	0.277642252270782	0.337613028038426	0.274645838786219	0.341209214685569	0.336090532862848	0.329740237667848
5264	0.357786025632158	0.389207653468441	0.292276986914155	0.293878359261751	0.275885727729444	0.330866438286535	0.268272148904016	0.337252613037499	0.329645580168265	0.322972046497351
5280	0.346197931241205	0.384896256959393	0.289957705100899	0.296215210095878	0.271134947639827	0.324101530376837	0.261144241883524	0.332087104379053	0.323919235500454	0.314090710295633
5296	0.335716818016183	0.379872844591421	0.286147701835132	0.29575046199796	0.265577123135573	0.316725793109304	0.254564153089268	0.327074333202925	0.318269303396894	0.303388561485921
5312	0.327342029056482	0.373998385272013	0.281660852009287	0.292265512201599	0.261474364275184	0.309338301557322	0.249679426135442	0.322651639029249	0.311670680910154	0.292512018414812
5328	0.320687118148904	0.367220747731565	0.277172954939037	0.286948136036128	0.260087724302423	0.302360972461486	0.246823699398859	0.318701861509437	0.304042371068765	0.282762102295249
5344	0.313914405233106	0.359094085755999	0.273093521109486	0.280543186782291	0.260103321513238	0.294986391285193	0.244961927406949	0.313896678766943	0.295560848789227	0.274262232030467
5360	0.307544666226244	0.352126681569194	0.270677191309593	0.276016952527707	0.260154327349494	0.28760990641537	0.24420687253198	0.309328227850068	0.288223367421867	0.267631467024262
5376	0.300028834784473	0.346131557994431	0.268841156905355	0.272846838252398	0.257136714362535	0.278771057896142	0.242791119812392	0.304252799854865	0.282124820205878	0.261152063133164
5392	0.291787524509101	0.340959863363646	0.267029978760621	0.271076938440058	0.251054818896475	0.269170950578308	0.240232946444545	0.299319215687608	0.276117511544566	0.254664430228615
5408	0.282724147071869	0.335054219695091	0.264399463704292	0.269266294735212	0.242718761219379	0.259909595515799	0.235567389481159	0.294163558826032	0.269609352990164	0.24816677638133
5424	0.274154297557481	0.328217170900521	0.26050359010174	0.266874258680139	0.235170155390222	0.252748683665397	0.229217140669628	0.288519599313389	0.26205790377954	0.24293297378094
5440	0.266812029358998	0.320619881376239	0.256003010723848	0.263435822384001	0.229499276320714	0.248165426561084	0.22199840698867	0.282471280320477	0.254205131147138	0.239319808222756
5456	0.260347735790143	0.313033446434718	0.250935002265171	0.258013582516474	0.225485193116085	0.24459394066883	0.214931537491523	0.275225537530907	0.246462864173086	0.236520915661238
5472	0.254930644300435	0.306086781837566	0.245528442615385	0.25082182163469	0.222115721516405	0.240952242458302	0.209202679193529	0.267218054928701	0.239385604014676	0.233461028856474
5488	0.250499843150614	0.301097363110617	0.241130172269377	0.242779226365484	0.218882831799238	0.237310128571878	0.205867563475114	0.259934907807611	0.23461470040648	0.230243202148158
5504	0.246156884107552	0.297288342178986	0.237237960765636	0.234548455762676	0.21425173469673	0.233631992782624	0.204387588584458	0.253277348598555	0.230986558435036	0.226509827927388
5520	0.24216120736111	0.294188481752041	0.233872600166177	0.227402758146002	0.208291183190354	0.230428411749451	0.203937531742105	0.24756979300248	0.228815214603576	0.223539577725328
5536	0.239273795964974	0.292326213583194	0.230730514525863	0.222302741101481	0.202340539637718	0.228626152519577	0.203879776338247	0.243155133927105	0.227411442520171	0.222503112999194
5552	0.23715491458421	0.289776263321845	0.226374705087762	0.218388642819668	0.196801802228102	0.227175782565829	0.20307428569345	0.239022130724357	0.226009065478149	0.222582657084363
5568	0.235123985426473	0.286167363937863	0.220544304607334	0.214986713332121	0.192737753177721	0.225538535499867	0.201219107502237	0.235166008655613	0.224424817672567	0.222606722609101
5584	0.231658206984797	0.27997824557372	0.212878533279624	0.211088003106721	0.189561935030322	0.222424604223421	0.197755478625073	0.230429412150077	0.221899291895948	0.22074362995799
5600	0.226898284534736	0.27288440321609	0.205166977249437	0.207235796954553	0.187368549311209	0.218765460907676	0.193986121834112	0.225571930460229	0.218812174542796	0.216974925234858
5616	0.220829155442038	0.265728949318917	0.198089153169594	0.20302699842439	0.184918385692088	0.214584761895398	0.190338280932937	0.22017440046603	0.214200746589273	0.21203712368646
5632	0.214364439745493	0.259580798049103	0.19174560149546	0.19834182377924	0.181464419665891	0.209799012561243	0.187245128286018	0.214123448841788	0.207903029360246	0.207005393431851
5648	0.208158364290087	0.254593884892464	0.185599373204795	0.192372080461724	0.176656381400687	0.20472579546827	0.184668875624381	0.207766150530171	0.200540278416013	0.202999298363448
5664	0.203216256523008	0.250072632818843	0.179662086052397	0.185786254107916	0.171851485783417	0.200118277661947	0.182414944841121	0.201920824184853	0.193766875464395	0.20030310001833
5680	0.198603234625164	0.244557393580452	0.173915271534059	0.179185301426744	0.167862039772785	0.195872688353923	0.17986233662312	0.197312879803807	0.188404682932434	0.198099892743783
5696	0.194809887387372	0.237594909485533	0.168515877337923	0.173772091162072	0.165346938163736	0.191935871078564	0.176925721853865	0.19409045797372	0.184362509509924	0.195341363609193
5712	0.190838423824713	0.229296702193665	0.163240225961317	0.169446175336064	0.163076335445829	0.187333441722336	0.173413824230338	0.191204851309313	0.180038532524028	0.191072646357741
5728	0.187879487356427	0.22167346919877	0.158170889494756	0.166147981482735	0.16062406848375	0.182739367599775	0.170490515069093	0.187980223990782	0.175751322809496	0.186353693913942
5744	0.184924083406983	0.214774551617188	0.152782379417145	0.162253727237401	0.15679408880735	0.177663919898331	0.167497750919266	0.182832653070079	0.171630560347662	0.181109355131498
5760	0.181451008401834	0.208931889972212	0.147323355496335	0.156719712055698	0.151620710416431	0.172318463751231	0.163900814087887	0.17554474515995	0.168453443391554	0.175590882859872
5776	0.177625118523827	0.205146996616994	0.143192942026559	0.150875340718426	0.147126589369197	0.167779679933572	0.160377808004616	0.16811836385896	0.167205897620998	0.170624621205227
5792	0.172808542633657	0.202883039232746	0.140681167611065	0.145598901124675	0.144035768708655	0.163640379723245	0.157258935147382	0.161934376381074	0.166544417478847	0.166093119582623
5808	0.167987226048917	0.201835680104462	0.139621130810386	0.141768406535655	0.142748767950247	0.159666477425373	0.155079526341843	0.158074882990565	0.165212394438987	0.162447981321476
5824	0.163189569274652	0.200295664518896	0.138556124320233	0.139343710142905	0.141496898525187	0.155175103379069	0.153005324928876	0.156238864661528	0.1618821790829	0.159907966722002
5840	0.160022647728717	0.198005194640233	0.1369718535252	0.138227502071715	0.139314988690062	0.151139641671072	0.15078413313418	0.155191509068321	0.157278363707859	0.158838085115559
5856	0.158543573717431	0.194715426285301	0.134303238462675	0.137078066710918	0.135452894981667	0.147988713832745	0.147955816963205	0.153157610260115	0.152434951205546	0.158394107115447
5872	0.15859300067762	0.191039081759634	0.130696851485838	0.134993141411187	0.130186387896354	0.145863910442588	0.14446875981765	0.149240976295819	0.148370490945121	0.157152827934235
5888	0.159121235266692	0.187339372168227	0.126571943576391	0.131698153998749	0.124771254195901	0.14449808053028	0.141108287091929	0.144039088576236	0.145803951098548	0.154099008922562
5904	0.159680269390726	0.183935678467201	0.123201679352458	0.128450383897589	0.121000549169526	0.144096140952482	0.139199915555921	0.140243000071258	0.14508323130584	0.14985905324629
5920	0.158796085930922	0.179063797587565	0.120876061565331	0.125486672672885	0.119206351699882	0.143337459496029	0.138704566714105	0.138122505289493	0.145074943807694	0.145012913881644
5936	0.156682992911478	0.172550781808486	0.120004754829828	0.123541168813649	0.119482252766489	0.141696361692921	0.139426499322994	0.137383276008071	0.14476660959843	0.1411315228736
5952	0.153676275514188	0.165144036833158	0.119947342763363	0.122250564707006	0.120900512352445	0.138414906267127	0.14005187151183	0.136034945040423	0.142597846710331	0.138912704952738
5968	0.151215289820943	0.159562663006234	0.119977798065569	0.121679623290068	0.122973977238356	0.134274158929774	0.140335357010908	0.133467978452408	0.138734713069579	0.139190431063618
5984	0.149383079938848	0.157029035948806	0.119100527722311	0.120778138416731	0.124216457119463	0.129988677553862	0.140132531273609	0.130321350400559	0.134186184703393	0.141160204286872
6000	0.147433967868604	0.156925132910054	0.116780277642343	0.118710060590595	0.123446931797191	0.126229986803794	0.139531484613605	0.127282044066311	0.130089115789803	0.142949271791462
6016	0.144624352814699	0.157414832759486	0.11348757012739	0.115796071466222	0.120459063497781	0.123677883762737	0.138970171676676	0.125377738969387	0.127397740472753	0.142880522248684
6032	0.141331831012539	0.157651625284849	0.110746051829931	0.113420297956577	0.117033572639973	0.122753934378198	0.139109972440724	0.124881961002463	0.127202718991863	0.140914693753662
6048	0.137419868797641	0.15684771872805	0.108846361299344	0.112088182722016	0.114703401603324	0.12231698184209	0.139234825377172	0.124719105831029	0.128470679486515	0.137409232300158
6064	0.133282388761	0.155460185075682	0.108183719164036	0.111772331770578	0.114360403153072	0.121537629718926	0.138511582908363	0.1242815289789	0.130115402042592	0.13362516682116
6080	0.129583657889685	0.154614710924958	0.108802378991217	0.112208858627267	0.115930030425975	0.120603636579322	0.137022954933051	0.12333545696012	0.13168722127313	0.131192122487235
6096	0.125965263121535	0.15410607920854	0.110075189367791	0.11235069788424	0.117533523543741	0.119843080120868	0.134900246465487	0.121975708110724	0.132320486031061	0.130058355092175
6112	0.122681546785124	0.153561047835667	0.111511550327604	0.111582058706013	0.117279271011749	0.119786936369509	0.13274206425696	0.120132042127301	0.13168113347648	0.129804879547947
6128	0.12009344491752	0.152408172842121	0.112592061525081	0.109913891038203	0.114406998681985	0.120232743665247	0.130685224606353	0.118107882151649	0.129745485719478	0.129178156674588
6144	0.119759826148713	0.151330296632509	0.114015790577163	0.108590082524247	0.110603069593272	0.121292443079217	0.129687706398363	0.116686856835012	0.127682786063498	0.128035768473475
6160	0.12111274927599	0.149861696445934	0.115085813216552	0.107673882635665	0.107449432431679	0.12156729333722	0.12928231670224	0.115555107752815	0.125875853901876	0.125419169410936
6176	0.123194814726718	0.14800460842304	0.115773491212358	0.107310550426761	0.106229613572024	0.12059952692008	0.129338948585241	0.114551888274298	0.1249344305248	0.121730238483185
6192	0.124784437997498	0.145935258006515	0.115410140957287	0.106963678147759	0.106393169944667	0.118516180025319	0.129156186801911	0.113049307729203	0.124716713182352	0.118417777714707
6208	0.125747112527035	0.1445241152732	0.114390640843008	0.106950585725751	0.107211697776055	0.117121275473515	0.128724427708175	0.111382738114836	0.125440173218622	0.117615533044865
6224	0.125926481214936	0.143680093946162	0.112810768626544	0.107258154959296	0.107605696237317	0.117189653350539	0.127762919175056	0.109890924155597	0.126316579291269	0.119612094684128
6240	0.125705861776877	0.142819736974766	0.111321811275795	0.1081165074733	0.107554393945056	0.118575223645788	0.126576446905665	0.109418923058202	0.126981806559254	0.123120978344731
6256	0.125212694679169	0.141295450492702	0.11070834960322	0.109317216742747	0.107508536067804	0.120120441165164	0.125480975178212	0.109982240369417	0.12708319246247	0.125539854054213
6272	0.125598997909757	0.140061401455775	0.112194649289221	0.111359138185475	0.108721208303119	0.121580110649782	0.125957277729437	0.111970089122547	0.127403111012961	0.126197617013562
6288	0.126439973370407	0.139196515725735	0.114841073176358	0.113547003263042	0.110697921968586	0.122353219906776	0.127164664432005	0.114129878296372	0.127159274722296	0.124859007674335
6304	0.126917058202645	0.138733626883839	0.117019231947271	0.115514740926294	0.112837380921894	0.122474464432134	0.127932567880583	0.115928206164917	0.126036278570472	0.12297945121012
6320	0.127045448640041	0.139050548540336	0.118120278190026	0.117720508435983	0.115401649172352	0.123152597891842	0.127771357020027	0.11780752615158	0.124899557969468	0.122532681138931
6336	0.126369491465353	0.139027404432305	0.117603485810685	0.11966659364011	0.117966047014229	0.124591880387798	0.126126573409251	0.119388684997293	0.124041425737678	0.123186949055348
6352	0.12567083150804	0.138628465834937	0.11639731555206	0.121402804043166	0.120815316327629	0.12693801812279	0.123994625881059	0.120303618543787	0.124285139435924	0.124156508102134
6368	0.125318593971727	0.13772943003805	0.115374964342166	0.122563062219766	0.123647891287683	0.129127357730986	0.122221845180886	0.119864887473906	0.125278829767245	0.12398919268252
6384	0.126143600644583	0.13753274864522	0.115913776101203	0.123860823647891	0.126712844521743	0.130857492271328	0.122455128496217	0.118987106874174	0.126888750050952	0.123243840270949
6400	0.127535522782249	0.138131504882713	0.118009103226783	0.125096064342721	0.129354194641413	0.131422608911658	0.124515396690274	0.118854513000219	0.128204649596705	0.122558716292024
6416	0.128657015994086	0.139066604148589	0.121205541581601	0.126208509338999	0.13086772729086	0.131003824575278	0.127522778938957	0.120423659720579	0.128841649817464	0.122413952685169
6432	0.129058452340467	0.139747357445876	0.124830239039608	0.127199181902825	0.130778842868451	0.130711090618129	0.1306136776587	0.12380927948954	0.129291841090109	0.122922455206092
6448	0.129732802973601	0.140619960425806	0.128796019885865	0.128842575985615	0.129867568191147	0.13213469799412	0.133832316407935	0.128778109738928	0.130651991943404	0.124258021193131
6464	0.130825684660389	0.141521378431422	0.131894829242529	0.13091609578323	0.128264611812539	0.134948395926003	0.136641414966005	0.133381515380308	0.132213497368467	0.125761844986262
6480	0.132857447164083	0.143243519223187	0.133691829046001	0.133429692522006	0.127008091286661	0.138233973788737	0.139358124442307	0.136424608383372	0.133483750544037	0.127561554607457
6496	0.135153753726605	0.145393436684526	0.133570038597228	0.135796710287225	0.126608139705873	0.140199792296175	0.141440812313011	0.137042714356198	0.133658413669541	0.129119697089951
6512	0.13786897084274	0.148433941399453	0.132924140620961	0.138611867231377	0.12831494050254	0.141123098263027	0.143490899629393	0.136549519718851	0.133936863442164	0.131020821522809
6528	0.14043638217614	0.151657002034292	0.132619209326471	0.141921535074169	0.131720205735972	0.141358576139063	0.1451813809384	0.135874985236946	0.135116712317494	0.132757832433827
6544	0.142119460767666	0.154182824664037	0.133434322727793	0.145014841997237	0.135428000737892	0.141530355209151	0.14603802562048	0.135413460352316	0.137197681140654	0.13391038780435
6560	0.143544082302793	0.156204993144371	0.136322433798165	0.148014929098882	0.138818074902832	0.142929405028371	0.146783341877823	0.135955848709908	0.140297259523618	0.135263993071216
6576	0.144572568591945	0.157313270962097	0.140325844424349	0.149933047286842	0.140819076329164	0.145208230803111	0.147242465738717	0.137325236572793	0.143011861140836	0.136617365183709
6592	0.145457984759213	0.157614709023917	0.144227031608868	0.150621743450231	0.141829782587933	0.147884765348203	0.147590381040427	0.139277456160924	0.144796135365595	0.138168363902393
6608	0.146690379865787	0.157439452368664	0.146691449243777	0.150246707892343	0.142440803494776	0.150179161574574	0.147970313950804	0.141313072422206	0.145735983810847	0.139744860619727
6624	0.148996672401196	0.15739027424531	0.147717717973768	0.150034070973606	0.143732260753481	0.15228099906125	0.14870115549021	0.143272602206454	0.146813833689459	0.14169503039683
6640	0.152244797839647	0.15769603401491	0.14796271361204	0.15057399619838	0.145541875819421	0.153856159510889	0.149945075055474	0.144976427183206	0.14852958473919	0.144073598161809
6656	0.155632169013971	0.158397460786874	0.148482691776269	0.151951227995856	0.147261128031271	0.154890757441584	0.151726986639399	0.146421360504153	0.150721050527594	0.146863997672182
6672	0.158024699013109	0.159494922410669	0.149875714126173	0.153845056299717	0.148695008181048	0.155861326121439	0.154138061451921	0.147780179492813	0.153025966745235	0.149941635775031
6688	0.159027139116139	0.161118259749897	0.152149785456005	0.156016290701464	0.150516282981109	0.157431041052961	0.157341793008806	0.149699994525372	0.155422363550462	0.153153807516901
6704	0.158507544491465	0.162666727769126	0.153932954425881	0.157654245247361	0.152625063475787	0.159211856086073	0.160416668908489	0.151626829366714	0.157394982132995	0.155488716164121
6720	0.157576705964984	0.163774483708172	0.154788502952655	0.158498771422825	0.155167182465873	0.160890083870243	0.162868209589572	0.15377496454275	0.158863923861572	0.156798105859682
6736	0.157309746481548	0.164082859761283	0.155034455259546	0.158442103124807	0.157797029547972	0.161950872453231	0.164240662001825	0.156167815234193	0.159803130035984	0.157039790709234
6752	0.157962223216993	0.163213275417691	0.155415332970468	0.157626303104972	0.160001909552946	0.162808701225947	0.164458038983245	0.158705204120285	0.159887022047979	0.156543767203032
6768	0.159608569198168	0.162113496663772	0.156913246259975	0.156771076595019	0.161852272257367	0.163943195243842	0.164485016903118	0.161063887497265	0.15982030612063	0.156185360504136
6784	0.161389512472309	0.161739601583884	0.159393170656587	0.15669387176124	0.163218444271961	0.165125510502861	0.164736856204298	0.162505570852188	0.159951420767684	0.156440421940415
6800	0.162664781375468	0.162396782495072	0.161917596087486	0.157754713313262	0.163924230142451	0.166259156291824	0.165037065023389	0.162614522925781	0.160410915723125	0.15728083315889
6816	0.163601895875767	0.164083811199058	0.163707213557637	0.160018648755606	0.163902598097037	0.166644081029319	0.165080507462582	0.161786844790731	0.161334755800261	0.158600589320481
6832	0.16432401495399	0.166036670496768	0.164170793973414	0.162872753633866	0.163513939067741	0.166087476192967	0.164341998366911	0.160927022043733	0.162420481734469	0.159895677959209
6848	0.165663353937506	0.168212472174008	0.164209469107646	0.166268396241234	0.164034961211202	0.165879323166872	0.163862583438057	0.161453057486207	0.164413042078514	0.161517549551152
6864	0.166505825455022	0.169630439868397	0.163916506941761	0.168691567057919	0.165518063835822	0.166281440168918	0.163430551925281	0.163104834338116	0.166843948422134	0.162656394712975
6880	0.16680791699677	0.170133461586499	0.164049104329766	0.170164557649538	0.167851372907011	0.167943969995353	0.163841570254602	0.165430443938576	0.169536028783498	0.163508236949216
6896	0.167017488319822	0.169958847238936	0.164906585037126	0.171111692890102	0.170233874937774	0.170686474532952	0.165283584310061	0.167866645213603	0.171883367164457	0.164157608840763
6912	0.16803469352757	0.169356939190774	0.166494496285523	0.172362008854383	0.172003998117721	0.174055703614654	0.167259365870533	0.169773661658044	0.173005149133738	0.164986018662411
6928	0.169177172215909	0.167731918137479	0.167373984267646	0.173305570420871	0.171416792711478	0.176196851619156	0.168117179097936	0.169616459207652	0.171659049404995	0.164631955616446
6944	0.170369081249339	0.166173856696441	0.167317409633664	0.174060031065479	0.168876510532579	0.176397287643006	0.167406738383887	0.167586046824061	0.168553743611565	0.16309168445566
6960	0.170268613023939	0.16435357260638	0.165377296487289	0.173606091950507	0.164877550715119	0.174042038291293	0.165023545327354	0.164099584016622	0.164386377040906	0.15998822972578
6976	0.16809635586081	0.162259047956424	0.162053808765551	0.171244659284795	0.160709575928944	0.169535955048343	0.161915585767459	0.16066230339004	0.160879468812719	0.156296947225469
6992	0.163852557524229	0.159688921380636	0.158881288303937	0.167836782984506	0.157627154448746	0.16469948046397	0.159503284091561	0.158481054803994	0.158991060212967	0.153549355487173
7008	0.159416394479401	0.156893952773859	0.157103020957841	0.164705998485516	0.1564099402309	0.161555674963405	0.15819524363173	0.158321966534873	0.158522293176766	0.152085575611788
7024	0.156359749851431	0.154399064189962	0.157121887182017	0.162774210910578	0.156248662594574	0.161171553503305	0.158154526915577	0.16017039781083	0.158993555938943	0.151808070983091
7040	0.154203972480224	0.151936217007485	0.157753967521364	0.161263832926356	0.155149556736481	0.162184606757657	0.158251215567073	0.161880294100062	0.158665527494338	0.151352660267858
7056	0.153209124909154	0.150757582912865	0.158402731642554	0.160095863120377	0.152974619934091	0.163631901062372	0.158786082369608	0.162818085778166	0.158122960861266	0.150577376886486
7072	0.152716953802719	0.150668500470008	0.15808301376276	0.158194358793681	0.150473810076704	0.164126541012291	0.15940467652374	0.162348398311484	0.157913414399535	0.149226901592359
7088	0.153116626467544	0.151521480785494	0.157553081819653	0.156420601785936	0.149750743939012	0.163819846427144	0.16047329716078	0.161387381515133	0.159452022861726	0.148442420180301
7104	0.153396277194065	0.151766114342369	0.156625470128499	0.154422998865289	0.150708761294058	0.162340078583949	0.160629605502034	0.159858372883677	0.161709618242926	0.14775478607336
7120	0.154063231567036	0.151228066916816	0.156841981390943	0.15377123547583	0.15283332722303	0.161334258266127	0.159773416117792	0.159066120083532	0.164485617172325	0.147815891467262
7136	0.15522643910243	0.150565901097603	0.158384806022659	0.154706816171985	0.154624445810636	0.161694019532647	0.158735797886884	0.159306930986614	0.167092566305491	0.148343426623486
7152	0.157579621629141	0.150958016226954	0.160834698265471	0.156754956155282	0.155268849167561	0.16370352535965	0.158845807244164	0.160555675850086	0.169650087229812	0.149257976451189
7168	0.15984348315132	0.152007340076323	0.161476589726557	0.157395348613953	0.15359237803991	0.16480701524811	0.159371092862932	0.160688747178108	0.170495700388221	0.149044240312596
7184	0.16287379499556	0.154394973594186	0.160372578748108	0.156948026601	0.151422847132	0.165157223063965	0.161384312647586	0.160005237700997	0.170704506040062	0.148814255832309
7200	0.165799224448425	0.156855824464319	0.157790899436192	0.155824640074685	0.149462266962988	0.164513573263232	0.163948689735963	0.158315949897352	0.170103649449733	0.148529249743157
7216	0.168667589468364	0.15912399318963	0.155924862660715	0.155797208492193	0.148711658142083	0.164315923420167	0.166802301966084	0.156807966147603	0.17007544757313	0.149294849587251
7232	0.169278146377491	0.159236493916133	0.154681348115236	0.155688597727406	0.147506823713081	0.163679395495251	0.167660768629941	0.15486441355994	0.169974288314983	0.149790267228293
7248	0.168363279555378	0.157882541857355	0.15484341928476	0.155263996731714	0.14602409638448	0.162711986692296	0.166344211757819	0.153744951070527	0.170416499019242	0.150391372497722
7264	0.167929961454249	0.156982968804276	0.156567839301399	0.154438752521955	0.144926728053165	0.161834904472502	0.164086911505496	0.154506843423594	0.17166994371094	0.151673915016968
7280	0.167560651807323	0.156548725266267	0.157549145115492	0.152467248685746	0.143218366791958	0.159358006502543	0.1602854055442	0.155257862856765	0.171244076006012	0.152148715032314
7296	0.167819985715218	0.15738306974629	0.157788670110781	0.151087663819833	0.141456313649864	0.156816241433604	0.156365186371887	0.155443983337079	0.169201848943915	0.152244613415549
7312	0.167695417037262	0.158502673334561	0.157551106961653	0.151187393834901	0.140261315962459	0.155332463715417	0.153213670019686	0.154255170536505	0.16642235242761	0.152075826756095
7328	0.166719298973524	0.159098223930949	0.15762306032089	0.152945383265877	0.140437204251267	0.155336197948849	0.15162536772735	0.152499140586094	0.164673565058316	0.151631801707605
7344	0.164063691469357	0.157218848848939	0.157121361419006	0.154517598265603	0.141222082856747	0.154580630788867	0.150150317888536	0.150552654753898	0.163357026942175	0.150086513184156
7360	0.162458599278534	0.154501937110021	0.156556426449247	0.155630802882531	0.142836663347022	0.153235741280587	0.14914600851655	0.1507562858186	0.163008813928792	0.148967565828501
7376.00000000001	0.163829802709692	0.152243952834253	0.155235447693206	0.155713362384731	0.144153005849238	0.151294382419727	0.14853149590114	0.152800637436904	0.162360442047743	0.149051943567084
7392.00000000001	0.169007326923325	0.152327948867533	0.153481465858897	0.155087786663763	0.144612088238944	0.150293682911788	0.149103772701353	0.155626838204105	0.161345542446714	0.151370522275414
7408.00000000001	0.174006709151249	0.153655579744836	0.149930573498296	0.152337925368312	0.142299077856981	0.149504324113364	0.149623709154823	0.155698969356512	0.158473376295473	0.153095756077883
7424.00000000001	0.176431954275025	0.155708224533532	0.146012672632414	0.147875330473875	0.137969098283589	0.149809080756826	0.150401295488862	0.153197421281542	0.155097459349219	0.153046108260554
7440.00000000001	0.174641690441416	0.157535137107003	0.142661320752211	0.141756512335265	0.13246607038549	0.150588977938889	0.150805033657496	0.149493436931661	0.15185718550909	0.150270726730588
7456.00000000001	0.170226859484338	0.158940165664471	0.140910604274985	0.135631642985743	0.127210897419728	0.151662697003807	0.150790147452563	0.146761625377531	0.149772861614224	0.145766287047522
7472.00000000001	0.16497893647709	0.158766429935823	0.139660662082546	0.130260376635982	0.121965209993213	0.15130838594943	0.149099062369958	0.14404216121524	0.148022076769506	0.140285770857922
7488.00000000001	0.16169647396375	0.157877067855542	0.138508246039921	0.127171539351136	0.11803102850171	0.149816857152134	0.146449828878324	0.140601264891932	0.147125845252236	0.136255277767971
7504.00000000001	0.161441593237456	0.157633322286385	0.13737117719945	0.126232498428006	0.116778021882062	0.148129557122355	0.14415898225401	0.135783368571598	0.147052429751586	0.135507829482724
7520.00000000001	0.162187040646026	0.157383545349887	0.135302476629482	0.125350993593076	0.117413932966033	0.145981004520263	0.141910015280758	0.12911261325751	0.146214156474543	0.136591052843084
7536.00000000001	0.162630852582106	0.157390989395786	0.133065267097068	0.124073588091852	0.119663911602218	0.144353466161424	0.140234097004463	0.122744584240546	0.144074638584581	0.138036558599704
7552.00000000001	0.162421532856638	0.157999147728791	0.131301492266086	0.123012464986737	0.121740722136301	0.143451767967789	0.139127025128277	0.118971331605088	0.140573010479312	0.137816915034698
7568.00000000001	0.161907447473306	0.159456488500418	0.130788788962344	0.123630526787504	0.122188856899508	0.143421542049962	0.138416943253748	0.118554573769197	0.136512609292177	0.1358025769685
7584.00000000001	0.159551613991539	0.160064322995889	0.130159396551811	0.125086534487568	0.11915831626479	0.142468696127099	0.136252930066396	0.119278102235051	0.132027445686852	0.132275638141889
7600.00000000001	0.156168987744781	0.160598652006231	0.129432581674102	0.126336645466179	0.114005153816552	0.141875672084231	0.133452449820644	0.120303169755205	0.129309546766075	0.129810809002776
7616.00000000001	0.1518171547513	0.161001831925266	0.127948685530932	0.124831993231211	0.108690430485017	0.141359640968627	0.130180019608013	0.120893020481178	0.128640194370123	0.129524538076153
7632.00000000001	0.148348602704748	0.161273335721325	0.126124277226465	0.120274019447173	0.105587100636307	0.141895419967239	0.127696904395022	0.122409139884168	0.12990941642808	0.1317922509181
7648.00000000001	0.145673008242881	0.159568888731355	0.123416637195325	0.113090748270498	0.104003731522867	0.141511973812146	0.125419900000364	0.124586230727204	0.130809787358932	0.134226229512358
7664.00000000001	0.144696445207621	0.155678388672962	0.120445602258316	0.106794423524921	0.103191162400405	0.139126255509736	0.123411030210279	0.127167272105905	0.130951948691334	0.135641268970717
7680.00000000001	0.145163065981922	0.150541699017466	0.11758016506616	0.103847000181952	0.102530846564154	0.133953220696014	0.121985363253094	0.12863428972422	0.130715794874438	0.135185595640895
7696.00000000001	0.145949529263049	0.14532178241209	0.115159883558264	0.104390888112474	0.101810895766165	0.126972237876956	0.12159941541249	0.128124492830997	0.131003113246233	0.132891977209676
7712.00000000001	0.144933784842894	0.139661058938723	0.112547317202408	0.1054834110475	0.100709397102856	0.119616126461942	0.121698290056928	0.124902202562368	0.131201870477823	0.128254006011171
7728.00000000001	0.142689999381769	0.134724918890853	0.110694929561494	0.105233819248092	0.0999717096712589	0.114887047575157	0.122808577682342	0.120376329375167	0.130940097542167	0.123307680839045
7744.00000000001	0.139573148113312	0.130806924392441	0.110261985715019	0.103103231858483	0.099571500893942	0.113920905199426	0.124197018879553	0.11558351970825	0.128847457977628	0.119470156730142
7760.00000000001	0.137501468976545	0.129337459234239	0.112044120605256	0.100528902845497	0.100051648678401	0.115785562270043	0.125247202841491	0.111840409235536	0.125228495864878	0.118264397288933
7776.00000000001	0.136148900512022	0.130303064309757	0.115299075864446	0.0983858205201565	0.100377152404329	0.117256780946592	0.12417684491592	0.10895385016595	0.120498837269622	0.11780033947008
7792.00000000001	0.136751590176029	0.134157977931236	0.119644483140907	0.0975714145417274	0.100873475426949	0.117522945452183	0.121943716353336	0.108004839488238	0.117442864704733	0.116585172286031
7808.00000000001	0.139703667385391	0.140144140326429	0.123989985594257	0.0982107659753993	0.101971066993805	0.117482823392972	0.119895388163704	0.10960338134233	0.118186368644577	0.113823761648165
7824.00000000001	0.142476955524828	0.144621090865225	0.125525432307075	0.098834436932071	0.102922881773391	0.11764301497288	0.117269109359751	0.112125994872459	0.121169994241463	0.108983950344797
7840.00000000001	0.143665301510543	0.146512630487082	0.123617924901304	0.0996915109368908	0.103737216643738	0.119331986742457	0.114409920579122	0.114045132891966	0.124711224178587	0.104391727741772
7856.00000000001	0.142850300236747	0.146106057414887	0.118464053217234	0.100470914423717	0.103465368369704	0.121614881454479	0.111348712478592	0.113487664519312	0.126457684576773	0.101484242963792
7872.00000000001	0.140673117415856	0.144662987055179	0.111247897600384	0.100927866961219	0.102005996308821	0.12210239137899	0.108926477114957	0.110013089028842	0.125912660090789	0.100225814141115
7888.00000000001	0.137837352753823	0.14237655742251	0.102716347008172	0.0996570767517996	0.0990860142709246	0.117958165587896	0.107424040815524	0.103939855771122	0.123066320584298	0.0989602310524188
7904.00000000001	0.135066600085001	0.140113036722306	0.0948289011973031	0.0971103333426469	0.095383372606613	0.109462301555973	0.107369334432233	0.0970953557797488	0.119678563764873	0.0976318916389973
7920.00000000001	0.131890002701952	0.138100345166757	0.0892371477100567	0.095010302853978	0.0914636224058598	0.099145210835074	0.108021264229139	0.0901273092312417	0.116393311070699	0.0970052120479718
7936.00000000001	0.127841390664714	0.13740894161672	0.0874573877900058	0.0953222929684419	0.0873800875896091	0.0908748398494243	0.108822209550156	0.0842360729471203	0.113723052991604	0.0979582906950179
7952.00000000001	0.12160513549024	0.13740699099117	0.0887207822163191	0.0972129175805476	0.0828154528286845	0.0859969286107584	0.108730213510241	0.0800220535059917	0.110944430375137	0.0994975384040115
7968.00000000001	0.115357096319166	0.138358615122594	0.0918363233601266	0.0990830886354495	0.0786877247463542	0.0859001966482189	0.108516016134157	0.0786448644251841	0.108289281361584	0.101410958280914
7984.00000000001	0.111999343636219	0.139654091314378	0.0940824644426853	0.0990055061613288	0.0767434399552448	0.0897620301615994	0.108932519017931	0.0793890908927529	0.106163996850073	0.103142856880948
8000.00000000001	0.113388089290828	0.141444874100469	0.0929200739652569	0.0975778792856942	0.0797965550081599	0.0963251845328822	0.111242711520131	0.0817102421167117	0.106128311389552	0.10462689183259
8016.00000000001	0.118093236207732	0.143059490455702	0.0873609156254423	0.0970229850346674	0.0865698041483396	0.103691794237268	0.115114806398854	0.0851635037076119	0.108056905232865	0.105410751209114
8032.00000000001	0.123742938724502	0.144134479718671	0.0800620423261466	0.0989740983652132	0.0916423220536044	0.110585098440117	0.119427729641223	0.0887576621964333	0.110690100125188	0.10551728473527
8048.00000000001	0.128046909233483	0.145211032104945	0.073998952510243	0.103147099361867	0.0916902675014222	0.115896507036509	0.123417329545376	0.0904395463871641	0.112756109864481	0.105264284244953
8064.00000000001	0.128126550648428	0.145762944086406	0.0702865889745874	0.106814645307153	0.0876874999367133	0.118390831321466	0.126282636972879	0.0896131619622371	0.113004066886372	0.104738311343929
8080.00000000001	0.124168781464764	0.146497757843219	0.069965599655801	0.107815323956043	0.0838792907771366	0.118779318339129	0.128581066875184	0.0886473705128791	0.112607711525466	0.104400304539379
8096.00000000001	0.117850834722405	0.147116711290707	0.073232971979599	0.105842181321383	0.0827220328716818	0.119003382336743	0.130104597174723	0.0894546371580578	0.113287537909019	0.104561085220506
8112.00000000001	0.111748666415678	0.14719648342666	0.0793051019834511	0.102899749387677	0.0847328595136497	0.120840172690476	0.130193203353247	0.0918470296159822	0.115535875973693	0.104142703803722
8128.00000000001	0.107670115939854	0.14588424794256	0.0861039102985855	0.100502597664477	0.0881824751027235	0.123725857747624	0.128568063170143	0.0939412561017994	0.117726122489433	0.102234314836621
8144.00000000001	0.108958872194761	0.14525427332748	0.0917977891931217	0.0994540712856605	0.0906278517104859	0.126856076916157	0.127401251842088	0.0953171013500402	0.119112830283572	0.100837374828521
8160.00000000001	0.115494452543874	0.146436166803814	0.094199695664573	0.0985946824117775	0.0904503674119257	0.12789893581541	0.127506415108769	0.0952849912665616	0.119889333042771	0.101950167734136
8176.00000000001	0.124914675898549	0.149820689228388	0.0934073575481265	0.0973129894302679	0.0895669863208053	0.126073515229385	0.129448369082651	0.0940559242702741	0.121491933679973	0.106597811314626
8192.00000000001	0.13237405476182	0.153243158777993	0.0906786940460412	0.095338906556637	0.0914781055355325	0.121144097843061	0.131153791998512	0.0918460981954356	0.12403984734256	0.112464806353069
8208.00000000001	0.134949571522788	0.154527300589807	0.0875201105319881	0.0931107323232075	0.0982498479705814	0.116829005377301	0.132396218226271	0.0896020541535404	0.125978161460845	0.117333675983233
8224.00000000001	0.133689204089985	0.153933022572122	0.0836558186021948	0.090739293491326	0.107411542841811	0.116421766354842	0.13458631717845	0.0872691741974955	0.124748878152117	0.119498808326366
8240.00000000001	0.131882544893944	0.153290494469148	0.0788253180996277	0.0882020806559259	0.115032881887326	0.119137287499477	0.139321848763247	0.0848810484551923	0.118513561588062	0.119084217226028
8256.00000000001	0.132205854065543	0.153564022225533	0.0744088193785579	0.0854935726545134	0.118950834600711	0.120778174625118	0.146525828926258	0.0825037409557818	0.108215013582089	0.117361812975046
8272.00000000001	0.135617470959283	0.154924968903697	0.0716781093105553	0.0831289800453946	0.120792367055051	0.119095081112906	0.154356316357096	0.0804765101756974	0.0988491672522496	0.11638993197077
8288.00000000001	0.140204481316052	0.155430064886628	0.0697571228675886	0.0813564863249805	0.12238908350602	0.115437292235789	0.159971549457885	0.0790230686348435	0.094561794489375	0.117482268173008
8304.00000000001	0.143504037960544	0.153111232455531	0.066852504844648	0.0813415382753323	0.122789282318387	0.112543815328592	0.162024174826242	0.0790545159971333	0.0952946744384176	0.120308983058651
8320.00000000001	0.144460516167125	0.14845843356063	0.0635542644269527	0.0848028278861729	0.11926099539836	0.113326942442013	0.163317651313786	0.0812456927954074	0.098964208936895	0.121991944489013
8336.00000000001	0.141841743152673	0.143915011125835	0.0614747222051335	0.0900334094482382	0.110243832581391	0.117308869863862	0.166759267425912	0.0843894981063627	0.103050815867506	0.119606534693397
8352.00000000001	0.136366286159468	0.141381340789531	0.0616718189316841	0.092926064294965	0.097352466049701	0.122213713278615	0.173415301865346	0.0872949188413426	0.106238955862694	0.113189605279139
8368.00000000001	0.128298137081498	0.139570263214424	0.0645415905268243	0.0895469770370631	0.0843896440330165	0.125399416660128	0.179083022437627	0.0882181792109249	0.10684373800481	0.1052685284533
8384.00000000001	0.119557815768931	0.137615752856046	0.0700473211174012	0.0796113239655364	0.0766589168393923	0.127315663684215	0.181278470729715	0.0871212010605401	0.105801698511678	0.0999418091610536
8400.00000000001	0.112142102184272	0.133975692806337	0.075991984617102	0.0659438897322039	0.0758667932468519	0.128667110895996	0.178209590653929	0.0840484675405058	0.1043634320018	0.0993157282532157
8416.00000000001	0.108141945782642	0.128543170042378	0.0789364360422918	0.0537531788657285	0.0793352633740347	0.129451948705175	0.172377239000482	0.0801266431113416	0.10371455803954	0.102516239046535
8432.00000000001	0.108608914960601	0.121248454979613	0.0763417438185765	0.0484473420143085	0.0827970591100789	0.127918195983841	0.166773718662876	0.0765920187925826	0.103122872999199	0.106310861765548
8448.00000000001	0.112310927804374	0.1132328232916	0.0684481601412297	0.0514879207667489	0.0847301145541746	0.123696604903285	0.163631031798432	0.0738679372561553	0.10140080355674	0.106739048474373
8464.00000000001	0.117488668223217	0.106818075646636	0.0576922785992401	0.0584340305240551	0.0853085958143771	0.118109000456295	0.163577840246544	0.0713439989108073	0.0987431251190262	0.10272205871182
8480.00000000001	0.121118523399049	0.104009500322516	0.0484575777534302	0.0644769650704624	0.085564154891824	0.113720496981111	0.16568265339632	0.0682476863099962	0.0957451673663053	0.0966206374716476
8496.00000000001	0.120356823510334	0.103771353410299	0.0451621384953761	0.066515367140155	0.0862877913490026	0.111068723405776	0.167093222442474	0.0650969153956618	0.092362721116926	0.0925225398752119
8512.00000000001	0.11480299256135	0.103645657728621	0.0489738609421403	0.0640023201993224	0.0877920109038777	0.110476928157585	0.166868518726872	0.0636885404054569	0.0897024092307304	0.0929624751315999
8528.00000000001	0.10659359641354	0.101542300394516	0.0553141956016434	0.0576097834147317	0.0891632403194432	0.110419509300672	0.163953185224314	0.064405892859793	0.0876492982778535	0.0970785842125948
8544.00000000001	0.0993816799229163	0.0986628565551087	0.0598482917625013	0.0501104985962074	0.0897873289557246	0.108726834878533	0.158287800171497	0.0674547695653626	0.0861697536869213	0.103347083655225
8560.00000000001	0.0956815464465567	0.0969677942312677	0.062163282543079	0.0456744340436736	0.090952216915316	0.105394588099743	0.152294692103706	0.072791811195913	0.0861244954010443	0.110729034014598
8576.00000000001	0.0918123709741857	0.0962887189375041	0.0640897971527942	0.0467803823820538	0.0917962315271845	0.102454769179686	0.147566299940241	0.0776658691361164	0.0875254250338509	0.116893730333173
8592.00000000001	0.0854271560806402	0.0952252637285887	0.067171784606855	0.0522869714623963	0.091122537164692	0.102496411641718	0.146269513583842	0.0803488382478965	0.0897159385330189	0.120432547430437
8608.00000000001	0.0779115615978008	0.0905831089953143	0.0707361317623455	0.0597839504675466	0.0871814780148737	0.104049258482288	0.148793291585028	0.0805539437622145	0.0909346017352335	0.12151940096232
8624.00000000001	0.0727125876968502	0.0811810793468451	0.0717665566204417	0.0672114958421395	0.0812416346964793	0.104661135538856	0.153680624331515	0.078615038224622	0.0900799278530069	0.122106554065524
8640.00000000001	0.0731477810353823	0.0699083504036251	0.068239653716918	0.0729171037593169	0.0771216453301465	0.103484851383065	0.15903899127209	0.0741943410952752	0.0870962022339245	0.123534785568695
8656.00000000001	0.0800271512692343	0.0609720405522716	0.0609449808076134	0.0756689720245055	0.0790016525013879	0.10195202449354	0.161466078070905	0.0671552668918431	0.0821254633237372	0.123614695640704
8672.00000000001	0.0910940010596047	0.0571348597470687	0.0523791911323715	0.0759822440861915	0.0849197825153114	0.101277260346687	0.161110437734436	0.0597371550381641	0.0758825775324032	0.120822995549643
8688.00000000001	0.100501472586864	0.0580724640104102	0.0457434243653275	0.0760657559717118	0.0908006989051075	0.102035276344472	0.16049309139665	0.0556730694903568	0.0700997815702446	0.116219442163267
8704.00000000001	0.104482828839202	0.0618299689557886	0.0446178301580471	0.0769364454154507	0.09586322340423	0.103158740853839	0.162114694027616	0.0545629027096735	0.0655567258228035	0.111657868676909
8720.00000000001	0.104344873627505	0.0670579750222735	0.0516338008205945	0.0776175380332471	0.100923273482511	0.104048991429053	0.167195008281117	0.0540562817934092	0.063679692152826	0.110074143117741
8736.00000000001	0.103688957002629	0.0720911866954303	0.0634705484967503	0.0762605969173162	0.104832001055278	0.10364887275203	0.171871422973743	0.0541386822355245	0.0642308248324456	0.111291616222192
8752.00000000001	0.104969174412898	0.0758637586520535	0.0748605068582772	0.0740260708290356	0.107569787992997	0.102282547645819	0.172721508014731	0.0576902637186881	0.0657175815913612	0.113855823252072
8768.00000000001	0.105969216529891	0.0767989229232026	0.0826285034312784	0.0732236136828249	0.109993410310715	0.101455158558361	0.169971817389762	0.0675900929561487	0.0675514267210164	0.11569097435685
8784.00000000001	0.103829211513189	0.0732848007283332	0.0856681248884382	0.0750322668744206	0.110598897953821	0.102393446546384	0.165082641000866	0.0827041976543265	0.0701070830140122	0.114599057754943
8800.00000000001	0.100292539383568	0.0658714556825415	0.0855679575589312	0.0784565950268354	0.108460841525657	0.106492921774851	0.163239816537916	0.0986338197563668	0.0750298069160186	0.112262753450383
8816.00000000001	0.0996119004676756	0.0576895957790458	0.0846173798500885	0.081298855877899	0.105082117849912	0.112316512400716	0.166316785283264	0.110840228623767	0.0826196824739163	0.11151334950749
8832.00000000001	0.10470017018059	0.0542603692536713	0.0848963449561162	0.0826441720251505	0.104422152920643	0.117635817040396	0.174105720949389	0.117043731093675	0.0915793594228576	0.11411497286256
8848.00000000001	0.114079667071461	0.0586049066181452	0.0865953906138324	0.0830897526354875	0.107827376895522	0.12043830175743	0.185109146510068	0.117565967513762	0.099155016955548	0.118719536119124
8864.00000000001	0.123397614515105	0.0690947308559529	0.0894186849633987	0.0840045617244038	0.113875440513961	0.121152856771115	0.196290653459312	0.114851456442118	0.103686062947521	0.122879001288334
8880.00000000001	0.129515106330894	0.0821676507749335	0.0937425704277105	0.0867126136771801	0.119636206424607	0.123070444086427	0.209009533074146	0.113753052198813	0.106427301420726	0.126488646407268
8896.00000000001	0.132126634915473	0.0941791624227444	0.100458286126213	0.0929737692151307	0.122154925445517	0.127734854781551	0.222245446586886	0.118564305177772	0.109239238708417	0.130939044150959
8912.00000000001	0.13219120040854	0.101292982131831	0.109376276148516	0.102820753170368	0.119448353616773	0.132305159346494	0.235014442669944	0.129395357265826	0.112595534786548	0.137442413637969
8928.00000000001	0.132321778104775	0.102935429464979	0.119858647668811	0.114017334567608	0.113775422775525	0.134087868795516	0.246220325589589	0.142459540052764	0.117425809917183	0.147733326508149
8944.00000000001	0.133765954045643	0.100550097651858	0.13114657742837	0.123840131699228	0.109360568621078	0.133142081446484	0.252331233814688	0.151497396863176	0.123565856620864	0.158613426526256
8960.00000000001	0.137071381335372	0.0984432110603765	0.142246808738791	0.130390298136546	0.110795732240624	0.133470636866378	0.253652735931383	0.153597840691968	0.130911097786114	0.166674632706063
8976.00000000001	0.140908414159592	0.0998977823476636	0.148673351156785	0.132858715506806	0.119684676168181	0.138032674965248	0.250570529427412	0.147721487265823	0.137933054191192	0.169356458218653
8992.00000000001	0.142736821101918	0.106345213584797	0.14789111671051	0.131539475590739	0.135035971752697	0.146614320507071	0.243782445032663	0.135880828955391	0.142135006746753	0.167988929347872
9008.00000000001	0.143096120198058	0.116798090138608	0.141063157779305	0.129038125263828	0.151904358345135	0.158034600935278	0.236369290651276	0.12251202095743	0.143603169293041	0.16721573989308
9024.00000000001	0.144386744566375	0.127518324846043	0.13306132895345	0.128186154881817	0.1626014405332	0.168723568224313	0.228673857338859	0.111510398587787	0.14212088252665	0.169374409227095
9040.00000000001	0.149828965736516	0.135461006990232	0.129587504262704	0.130401845793052	0.163603035073444	0.177235130190097	0.223476722015292	0.105731076103236	0.139398891865312	0.174148825694022
9056.00000000001	0.161357555980751	0.139843344977502	0.131728666670842	0.133850822527804	0.15968889517805	0.18298711465331	0.223910753526022	0.106216437484827	0.138302077420724	0.180446003307529
9072.00000000001	0.174544436799737	0.141475359152156	0.135238558273458	0.13476965597504	0.156770836920741	0.186162265296534	0.230614597728707	0.111248048864539	0.140969348783907	0.185882866208632
9088.00000000001	0.184564082667318	0.142361960162788	0.136397007341068	0.132088294860237	0.158608503336039	0.186652775563558	0.242185715287019	0.117653764991816	0.14712380568457	0.19239255931982
9104.00000000001	0.188976815163719	0.14508356486278	0.135427573136719	0.128103539902065	0.162623006686187	0.184607764402321	0.255751944382702	0.119985338799237	0.155544615137363	0.202324179841769
9120.00000000001	0.188664516406545	0.148714029711348	0.135175535060729	0.125887098474855	0.164170752058522	0.180599287397269	0.26979635939102	0.116893084725171	0.162798380627142	0.214645609982576
9136.00000000001	0.188221363588399	0.152150935437928	0.138087195692719	0.125782597087009	0.161284450456206	0.177147938978142	0.28611058598042	0.112324308325696	0.167359840494712	0.225714274054294
9152.00000000001	0.187702014920075	0.151919703734491	0.142300155472403	0.126576453166698	0.156146894122741	0.175124335524545	0.303643333549249	0.110219301139983	0.167465873466657	0.229769160645893
9168.00000000001	0.186598628416557	0.150059395418846	0.143593405464659	0.129009055714966	0.153064736826313	0.175195870948982	0.321318393799918	0.112900549012287	0.164875462263572	0.226374142350877
9184.00000000001	0.183942733040587	0.151040059292134	0.138504107626291	0.133456942165706	0.155183501514451	0.176276230048146	0.335774870187367	0.120425086614247	0.161636910254691	0.218959711000745
9200.00000000001	0.180383097171589	0.156718072310458	0.128228353953261	0.136810076506737	0.161806447703457	0.178430794197493	0.341782131068455	0.13032138902991	0.158989781257169	0.211904610434584
9216.00000000001	0.178704480009477	0.165815147548137	0.117379529420533	0.135668484339483	0.168499961520379	0.183628094292543	0.341266118840365	0.139728251993856	0.157970704165621	0.209202845193063
9232.00000000001	0.180243958049504	0.175504605284241	0.107880880702407	0.129509220755347	0.170195353452823	0.192062057267166	0.337152471709429	0.148057459734317	0.15816837393466	0.21008288238774
9248.00000000001	0.186278727195705	0.182955116751645	0.101651234336884	0.121731758585438	0.165792151087623	0.201641418478163	0.333665718796395	0.155474906117301	0.160175745672635	0.213126175024651
9264.00000000001	0.194687031977674	0.186460580805595	0.100789862289008	0.117203060318162	0.157685398075854	0.209653817636836	0.334977653030057	0.162027767106967	0.163614017951614	0.217341235272444
9280.00000000001	0.202237444946057	0.184426563358188	0.104351878075554	0.116963406719233	0.14827894049108	0.21251216285742	0.339966602674758	0.165214650669092	0.167431925776335	0.221773229757258
9296.00000000001	0.207903342102142	0.179860744652333	0.110650929859215	0.121884661291927	0.140244432229615	0.210995318718266	0.349095149778794	0.165072356233059	0.171056751018727	0.228620666464958
9312.00000000001	0.211021603872996	0.173662495919891	0.118402174672621	0.130338126089987	0.134521406081409	0.206711064301669	0.358521625354134	0.162994908847053	0.173543937218548	0.236386559111475
9328.00000000001	0.212864003818624	0.166205062030616	0.125954111705283	0.139731232129893	0.130622362120744	0.203467855019622	0.364120516050743	0.161392511848628	0.176951909397362	0.243284625880216
9344.00000000001	0.215232845270371	0.160312712301837	0.132111672112243	0.148267306679068	0.128003152622268	0.205247490628724	0.367262094234194	0.162299397784361	0.185074175252798	0.24844535874072
9360.00000000001	0.217113463906694	0.157562900151824	0.13524539057943	0.15403386515162	0.128172090054402	0.210016122851628	0.364790204046805	0.16370530241703	0.197183298477512	0.247949790474106
9376.00000000001	0.217156332392958	0.16192505170854	0.135374502745409	0.1557923819108	0.133332353990067	0.214826977628568	0.362083359715238	0.16232555502296	0.209953347016566	0.244023477474856
9392.00000000001	0.214909756973914	0.172186995638359	0.132276039092592	0.153100789696089	0.143268883403159	0.216895255058188	0.360805477757451	0.156358207917386	0.217236073219614	0.239152525230946
9408.00000000001	0.210894608616095	0.181944232919475	0.127662815145385	0.147249071468481	0.154414037330085	0.216202322438419	0.361414179056752	0.147453995499176	0.214950175900004	0.23807065190517
9424.00000000001	0.210016455582267	0.187372545784541	0.124453481174023	0.141005154116943	0.162517903329254	0.217093583752252	0.365449267198555	0.140514117308595	0.205424985651402	0.247329456872369
9440.00000000001	0.211980788579484	0.185970355238736	0.124164345859254	0.135522778358021	0.164093970904563	0.221380474525878	0.368766997502605	0.137232305424886	0.193395172709534	0.264300775477287
9456.00000000001	0.216787074850374	0.181402145751805	0.126756864722313	0.130616800109943	0.161413858126713	0.229182686973148	0.371262218045144	0.137809683685391	0.184820685847613	0.2820801543505
9472.00000000001	0.225004479551352	0.17929092246364	0.130167348764259	0.125100500306537	0.160253125533279	0.238525872414057	0.375555971472927	0.14181324514145	0.182985344340513	0.29415088568461
9488.00000000001	0.236468215531928	0.182423473875198	0.130666840561094	0.118247211163059	0.166268955511106	0.248174662378572	0.382972108727393	0.147809147832121	0.184902244602496	0.297208435135673
9504.00000000001	0.252303289965773	0.18956437732863	0.126604588846249	0.111954062326844	0.179274882931042	0.259742562021799	0.3962378757304	0.156062992468099	0.189730484404652	0.295641101901469
9520.00000000001	0.269903399959783	0.19565355855731	0.119086696129055	0.108880877755469	0.194895889269851	0.273221183056086	0.410561662171512	0.165065029584049	0.19623873755091	0.293768743754046
9536.00000000001	0.283921076974524	0.198075399810592	0.11121738363832	0.109960748053966	0.206080520324148	0.286863965202437	0.423535332876621	0.173796965081474	0.20577020852215	0.291349404609301
9552.00000000001	0.293865615335009	0.199437080821588	0.106485040758521	0.113531896886879	0.21082386444222	0.299440538769611	0.437149961158563	0.180423424495064	0.217931066297523	0.290918769815575
9568.00000000001	0.299891253004365	0.202299540693605	0.106970398431764	0.117461046301394	0.210202825302084	0.30788346578706	0.447406030691134	0.182748249513888	0.229600074075005	0.290873000980428
9584.00000000001	0.307258570267086	0.208099265153544	0.115694480119018	0.122307655391359	0.209617151009232	0.312741349853536	0.459163992381323	0.182158806837993	0.238200617716583	0.295740021450122
9600.00000000001	0.319064350253427	0.215087092665085	0.132107032021922	0.131217537060689	0.210594595640966	0.316399898033303	0.471005383860047	0.184943787158704	0.244110698114753	0.308263615249031
9616.00000000001	0.329594015825134	0.221369327256995	0.151191564789508	0.145698564592933	0.212801810747747	0.319388281534037	0.485521572422754	0.194102720242992	0.249815003442307	0.325510224484604
9632.00000000001	0.336129746814501	0.228553741269968	0.166716677753174	0.164075183269543	0.216577693939361	0.322399746528127	0.501947052906694	0.210219813727637	0.25931734576554	0.34713042267411
9648.00000000001	0.338772672131659	0.236685618767029	0.174508575182078	0.181292028602041	0.222320489904647	0.324963530521771	0.517580957375461	0.225614040891761	0.271095095884264	0.366352495141869
9664.00000000001	0.342752908416051	0.24347430481813	0.177409431742665	0.195568507687344	0.231800901153632	0.329063906809509	0.534604682179513	0.235934430991276	0.28457624558421	0.38252929977908
9680.00000000001	0.355215790399543	0.249696503408153	0.181440340139317	0.205980517415686	0.246986053290091	0.337109922545872	0.551275065919428	0.242229681414943	0.297408137393104	0.397575618265332
9696.00000000001	0.37306890780743	0.255078087977	0.191728219626481	0.211121058764836	0.263147160955325	0.347793207767754	0.56504960726749	0.245609639498856	0.307293296800656	0.410332800743364
9712.00000000001	0.39546591356579	0.264956798139757	0.209446477695088	0.213850452027589	0.277791560610025	0.362090009148659	0.58421198830447	0.250770990357038	0.316774891367081	0.42511893639958
9728.00000000001	0.415352179405837	0.280262410559638	0.230451765694058	0.216444344813768	0.285785170638376	0.37498262058318	0.60189073371903	0.257352876632449	0.326201126805865	0.43763024305323
9744.00000000001	0.430876381005554	0.300205335809264	0.246749714859334	0.22342590755677	0.286390812837409	0.387532918706746	0.622941909302728	0.264248945897924	0.33817947558648	0.44838511189894
9760.00000000001	0.446399198204529	0.322074330957161	0.255469311947238	0.235698198495126	0.282808093646268	0.402008303522016	0.637689642359076	0.270628712915035	0.354982891341783	0.459505013470764
9776.00000000001	0.458355885296069	0.339805406627097	0.254992490329991	0.250189577560997	0.279176545001393	0.418912021557355	0.645157998681579	0.275379851104563	0.377189930097633	0.470720460740734
9792.00000000001	0.473153350507233	0.352832596674892	0.250043159358413	0.26296901397517	0.281139061057042	0.442656942231875	0.65471043319692	0.281634243808155	0.407727624575219	0.492044563345819
9808.00000000001	0.490038561215815	0.362984397268298	0.245795120257895	0.271929277610099	0.291388499539804	0.472148456856986	0.669456829031132	0.293611693909836	0.441317433174569	0.525045639238476
9824.00000000001	0.508400445909273	0.372310329020948	0.246142631360567	0.277216232719399	0.307304523146882	0.501765846732202	0.691805717551163	0.31218393095571	0.470967023354403	0.565213294106273
9840.00000000001	0.534657530333491	0.386096560522827	0.252155092819279	0.283021788318058	0.327599554215414	0.532472172203139	0.726295420622778	0.337597351853321	0.493175698822255	0.610468846330441
9856.00000000001	0.567552629276646	0.404543764738013	0.262367849760346	0.291959512591073	0.350115749775258	0.558551791656877	0.764719796725003	0.364733234032988	0.506861567369272	0.649778919496653
9872.00000000001	0.602727260281405	0.429688748740259	0.274449435726328	0.304592729802638	0.372713332359618	0.579852393445109	0.797148064101217	0.388435864136774	0.514458821758316	0.675554551629955
9888.00000000001	0.634837525981924	0.460249752608637	0.288995183104957	0.319877480645553	0.394383397482806	0.601723309424103	0.823927681494766	0.405873514274043	0.526270778337402	0.693221991339592
9904.00000000001	0.655034912730384	0.489708278627262	0.301977563055271	0.332923947223819	0.411763721401884	0.620366329082696	0.840250937092458	0.416683273234491	0.542336533225309	0.702438525667419
9920.00000000001	0.668457074619238	0.518175989897318	0.313198425726484	0.342629557480474	0.424211150116647	0.640961110033414	0.866663515022321	0.426853425880762	0.565650021135746	0.720474300734491
9936.00000000001	0.678163212288189	0.541613428406514	0.323180525064015	0.34944190465378	0.430280905323111	0.659826580635122	0.891725110212347	0.439489776014838	0.588541682828638	0.741033088969297
9952.00000000001	0.691201461119707	0.563410294005371	0.331589660657821	0.354218937688692	0.432100888009663	0.678515075723262	0.923391016455122	0.455540131669995	0.609333656607246	0.764475783566112
9968.00000000001	0.714420493268468	0.588229098423467	0.341306350864603	0.360715056474874	0.435107190701606	0.69959432726001	0.964522494672592	0.474752672191603	0.628834123594892	0.792692742746758
9984.00000000001	0.738632403173304	0.609816536124955	0.351398920313221	0.367605488125747	0.439614416303938	0.718779151077665	0.999164290037878	0.492194715821579	0.646356421837934	0.813796283373559
10000	0.764049986489183	0.628638088421936	0.363516876668627	0.375901958574227	0.446685973255651	0.739318723329591	1.02670856172719	0.50909677897012	0.664382829420077	0.830110378576958

## IMP
Hz	#1	#2	#3	#4	#5	#6	#7	#8	#9	#10
18.75	31.4731131471245	31.4918578932081	31.6161483316851	31.4313830166361	31.5157556273837	31.4501965456236	31.4200802143447	31.4640435778163	31.6831504750347	31.5044037914983
22.5	31.4467305465569	31.4498718164609	31.5451266008227	31.384982923136	31.5097469124116	31.4523318500434	31.4282270430079	31.4350371998735	31.6362516835249	31.4547740840749
26.25	31.4448585676855	31.4352295071288	31.5983673910095	31.3924799681331	31.5276774087648	31.457254726999	31.4490898409158	31.4648870384023	31.684903730733	31.4931172880561
30	31.4416599372381	31.4850051102159	31.6392307049092	31.4455386656537	31.5642277730811	31.5119344087845	31.4544575810781	31.494560865795	31.710770107733	31.4978716271674
33.75	31.4950086425943	31.5481377427823	31.6677771339654	31.4961045613683	31.6194730376928	31.5468033828617	31.4942791817893	31.4922596265381	31.7131096658852	31.5623270126435
37.5	31.5633142040761	31.6350185675384	31.7280212359293	31.5533484330877	31.6950556214092	31.5890779332018	31.5488480920131	31.5486964047807	31.8123458684662	31.6089433966286
41.25	31.6161635166035	31.6687550084515	31.7632468803709	31.567376385603	31.748072513878	31.6689965095624	31.6096641740321	31.5806225724858	31.8762775997927	31.6489174185737
45	31.6683549803655	31.7175975224254	31.8552938551147	31.6402970595275	31.7532231385692	31.7506027478145	31.6414012045969	31.6046630295904	31.9502555891474	31.6752934740068
48.75	31.7441499931011	31.7785617157413	31.8856733923927	31.7263317889037	31.8624181949033	31.7926338281578	31.7261366062442	31.7411420246153	31.9948657594522	31.7337715743914
52.5	31.8138718644832	31.8422569411458	31.9249427539464	31.8396916561659	31.9517279887369	31.8188428653817	31.8112635283947	31.8019342968175	32.0517832273833	31.8176215289962
56.25	31.8694747309818	31.932865170004	32.0058244540706	31.843834784151	31.9816240586653	31.9076102243774	31.8946188100425	31.8933036060932	32.1162111995679	31.933669858211
60	32.0288151077208	32.0100062628755	32.1357672532194	31.9326802872991	32.0676673523635	32.0026812419607	31.9920977715267	31.9593823979968	32.2290396445092	32.0015384166321
63.75	32.0263395669909	32.0779315935717	32.1878885362102	32.0135334966276	32.1252601819929	32.0885975180337	32.0402132129249	32.0377930944301	32.277542792843	32.0448964145091
67.5	32.0979986901363	32.0908686601312	32.233869535294	32.094856474546	32.2239357560372	32.1290856150267	32.0820758717126	32.1308224490932	32.3715385355954	32.0362648088849
71.2500000000001	32.1621216466481	32.1687869405861	32.2783025317818	32.1586883715881	32.2600957145831	32.1802624193612	32.1237376086284	32.1624215807581	32.3778282839459	32.084085351197
75.0000000000001	32.2636350368103	32.2735614804575	32.3789112181216	32.2279113582723	32.2724356527246	32.2260935225603	32.1945827553372	32.2311326207446	32.4510452586892	32.1886193881942
78.7500000000001	32.2953824177606	32.3087672811595	32.4076987350061	32.2587173434214	32.3605691390884	32.321641112083	32.2602789049912	32.2515152700282	32.5673298645287	32.2433603296775
82.5000000000001	32.3349118550477	32.3851127363236	32.4198046258422	32.3332406325107	32.399728825498	32.3570730071294	32.3137129672066	32.3154672477358	32.5691278014364	32.3449897558863
86.2500000000001	32.4160091114735	32.4293650281188	32.5498901110069	32.3774843761341	32.4704266590971	32.41749285851	32.4031969740689	32.3400936100591	32.6220643683617	32.4100159787053
90.0000000000001	32.4587744788527	32.4877397783656	32.5786880788224	32.4900934478638	32.5427585622831	32.4957167572986	32.4473060077368	32.4380354499708	32.7208823373274	32.5055568694978
93.7500000000001	32.5265902740458	32.558773177231	32.6524016008981	32.5011222382043	32.6075937210946	32.533480536805	32.529775816251	32.5054684443934	32.780834792904	32.5264236160562
97.5000000000001	32.509825191043	32.603756190708	32.6494027393115	32.5136457629619	32.6260343537714	32.5909411886882	32.5795699435051	32.5494132409318	32.8239499162041	32.6225272526269
101.25	32.5995014157905	32.7105116331658	32.6147974760759	32.5642313165216	32.6506178417511	32.5995699298028	32.5931082719065	32.5293993290486	32.8214447387375	32.6254168003651
105	32.6312909437609	32.6857275332842	32.6951930962998	32.5931014304783	32.7154609234334	32.5952588699846	32.6313503238594	32.5409007989557	32.8288490286989	32.6530587385573
108.75	32.6906151967537	32.7364664673275	32.6982536199284	32.634110541944	32.7541527820957	32.6851322071989	32.6418333364519	32.616789591694	32.8747897191204	32.7321455229455
112.5	32.7427978999067	32.8089374485694	32.844401819013	32.700697235227	32.8129847909625	32.707117603485	32.6527470472018	32.6631156462927	32.9316431807346	32.821556628834
116.25	32.7465343589022	32.8364043425416	32.901149221682	32.7066485723175	32.8496708003175	32.771557650671	32.7278337053048	32.7283199654282	32.9794104061504	32.774581793179
120	32.7656090066865	32.8894001506175	32.8841930823725	32.7753628011688	32.8925840836429	32.8308690059084	32.7787523261855	32.7130856938058	33.0236226501456	32.7897707337668
123.75	32.8466049947265	32.9293667841014	32.9141464175881	32.8510335771823	32.9526129708952	32.8297189019747	32.8379627331337	32.7726795836384	33.0139464880888	32.8049901760282
127.5	32.9423909258934	32.9799223379267	32.954613625248	32.8719218503516	32.9332913719504	32.8842042913627	32.8766444350507	32.8309008996262	33.0799952294386	32.8642456661248
131.25	32.8536693462049	32.9093402404826	32.992061738931	32.8708589912417	32.9909867116789	32.9041954888135	32.9078443807003	32.8578463177535	33.1734302957212	32.8931954214619
135	32.8366761509688	32.911747193339	33.0533191156124	32.8078515307006	32.9260560977542	32.9221919582581	32.8583256241116	32.8859945830067	33.0415478413549	33.0297959635217
138.75	32.9113849528952	33.0460645237629	33.0467987271249	32.9133191928226	32.9437024673765	32.9341149900904	32.8822113517426	32.8167531677547	33.1256282186995	33.0312497015106
142.5	32.9734655279817	33.0455932058684	33.0562028845829	32.935490907093	32.9889631564338	32.8888952739983	32.9513272277186	32.8986739004367	33.2202839202696	33.003440285009
146.25	32.9497397921536	33.0113838531005	33.0598338285575	32.9113034394925	33.0611208820021	32.9160415956517	33.0079829666968	32.9719742342232	33.1674791074073	33.051602991555
150	32.9379203978721	33.0588600872274	32.9985566977472	33.0099649731058	33.1071790067385	33.0128799988178	33.0492390630871	33.0296041021905	33.1952150685429	33.0039069180837
153.75	33.0511344809207	33.0444210266969	33.040143391832	33.0760967691658	33.0580145665524	33.0423390418195	33.0506267701995	32.9857882505448	33.2303056057028	33.0952807940328
157.5	33.0080781714428	33.0670282128878	33.0989598615839	33.0808871382506	33.0959267267636	33.0525927706237	33.0456193390921	33.0096705735293	33.1692432104443	33.1171324192855
161.25	33.0589584623778	33.0589654028763	33.1195880475534	33.0641951662474	33.1614125453839	33.0270701446751	33.0344378952178	32.9602982834536	33.1588239813094	33.0965404281438
165	33.0348416970486	33.059208197764	33.1134232239007	33.0761395493379	33.1539780303577	33.0196396612957	33.028865695667	32.9920992372797	33.2287060456535	33.1629987165536
168.75	33.0527198331184	33.1207346393498	33.099517917005	33.0460069760627	33.2045699449816	33.0731001988003	32.9889460949721	32.982388244577	33.1789633424769	33.1799029475568
172.5	33.1051601903323	33.1961015364479	33.1673563495994	33.0572251369642	33.2095570188466	33.0906321505953	33.0677269188929	33.0014335469477	33.2352544000718	33.1554957754051
176.25	33.117897835073	33.1736139450484	33.1480370372489	33.0133580028396	33.1768266879072	33.0908685705125	33.0282712884439	33.0492064515899	33.332231237469	33.1257282240679
180	33.1313876690043	33.1707165079621	33.1648353190857	33.0604924131882	33.1657815928128	33.1332151308463	33.0188600968016	33.0574204178914	33.3270273946472	33.1638913144133
183.75	33.1398780539798	33.2276803167502	33.1102189008904	33.0623223788961	33.1720113150945	33.0467681035727	33.1076297899609	33.1000650451621	33.325764795694	33.1500798891619
187.5	33.1406609874338	33.1989639154822	33.1691445465139	33.0184872413784	33.2209555038111	33.0561363611449	33.1822237593352	33.0863832949242	33.3493508696551	33.1681664406842
191.25	33.1262339262368	33.1218680381744	33.1838679681947	33.1354341469718	33.2384126158117	33.0813518539778	33.1353936358748	33.0764038776613	33.3061917727988	33.2280014603711
195	33.0873733754655	33.1828674371916	33.2168839698699	33.1054644805288	33.2675056654593	33.1346773599999	33.1196453350907	33.0693345434912	33.3116491556017	33.2775875609258
198.75	33.1347263762608	33.1559244925041	33.1954182039394	33.1590070432728	33.2230981204511	33.1450336427963	33.1051086441269	33.1190792835041	33.3234364353643	33.2486055483329
202.5	33.2132334199966	33.1823441882021	33.2163406125912	33.1179543659112	33.2936888839525	33.1404284445052	33.0588875195156	33.1133362790456	33.3418186755754	33.2202545630526
206.25	33.1975748861101	33.1650239181085	33.2125194931019	33.1243742101915	33.27848239669	33.1363854731167	33.1157003991542	33.0516268115491	33.3765676521805	33.1981769584201
210	33.1993392661631	33.2337473195817	33.2563041711509	33.0972376410062	33.2464642731716	33.1234126119334	33.1092135015571	33.046660697224	33.320792642108	33.2196694069215
213.75	33.1062373849626	33.2569996985128	33.1953895582368	33.0975486473555	33.2316372123173	33.1294364581833	33.0816614981464	33.0597013030686	33.3207434099859	33.270447441807
217.5	33.1539267734819	33.2069100479989	33.1961307325391	33.0784555659522	33.2506701948553	33.1741156607381	33.0961642722644	33.0576461081179	33.3500837746725	33.2596886348129
221.25	33.1270013084891	33.1731907463032	33.2039129624778	33.0974554039037	33.2434617279306	33.0540786577374	33.1290987211393	33.0150556089277	33.3178314841896	33.2921852296228
225	33.0615360298563	33.1738533984273	33.2294059670326	33.1463155348009	33.204440625807	33.0381490729084	33.1284324278406	33.0262488772731	33.2942220409732	33.3277461165964
228.75	33.1125325866729	33.2229037879807	33.1151641629558	33.1414548792954	33.1462408905786	33.1332438592961	33.1397059838684	33.0533190911164	33.3077173681529	33.3229603033986
232.5	33.0942374685754	33.21950199571	33.1471883339808	33.1000954870814	33.1599623957592	33.2079044493862	33.0516162867398	33.0921010699834	33.3327431791099	33.2811680167947
236.25	33.1522363281314	33.2134180728852	33.2078845807384	33.0500194874296	33.1574465754584	33.2015348411495	33.0596117027011	33.1734142140623	33.3678651667894	33.2862357807033
240	33.1461232237397	33.2070058659429	33.1597261143687	33.109420363851	33.1881060861429	33.0925649803873	33.1179323351533	33.0774977234494	33.3252610858597	33.2418941750483
243.75	33.1252095666708	33.2195222166192	33.1640458056618	33.063832931223	33.1896155864175	33.1115217327784	33.0242023118581	33.1135410276992	33.2862981439643	33.2444166421931
247.5	33.096715333357	33.1898290612298	33.1998839083624	33.2002030869937	33.1604567173885	33.1761216651961	33.0938695700434	33.1224308936334	33.2922411855396	33.2944232350623
251.25	33.1453363898125	33.2103393916685	33.2080694910875	33.0908611035427	33.1529562977594	33.1113319785578	33.106507375382	33.1304456925997	33.2943474864171	33.216691989124
255	33.1618482752531	33.1530112188689	33.1804511853723	33.0915648410246	33.1719414181462	33.205924371886	33.1302601597512	33.1255043923541	33.2995491126214	33.1280443248228
258.75	33.1781171373991	33.2168719609948	33.1455284398223	33.0715467160335	33.1454438904531	33.1386927920519	33.1134841197269	33.1243452025167	33.3622722703141	33.1963301451733
262.5	33.1288406062564	33.1727648155348	33.1224852928249	33.0086013083602	33.1756554296876	33.0920755120811	33.0522620846673	33.1319777740134	33.3609977712526	33.223932821426
266.25	33.1314179580708	33.1630970444505	33.0920731554465	33.164780120631	33.2058155705792	33.1352953363035	33.0710644517904	33.0770845308635	33.3290895158266	33.1789040324333
270	33.2110630947894	33.1058120777728	33.1506736830371	33.0820191220132	33.1145760101109	33.108579332004	33.1296811625366	33.0739891626295	33.3412701188758	33.2143571030303
273.75	33.1962394108079	33.0760602075843	33.1331162427562	33.0757196050061	33.1072636489588	33.0757826397541	33.0750983386243	33.0918436974145	33.3232174098639	33.2464474740413
277.5	33.1551348170743	33.1559813098464	33.2447808056049	33.0601280255837	33.1798920113547	33.0798477556761	33.0732021984384	33.0575382932511	33.2679246393512	33.2925177530835
281.25	33.1436736282249	33.1455470209231	33.1958024472688	33.1119782027555	33.1880458027388	33.0121493989238	33.1086753725841	33.0383425934841	33.2286569440526	33.2463973349562
285	33.1355946702578	33.2060622585541	33.2150257137789	33.020750665026	33.1769561706937	33.0643916719041	33.0604743375269	33.0840510980528	33.3152595916465	33.1757145252985
288.75	33.0875242280849	33.1438288153151	33.1437486535003	33.040234962472	33.1086509116652	33.0653706245747	33.0460925831122	33.0597838748624	33.2376684162462	33.1961754974083
292.5	33.0974634051637	33.072231290363	33.1306631430664	33.0222349804503	33.1504481450357	33.1086284975869	32.9968124331304	33.1030577418162	33.2534482298947	33.1506578364529
296.25	33.1023818610013	33.0473008475804	33.140232765575	32.9866919653912	33.1569675535741	33.0473534803438	33.0116648002906	33.0855821912248	33.2220394578031	33.1499198788338
300	33.1015292885247	33.0810930708242	33.0763197819111	32.9863740996448	33.1568255008922	33.1001805662938	33.0162939412311	32.9712028622157	33.2542198343521	33.1747508547776
303.75	33.1206343009265	33.0087363006133	33.1052806181943	33.0658689276457	33.1955378179651	33.1065646969099	33.1004483265212	32.9558494728931	33.1904475593254	33.1804718595124
307.5	33.0875494221205	33.0349482723388	33.0114196545837	32.9882772895174	33.1533603336284	33.1131445124079	33.01625159622	32.9820677664416	33.1602649843831	33.162824473289
311.25	33.0427048503019	33.0663679977038	33.0021093359549	32.8875138816483	33.1070078865117	33.0421485556359	32.9704148396032	32.9345296710978	33.1351262307839	33.1053276460662
315	32.9967353567734	33.0910696065893	33.060391506418	32.9426417654976	33.056017633137	33.061690849987	32.8932205688958	32.9827995196709	33.0895212262702	33.0759090525581
318.75	32.9914489843642	33.0270198078841	33.0283236676526	32.9263892074927	33.008854066027	32.9584316288602	32.8993543144163	32.895514037375	33.0964435453504	33.0357980797937
322.5	32.9666054943764	33.0208292785312	33.0839639423587	32.9338994189778	33.0593195522681	32.9635209136701	32.8887811701591	32.9014681948179	33.0836053510916	33.0716232826222
326.25	32.9232075864336	33.0133154387108	32.9922446257434	32.8890000488461	32.9463796899447	32.968420615014	32.9045413539267	32.8420210294847	33.089260467673	33.0368635875954
330	32.9245358589139	32.9769143043908	32.9845104260405	32.936039850381	32.9027902892167	32.9116842656457	33.0282397695589	32.9486792086316	33.127190930806	33.0438823808144
333.75	33.0223052133636	32.9763303264687	33.0186399432625	32.9491410060631	32.9582306840311	32.9106956452994	32.9516809859691	32.9823437450405	33.1110978707102	33.0022579184502
337.5	33.0080366915902	32.942186940058	33.0792301944453	32.8636222365651	32.9808985428369	32.873689628805	32.9026602570349	32.8371703255139	33.0396871243032	32.9710638832094
341.25	33.0180578593023	32.9628446042666	33.0231792137578	32.8598427003039	33.0400840653893	32.833439592155	32.9357077033038	32.9381563886455	33.0726943403394	32.9729906071043
345	33.0090491263838	32.9293547959567	32.9924357926736	32.8989629818152	33.0594959953152	32.9632904928972	32.8918834010156	32.9295925805029	33.0598219014212	32.9865478184053
348.75	32.939226166434	32.9268017282737	32.9741200482274	32.8737535223158	33.0198334701844	32.8942520953339	32.8500376426091	32.8589872518304	33.0812558442323	32.8997141600749
352.5	32.9328143736051	32.9495189531835	33.0721511530863	32.7900961338011	32.9262495907253	32.9334843906131	32.9539457245807	32.8462526991072	33.1450081240433	32.9434168863278
356.25	32.8956757171287	32.940466217879	33.0699593132589	32.8646384260462	32.9710268163344	32.9390117680424	32.9186433108185	32.8710163217341	33.0715144372673	33.0119492541533
360	32.9041753855598	32.8873101824391	33.0026826830111	32.8835671059939	32.9956507511135	32.9126635974302	32.8931121815872	32.8954890458974	33.0734252888594	32.9078150238784
363.75	32.9220544230972	32.8379340026083	32.999239566214	32.8277265422527	32.9331485304265	32.8795973998285	32.7827100050952	32.92742375268	33.1210482129973	32.8491904609823
367.5	32.922047703994	32.8713168182648	32.9999477410928	32.8663500237411	32.9194787159251	32.8808870306589	32.7710935593382	32.8795914482227	33.0406987163272	32.8439970828712
371.25	32.9351290924614	32.9196891438185	32.9480504789052	32.9004941038402	32.9077929014197	32.8938549625818	32.8400066780211	32.8386676195375	32.9928212926335	32.8606039359155
375	32.9145568507954	32.8408274857777	32.9819361737072	32.8325212330559	32.8660352091796	32.8995743334162	32.8224574931853	32.840375357728	33.0086212320577	32.8583770273515
378.75	32.8415154521908	32.7568782013216	32.9245044815341	32.8745272109871	32.9394172078328	32.8084672823011	32.8474869570589	32.8348449107554	32.9687731522132	32.8830506149089
382.5	32.8761122769719	32.7555986487855	32.8460012735801	32.8486994014545	32.8786714289109	32.8852946291399	32.848290343376	32.8158669565593	32.9507092894763	32.8807229262722
386.25	32.8218157178567	32.8936206634261	32.915701739378	32.759462572845	32.9099815273841	32.884035843637	32.7899120349618	32.7854681542084	32.9424789231032	32.8259721993712
390	32.8471441402438	32.810399585967	32.8817628663152	32.7391416190249	32.9259662263616	32.7822980525169	32.7765010369312	32.7661118995101	32.9602519096402	32.7633850747423
393.75	32.8343348767183	32.8524728413934	32.8911528835423	32.8222101896392	32.8116675383195	32.7890485280321	32.8119439281434	32.8642857219437	33.0740219323216	32.838291357953
397.5	32.7829753218507	32.8540633931189	32.9258426190088	32.8450526026467	32.8996359878377	32.7702261277677	32.7120909673734	32.8009251103133	33.0537321334947	32.8864079607064
401.25	32.7694197872307	32.7925373969641	33.0185070963222	32.8098997871852	32.9515452421752	32.7178045258099	32.775636829177	32.713188371787	32.9967171257347	32.8077009292705
405	32.7072063605069	32.8029967424543	32.9167023891112	32.7865656493495	32.9042132679339	32.7854623512055	32.7811855070249	32.7443094579394	32.9885354831797	32.80739873094
408.75	32.7590983413989	32.7740138154582	32.8051670256624	32.7434717837663	32.8399168975412	32.7265252178152	32.782258081287	32.8279702556931	33.0020543497513	32.8121130265025
412.5	32.8276411917539	32.7729213643679	32.8033623371512	32.7337391940576	32.8204999077914	32.650890848857	32.7592411335535	32.74808090382	32.832921818774	32.7447342533439
416.25	32.678987399408	32.7312691561187	32.8623522663599	32.6917929824069	32.8364750602894	32.7364256427921	32.7528940570977	32.7592661651953	32.8570843362676	32.789889406829
420	32.7335992993045	32.7590588289341	32.7523592867472	32.7575703855573	32.8439880371477	32.7575246747287	32.7510897037819	32.7156069791081	32.9581309539747	32.7265589987134
423.75	32.7304875042903	32.7932907957127	32.7813396075183	32.6632889842886	32.8241156634005	32.7155353633203	32.663448550523	32.6969908134955	32.9375980108065	32.802445078381
427.5	32.6747992776365	32.7775901298625	32.8647546192971	32.6075548681705	32.7214897951404	32.6704012530046	32.6842686699076	32.6704796667289	32.9511181361576	32.7046870736103
431.25	32.7259925909321	32.771165430104	32.7626383355682	32.6081395895735	32.7220609839583	32.6281240547855	32.7148182897329	32.7220116518328	32.9504191238717	32.7398100523849
435	32.6184619028886	32.7362200094766	32.6799607661291	32.5884400412926	32.6914556915822	32.7241313918904	32.7196441898061	32.7172534605062	32.8752985219783	32.7007941281744
438.75	32.7164475672196	32.6795517351453	32.7561059094278	32.6088636730439	32.7160802537909	32.6919162177679	32.6500661780643	32.6420082073298	32.8507658644707	32.6593715700188
442.5	32.7041347107785	32.6716275009935	32.817678364176	32.5756905734428	32.7265744998803	32.727273764505	32.599861259764	32.6393622440046	32.8357649495614	32.7168564687183
446.25	32.7796688820852	32.6959504674411	32.6790163825961	32.5986425519089	32.6787927389242	32.7372967824501	32.6152380030406	32.6094294383503	32.8796865782753	32.7204559960033
450	32.7743956628527	32.6773784833096	32.6988712040003	32.6639736706701	32.5992414846378	32.7626855423078	32.5307590641893	32.636395461047	32.84553098821	32.6754334454985
453.75	32.6491220923003	32.7045858691494	32.7359656250799	32.5184357985442	32.6355863759997	32.7167652329478	32.5873031380244	32.6685572375718	32.8816370004548	32.7006293194389
457.5	32.6277045351193	32.6653059483165	32.6786043680416	32.5752501813502	32.6938522252048	32.6956108968922	32.5784974081398	32.5994354015687	32.8819234470122	32.6506410241718
461.25	32.6192955548984	32.6220647978315	32.680140139099	32.560226677476	32.6651806970957	32.7284578331604	32.5881406365071	32.5946612797019	32.8345311125727	32.6712845482371
465	32.6012084713841	32.6283318861527	32.6075996310077	32.5652344017528	32.6476198722033	32.6319005999538	32.503523147616	32.6124390768967	32.8449208675131	32.6383659575904
468.75	32.5812945918435	32.6211611006169	32.5910175359388	32.5345561184375	32.6539390356949	32.5730991591074	32.5378668887505	32.5270909059165	32.7814265882564	32.6155020454464
472.5	32.691868494825	32.6224388724736	32.6538780352624	32.5971059485593	32.6175994435102	32.608191213544	32.5768058568888	32.5476207288519	32.8796679030516	32.5842293649464
476.25	32.6011447374449	32.668293916678	32.7180535549705	32.6374973752905	32.6563824537077	32.6458234229663	32.4927225986512	32.5895565336779	32.8136188955405	32.5434417443492
480	32.4799059668633	32.7327858660395	32.6909478003038	32.5442804473667	32.6538761659528	32.6137837764197	32.3985346318634	32.5417581507448	32.8189822145197	32.5562821933421
483.75	32.4920957804523	32.6579189254953	32.6526359976481	32.5736612736349	32.6616759269521	32.508654551156	32.4981684742716	32.4990277839263	32.8420019132779	32.5131446513461
487.5	32.5051842061013	32.5692171852508	32.6164771825304	32.4673213763567	32.6430512773077	32.4977955203336	32.5525470918227	32.5685414334616	32.7598911378066	32.5326027869587
491.25	32.405721063328	32.6334700529531	32.614191371638	32.5024553918272	32.6032452972957	32.5452123850238	32.5718443682461	32.6239829522792	32.7794177919345	32.4647442603416
495	32.3881683799791	32.5058671403041	32.6559059745039	32.4256900870528	32.5781901051454	32.5768790336245	32.5578135351331	32.5056427448425	32.787794701188	32.3597702625255
498.75	32.4724130691368	32.5918326735109	32.5827105845681	32.4779111457912	32.5298748778218	32.6030917977728	32.5605639376263	32.4510403644594	32.749053153754	32.3845505502563
502.5	32.4841640193414	32.5905346603001	32.5889389122099	32.46533721077	32.5682875722833	32.5519430699794	32.5701109525412	32.4451130086201	32.8077870208361	32.4454300968685
506.25	32.4626200046562	32.5317816195596	32.49415357901	32.4531265878398	32.6652234377204	32.4965768615017	32.4657846916917	32.4924001863286	32.7917205828986	32.4596884223264
510	32.5105409940707	32.6884655248413	32.643394325902	32.3934156644471	32.6805712161835	32.5783452394094	32.446619070912	32.5706191365168	32.6806158634977	32.5321139482441
513.75	32.4679107430977	32.6068547307377	32.5902654663834	32.4060176497635	32.5310513551253	32.5321870997467	32.3516652617214	32.579100599603	32.6255955423161	32.5072464750493
517.5	32.531891580366	32.505615210294	32.5778648551131	32.3748638944866	32.4855270712944	32.4964643870712	32.4617542687927	32.5504617376285	32.642862037774	32.5452421060637
521.25	32.437087727575	32.528305907003	32.5969933857638	32.3893248607953	32.4789570977726	32.5286867680689	32.4304534156822	32.5495582332018	32.7030022542124	32.5170266184793
525	32.4216308668631	32.5273889376443	32.6320094174762	32.3406168235244	32.5248440068466	32.5077592484754	32.4448550971531	32.5642889314541	32.6447430215789	32.3747309166271
528.75	32.4193201840908	32.4599748003196	32.6483498963792	32.4120671347574	32.536020475126	32.5642233065887	32.4138988099108	32.503521208177	32.7231035069899	32.3838228198341
532.5	32.4820438243766	32.4536429997312	32.6077656960305	32.4320727665141	32.486596259009	32.4908861172845	32.3860261146663	32.4371424728887	32.6733472693443	32.5096279415133
536.25	32.3862622375218	32.495394637447	32.4600138771556	32.3917570931061	32.4586924050759	32.5280069406719	32.4076587539967	32.3256545708872	32.6266329407741	32.3798703296289
540	32.3606523571462	32.4467871668674	32.4548424580355	32.3908584455758	32.4951174828068	32.458289423186	32.4014389657299	32.3759546039284	32.6217607867538	32.3220378162337
543.75	32.3752205481079	32.4304264141676	32.4547687241962	32.3710714062492	32.5512998829459	32.4482832321474	32.3222393364065	32.4453575618863	32.5198625431345	32.3097467153645
547.5	32.3300104831639	32.443658683382	32.5340544691746	32.3013597024672	32.4733873466933	32.3615915612481	32.3737669811322	32.4080456602975	32.6122862301522	32.3057353760209
551.25	32.3379282578281	32.351406959494	32.5725800618549	32.253493827238	32.535593655903	32.375978297707	32.3015512487162	32.4063774813744	32.6363841982576	32.3420489403448
555	32.3431828907685	32.3380921786296	32.6016138481261	32.2911620192534	32.4449085391176	32.3825660403309	32.3600275483107	32.4314080248531	32.6485109115263	32.4010334047825
558.75	32.391203579561	32.3477766694962	32.5349683546398	32.3019755125246	32.3937009084415	32.4128987348326	32.4349870735789	32.4326577087022	32.5817019808269	32.3809579606185
562.5	32.3490010842297	32.3011019811143	32.5580211208189	32.3064724594059	32.3797937621173	32.361173949082	32.483310426047	32.3270337859391	32.6049319100806	32.3191377350885
566.25	32.3275790928951	32.3341514150367	32.4336319919303	32.3678317800985	32.4197504934617	32.3906548719045	32.4292196691605	32.3497859677971	32.6518081537448	32.3444728349575
570	32.3251811888841	32.3361027136561	32.3175508480716	32.3032760235705	32.4522502876364	32.3319560745902	32.304750364423	32.356911748239	32.608685298783	32.2978005826113
573.75	32.3368662386947	32.334288475771	32.275795771699	32.2787428586278	32.3773093514532	32.3311532491971	32.2653030880023	32.3588843096873	32.5171548917538	32.2250349603581
577.5	32.3373125673385	32.3215060215229	32.4558442785413	32.3277395963198	32.4245189682142	32.4116982911751	32.3577578579739	32.3451742230599	32.5341514394306	32.3000043433186
581.25	32.3681036543326	32.3321636688507	32.4222769834358	32.322506787126	32.4554840821707	32.4304631699214	32.2673905634769	32.3099680827951	32.4473008375828	32.3463167057087
585	32.3090524661973	32.345073548709	32.4572939266464	32.2947855064639	32.418670169265	32.3907679221269	32.2613621692678	32.269129811144	32.3883126521923	32.3929112874906
588.75	32.2114504505769	32.3442038359698	32.4226425218068	32.3378139168316	32.2981739478269	32.3357699674513	32.3347022488585	32.3995685614119	32.4691588590207	32.3337716284567
592.5	32.2437124514644	32.2960512887249	32.3994760381665	32.291007351582	32.2846399200738	32.3178512624713	32.2608393870905	32.3379840456099	32.4669098804592	32.3954669202852
596.25	32.2809199727056	32.2921609107019	32.4503994135608	32.2112105301578	32.3660459760611	32.3023543354124	32.252789329742	32.2074470011167	32.3994250929442	32.3392804989714
600	32.2909366066019	32.3355832307304	32.3841863371379	32.3067578042444	32.2977388494447	32.3527940105946	32.2893684086658	32.2845488671254	32.4535764911921	32.3288955146483
603.75	32.2985490279273	32.2398518470247	32.4882475514442	32.2763074190672	32.272637211614	32.472030458713	32.2915183960225	32.3279310289473	32.4693220039516	32.2255728303291
607.5	32.3775963528903	32.3153916239538	32.4077727422543	32.1947057684675	32.2871428122565	32.3133134507537	32.2284694976911	32.2978370823324	32.4814631965944	32.2550975054116
611.25	32.3109487250251	32.24900019356	32.374608642232	32.2376466907576	32.2607474704032	32.3337607320272	32.2191782590103	32.2847703893223	32.5092998302814	32.2404982625237
615	32.2438546054063	32.2871642003199	32.3384552857505	32.2511801859426	32.3566710263832	32.2966965680338	32.3051954062904	32.23228757931	32.3931364810277	32.2473892114775
618.75	32.2414832265645	32.3139880532096	32.4012723327709	32.191304009273	32.3901372848748	32.3036999355012	32.2839886187294	32.2126391820735	32.4218216647661	32.2677717487981
622.5	32.1815302244156	32.2715171909483	32.3240871681236	32.1496603329653	32.182509074528	32.2571426820717	32.2262016754686	32.2288712197324	32.3902080955498	32.2716943033204
626.25	32.2278242897703	32.2548667101941	32.3064553630514	32.2118362335697	32.2460172120841	32.3058815324833	32.2280538279294	32.265082973828	32.4393034779952	32.2012577984318
630	32.2688179076232	32.2052143818309	32.2851543333851	32.1762364094015	32.2308528279301	32.3335643747643	32.1999652059569	32.276734399042	32.3819141372903	32.2146717990357
633.75	32.2013783635045	32.1154713169047	32.257999453995	32.1845689028477	32.3018963644512	32.3479953585383	32.1925526454595	32.2156901544224	32.3660353997028	32.2070779345467
637.5	32.2479712206808	32.2658425346123	32.3353576479965	32.1307139489804	32.3648491460027	32.2504123987874	32.1258654826399	32.159487964909	32.3350492206934	32.1973719527672
641.25	32.1769897319493	32.2095282206871	32.2424289852599	32.1679240650179	32.366124074918	32.3300652790699	32.1227069470777	32.1410284989233	32.4289433868163	32.190154184979
645	32.138136814844	32.1385633977278	32.2734439748327	32.1144641414545	32.2829755817245	32.2755865929463	32.2593389006973	32.1659283884076	32.4012063776816	32.2188943634614
648.75	32.1657292274805	32.0853729132693	32.3282240000808	32.1800989544076	32.1708243510651	32.2459829961365	32.241783490757	32.0953831131507	32.4113211103666	32.25871440499
652.5	32.1188025998314	32.1827345076156	32.3490896713097	32.1778526714007	32.3271129388134	32.2587009577302	32.2176465886553	32.1312210507994	32.3255993003545	32.2071998336767
656.25	32.2002896856308	32.1891934660894	32.2412582546903	32.0278426522309	32.3672641779504	32.2992867416163	32.207103650935	32.1912302038812	32.3689114421577	32.1930819617586
660	32.1211811842526	32.182876731019	32.2749570663823	32.1504024052956	32.299420482708	32.15308292548	32.151853481349	32.1421814317918	32.3116094082846	32.1691454096341
663.75	32.2016244980502	32.2333742715608	32.344283677174	32.1403953271268	32.2369716628841	32.2408521716594	32.1709494374454	32.1411311130572	32.3217510581815	32.1650011229707
667.5	32.1626739579381	32.1892858923308	32.3224581620126	32.0839400664388	32.1348163669184	32.1794629078261	32.1113391830418	32.1529429757086	32.2757084656439	32.2349837065875
671.25	32.2022165327526	32.1569882072161	32.3149644913878	31.9583248782147	32.1835634330794	32.0750602303406	32.0787258130611	32.0664320844507	32.2628818904638	32.1359571965228
675	32.1563105510421	32.2389633296091	32.3466654458661	32.024216203162	32.142495893122	32.0441506762047	32.0998786506078	32.0595271170803	32.3434783158826	32.1013023398595
678.75	32.1786779678868	32.2845339498118	32.2652226224809	32.0551332747453	32.1035300803405	32.1194014684329	32.1303293410549	32.1158090165019	32.3681775110881	32.085302545291
682.5	32.301931855934	32.3048163996736	32.0806411695435	32.0015253225193	32.1159743444679	32.1896230321293	32.1661765911081	32.0810922104727	32.3720834434961	31.9986098981347
686.25	32.2039022402427	32.2213463084537	32.2266515610562	32.0217271843711	32.1950735296048	32.2222269427448	32.1084617557213	32.1373377020694	32.2914617990534	32.0358769886064
690	32.1270536417831	32.1083757149567	32.1933790642771	32.0495954292227	32.2288137576134	32.1612417596888	32.1595283453356	32.186439403558	32.2583625653665	32.1362967599034
693.75	32.0061684458266	32.1021872186297	32.2851463110206	32.0622948061485	32.1882410194496	32.1664079385954	32.1450707873464	32.108954171824	32.3052688131154	32.0543907230099
697.5	32.0867029826905	32.2231624023368	32.2673312365644	32.0111840016103	32.1751247506444	32.1720060230268	32.1521661968539	32.0995390528961	32.3347948306222	32.0339656008922
701.25	32.0544527459346	32.3074150678211	32.2539570578136	31.9541035672185	32.1164578258045	32.3189700434144	32.0163650124525	32.0818845644345	32.2977367725046	32.0820354892252
705	32.053726573362	32.3017493163882	32.1631330226338	31.9549056197385	32.1003217624293	32.1453777273122	32.0916974335	32.171047751529	32.3979457446094	32.0273476016467
708.75	31.9429631115858	32.1395330735612	32.2082962159618	32.046035971216	32.1200431014221	32.1596475132539	32.1718888106879	32.0876027176499	32.3561463916714	31.9515674014889
712.5	32.0623183020919	32.110526461678	32.2276415603286	32.028518596437	32.0816490844745	32.1883060915637	32.0523649318997	32.0421159534907	32.3123755594202	32.014075222417
716.25	32.0772664703159	32.1078968656485	32.2617792674496	32.0577524298646	32.1648296918825	32.2309574200192	32.0150708664164	31.9999809616483	32.2009425692029	32.0954390844332
720	32.1059996091948	32.1330429173968	32.2121142330281	32.0616687543176	32.1828092651243	32.2291316172627	32.0151201212107	32.0619409603909	32.1784809737788	32.0634350172327
723.750000000001	32.0027630478156	32.0892895144213	32.1607800945311	32.0812523481127	32.1610374494411	32.0373558879994	32.1293856056828	32.0369122331255	32.1660524382849	32.0766676504222
727.500000000001	32.0775052344331	32.0754052466923	32.1619879970266	32.034599111337	32.2062499557398	32.1252543459934	32.0982256715638	32.0620210210646	32.2655251370601	32.1617955736235
731.250000000001	32.1399662853243	32.038321533488	32.233860141918	31.9898724380624	32.2212785609279	32.1544600394912	31.9859445650663	31.9303084785229	32.2600971408014	32.1510686081483
735.000000000001	32.1751328549143	32.0633490259353	32.2325651349695	32.0794817840185	32.1075990822625	32.1033145824573	32.0926987545297	32.0051391978364	32.2793009323814	32.1121113278989
738.750000000001	32.1916494266023	32.0950424504426	32.2819378739743	32.045615859279	32.0587049902723	32.1353106628645	32.075034022606	31.9876025362575	32.1753271410236	32.0536535724899
742.500000000001	32.2281071026721	32.1164404459054	32.1763048435618	32.0260673213967	32.1238864113874	32.2004171555022	32.133689601923	32.1209902605568	32.20338567734	31.9586295960355
746.250000000001	32.1470774998883	32.0979475866788	32.1524033938923	32.0781129446542	32.0982314733216	32.1546363912609	32.0854227524999	32.1202284369181	32.2247173272585	32.0112920056818
750.000000000001	32.1533220210792	32.0425778867261	32.0796009438863	32.0267051521218	32.1730209115511	32.1217135135633	32.1259254974232	32.0910259819937	32.2303662784608	31.9573490298044
753.750000000001	32.096413584926	31.9166417835812	32.1788531949015	32.0204852123073	32.0844674939473	32.1630539249714	32.1618413793996	32.0322743123131	32.1537857403234	31.9879125486081
757.500000000001	32.0487617842662	31.9633906856372	32.1207221548585	32.0660390319942	32.0558985331961	32.1505313622135	32.0987863941251	32.0044130806637	32.0701870383566	32.0524114629146
761.250000000001	32.0956693918134	32.0537660021945	32.184543226122	32.0380514237628	32.041474624664	32.1546941214916	32.0265661035527	31.9539240576585	32.1135175781722	32.0378732778765
765.000000000001	32.1042630845839	32.1432909558612	32.2382793137962	31.9608488171364	32.0162906252292	32.0923146915101	31.9773386094068	32.0043891781373	32.1251456021625	32.0022468265313
768.750000000001	32.0635799021405	32.0937052833252	32.110579310308	32.0323648047717	32.1341263786082	31.9640246314457	31.9016820653321	32.0501564133425	32.149949092732	32.0052190893872
772.500000000001	32.1052554489404	32.0190971942158	32.0420984941896	31.9811981254733	32.0239867416151	32.0827730333948	31.9710242724278	32.0128709421078	32.2349936553467	32.0019504396509
776.250000000001	32.0770432403236	32.003404796045	32.1739456610186	31.9647109599149	32.0738768614566	32.12438186363	31.9675551981528	31.9364690290177	32.2160777747448	32.0039296585526
780.000000000001	32.1160225930095	31.9906481808236	32.0848020973812	31.9898633529866	32.0652277953911	32.0349487721228	32.0228382841639	32.0358722080747	32.1845744602101	32.0071977200536
783.750000000001	31.9970833883954	32.0434394192107	32.096181403854	31.8775111944753	32.0555433725216	32.0505210126042	32.0158349625659	32.1261439090399	32.1811825205555	31.8919335245821
787.500000000001	31.9388096971269	32.0557380699126	32.0838422543113	31.7977451968455	31.8634168553535	32.0195178893006	32.0481063355967	32.0768770426479	32.2123236369717	31.9122968496723
791.250000000001	31.9828601228485	32.1346884499248	32.1917372578806	31.9216835143015	32.0417892151515	32.0746209570752	31.9936210840771	32.041085761092	32.1683833865747	31.980041922128
795.000000000001	31.9316642502001	32.1589984654528	32.0955792938347	31.9910847946847	32.0264976395616	32.1164995343434	31.9831196563021	32.0593231502914	32.1897223311822	31.8821719752867
798.750000000001	31.9737778573818	32.0192271214301	32.0927291425189	31.9156908261289	31.9560027175365	32.0259547795059	32.0478235644521	32.2191944407087	32.2789632593437	31.866988183711
802.500000000001	31.9651866139689	32.0593121799732	32.0791005722924	31.9463654449621	31.919736694917	32.1655555800657	31.8949482388662	31.9904676866527	32.2201314633812	31.8523171901142
806.250000000001	31.9008505876684	32.075689023943	32.0892750674595	32.0630128893308	32.0000010892228	32.0847201614239	31.919523796909	31.9550822300889	32.1819195803214	32.0200009881832
810.000000000001	32.034002110048	31.9723468718803	32.1255410977537	31.9285551314953	32.1036182757954	32.0988145524968	31.8581794968717	31.9627441737176	32.0998785954616	31.9151515590161
813.750000000001	31.941163005166	31.9978951918072	32.1159282928338	31.9168139461707	32.038860370393	32.1254686401678	31.8558525768983	31.9990313229336	32.1839814220943	31.8799761909832
817.500000000001	32.052665678632	32.0742960613471	32.1371377600004	31.8812077959609	31.9936446313268	32.2396674053356	31.7976999470152	31.9937260238004	32.2339572470946	31.8594512335525
821.250000000001	32.0709912057375	32.0671125505695	32.0477675900321	31.9554798870206	31.9940097288844	32.1129328384934	31.9283024085051	31.9055971924711	32.1785788219031	31.888857609379
825.000000000001	31.9288269314756	32.1177712970038	32.0382942013346	31.9762600409535	31.9992436249731	31.8988680432872	32.0277605387693	31.9079964654416	32.0589780449362	31.9264383001239
828.750000000001	31.8868227726743	32.0121941173764	32.0012557032485	31.9900032483943	32.0649239452183	32.0681670330754	31.9346947858402	32.0076898549682	32.030618361829	31.9578939882105
832.500000000001	32.0215795752468	31.9366869965471	32.0403019650799	32.0398833965554	32.1092539909557	32.0432964995914	31.9201687719756	32.0140694996602	32.1243297297657	31.9021804379931
836.250000000001	31.8928291025957	31.9826247310682	32.1221047979761	31.9322185568061	32.0495153017958	31.9511904843924	31.912596113999	31.8505890660056	32.0921508958555	31.9300274604047
840.000000000001	31.9246824680738	31.9046663280355	32.1340292350569	31.9126324731358	32.0292465937139	31.9806494080454	31.9247098928568	31.7989182816194	32.0732160016178	31.9978023493659
843.750000000001	31.8333117741169	31.9576984738716	32.0014799988234	31.8679385737577	32.0462313773921	31.9097280780472	31.977787298433	31.9182220629157	32.0093076507858	32.0003592211696
847.500000000001	31.7124663056544	31.8695904626564	32.0080632009898	31.8116230966943	32.0029706317846	31.9793101107455	32.0601432889891	31.727564668903	32.0349013436377	31.996149644662
851.250000000001	31.6919128123232	31.7728482084584	32.0893138940826	31.829921023628	31.9949722994579	31.9622110156926	32.0936145187809	31.8273221434641	32.1064961775133	31.9362696160571
855.000000000001	31.8518881081325	31.86049222169	32.0741816016461	31.8614064920317	32.0236006156166	31.9888242346881	32.0773744410779	31.8615712059287	32.1701087359311	31.8221047894862
858.750000000001	31.8725307687546	31.8887333137789	32.0193725286338	31.8438770975398	31.9552579725192	31.9329934729536	32.0315683438084	31.875008122025	32.0325587204366	31.7884156989756
862.500000000001	31.8833158397816	31.9382571612058	32.0213222061134	31.9178113047317	31.9213954507517	31.9338966422119	31.9735378977923	31.7414560804133	32.0836913498789	31.8651338919687
866.250000000001	31.8958538851593	31.9291141765157	32.00934817741	31.9053855253725	31.8532304399251	31.8523965562085	31.8892796803009	31.8063608050635	32.01102080478	31.8217156422027
870.000000000001	31.8650814721241	31.8882065876858	31.9317502708321	31.812727872683	31.7676430639664	31.9362242444823	31.8905368443396	31.8639884148928	32.0280204092556	31.8777085904929
873.750000000001	31.823443791304	31.9054552423456	31.9254960820066	31.8416358091825	31.9293356327796	31.9247731607321	31.9228519043614	31.8792508265465	32.1318288197314	31.8438135856691
877.500000000001	31.8841484778957	31.9665062130549	32.0502366422918	31.8299963790281	32.0267288960219	31.9841134275445	31.9073229802423	31.867775841441	32.1356198459634	31.9316604212804
881.250000000001	31.8706424529095	31.9611324815348	32.0590007330555	31.7983128608352	32.0448770610758	31.9246526422654	31.8226360838146	31.9071640280655	32.1379075621594	31.9466754177758
885.000000000001	31.944215406283	31.8150352632908	32.0247529854743	31.8276551927632	31.8836115305431	31.9647900697477	31.7742713047679	31.7707538624938	32.0317507963993	31.8860052198578
888.750000000001	31.9291540192531	31.9669475155126	32.0780140443069	31.761758585256	32.0632227940153	31.9270886850868	31.8426387696833	31.7685327137211	32.007844670962	31.8596385218553
892.500000000001	31.8467760909889	31.9625461614346	31.970448752763	31.8147083038878	31.993810138998	31.9325813244332	31.810644487192	31.8394401139493	32.1211254928642	31.7491725155235
896.250000000001	31.8361048103501	31.9719350989207	32.089561109149	31.8543623512259	31.9462542365006	31.8876609692119	31.9284959305899	31.9275158052079	31.9805009234881	31.7355839970328
900.000000000001	31.9116306744984	31.926258760965	32.0045180981259	31.8033586448496	31.8714811511391	31.7858980886963	31.8428048967854	31.9519115943753	32.0720411579335	31.8561286221388
903.750000000001	31.9119633457109	31.9196015936404	31.961009077431	31.8448057700967	31.9206670275226	31.8706312251436	31.8640145445587	31.9307462554364	32.0369949785401	31.8860476379848
907.500000000001	31.7868587058581	31.9529578948548	31.9187868061665	31.8232455243978	32.0019712859102	31.8486700239611	31.8715866699815	31.8725093726664	32.0213739058921	31.9091477598839
911.250000000001	31.6863983473429	31.8969518177699	31.9091685902985	31.7728856406388	31.8987541884897	31.7458465193952	31.9320364092431	31.8587045031301	32.1071571712491	31.8878058015486
915.000000000001	31.7778568850768	31.8895196955487	31.8966938346823	31.7184820830301	31.7832551614974	31.8611847900602	31.89189873855	31.7996858055864	32.1652339888865	31.8426480263338
918.750000000001	31.8009451484871	31.898523153891	32.0166775301381	31.7256419456781	31.8275972049278	31.9122046913287	31.958900572918	31.8854468431819	32.0768734204003	31.8116658304684
922.500000000001	31.8344289025587	31.9877130146634	31.9842995120347	31.7602150969877	31.839126433588	31.9241349986712	31.9581976247166	31.8383807693228	32.0029450857007	31.7593462007989
926.250000000001	31.9396644811323	31.9253611920589	32.0130743776364	31.784928090527	31.9448943288155	31.9769847190847	31.7764349923355	31.8372219515855	32.0542196100759	31.7808555294892
930.000000000001	31.8561297060746	31.789353940009	31.8022110092885	31.7371793756534	31.9515814276624	31.9199910453142	31.8599320420379	31.9337955104443	32.0026616394274	31.7788552530583
933.750000000001	31.8015437826338	31.835318795	31.8342482014195	31.7373912705179	31.9409507303738	31.8585034622264	31.778719262182	31.7977749056529	31.9738467824626	31.780701316516
937.500000000001	31.7941768725575	31.8657074473749	31.9498197573134	31.7159403019238	31.9355345359462	31.8414276490859	31.7286436522382	31.7637313494742	31.9514714263885	31.7583097683688
941.250000000001	31.8283812900183	31.9006208189866	31.8947326672842	31.8372698755588	31.9143905273931	31.885078541092	31.7849313686005	31.7480705580205	31.9548543187248	31.796356454036
945.000000000001	31.7533086748347	31.9032160987624	31.9272733072853	32.0144371241296	31.9926633484636	31.795659999461	31.769008964416	31.737005557582	32.0388540335484	31.8149926085444
948.750000000001	31.7659455716319	31.9145313095829	31.9185272835473	31.8205640342514	32.0038771780817	31.8562382215204	31.7806697941176	31.7707936032535	32.013426798029	31.8336373151841
952.500000000001	31.7656289322436	31.8587455964037	31.9882819614042	31.6602210364762	31.8993108648222	31.8760101579885	31.6927020547645	31.7127105144754	32.0506976112773	31.6720382863821
956.250000000001	31.7013261095497	31.8103119911401	32.0406303273098	31.6965829021902	31.8887543776873	31.8523814794142	31.670995846849	31.8146812852029	32.0818245566401	31.7770649098672
960.000000000001	31.6132092086955	31.7529028422921	32.0262892360581	31.6791930426216	32.0465645342201	31.8065537120895	31.7135752231819	31.7850757291108	31.9914529364381	31.6861105670032
963.750000000001	31.6177647858538	31.6549704503753	31.8805298513876	31.7235723239012	31.8502523101477	31.8199919734512	31.6788080267623	31.7731068215575	31.9254241715238	31.6905287259826
967.500000000001	31.7482641482064	31.789628511872	31.879267985093	31.6888710003858	31.9172829528969	31.8820090560194	31.7303749731667	31.8137866829395	31.8914311945574	31.6668497384999
971.250000000001	31.665224399395	31.8178580212983	31.8886248757286	31.6212165405661	31.9135891060677	31.8728190067924	31.6570093829731	31.7897155792416	31.887469251565	31.740461273671
975.000000000001	31.6179563729579	31.857709647347	31.9379547312396	31.7226381788421	31.9366437928195	31.8463769446606	31.6457901018943	31.7033108392857	31.984631762939	31.6109821819845
978.750000000001	31.5695201872248	31.9053127193596	31.955002428242	31.7678837769099	31.9486746217226	31.750642443092	31.6465393867973	31.7266871189742	32.003631157627	31.7514781897177
982.500000000001	31.7146063076243	31.8686911715354	31.9279096139993	31.7494151017252	32.0340132490797	31.8269931072899	31.7753627739715	31.7697264195611	31.9842069732713	31.8521970385394
986.250000000001	31.7416946686409	32.0066398148045	31.9495613874229	31.714733854225	31.829819121001	31.7805821084952	31.785060472901	31.7158905130995	32.0623280822525	31.7144851910371
990.000000000001	31.7661609174762	31.8550097382802	31.8496911625259	31.7611908380947	31.8267743655694	31.7030641519034	31.6482803511932	31.6912361838317	31.9585722975316	31.6802095010967
993.750000000001	31.8510316472222	31.8626111652403	31.915406607583	31.8544799748719	31.8012967933155	31.7003098049913	31.6581392948402	31.8944374929249	31.9930175587658	31.6940412548898
997.500000000001	31.8766390302959	31.7888888815888	32.0558963887378	31.8275433179663	31.9014562631881	31.8868940051511	31.7537126270614	31.8121246938648	32.0922433405289	31.7588289821791
1001.25	31.9268912421172	31.82772609787	32.1507346541264	31.8686622144466	31.8678379012658	31.8835971824932	31.8578123039273	31.7727985399717	32.0644751922463	31.8194383305738
1005	31.7291398381126	31.7690052571003	31.9585175133575	31.7985464727847	31.8391951137906	31.8721829213023	31.7444652015344	31.7995408288443	32.0151737632816	31.5802963787811
1008.75	31.7130926226981	31.8190656784148	31.9372046819431	31.770710704321	31.8570980436451	31.8517835914604	31.701092387094	31.6429857199055	32.0200031186769	31.6580118534246
1012.5	31.679438511535	31.7467291286247	31.833475315038	31.7864891795474	31.8354306473223	31.8462040886193	31.7460059768255	31.6878539301865	31.9724432229908	31.8060506654175
1016.25	31.6081390683388	31.6464936356254	31.8309995102647	31.7909371640958	31.7585483050005	31.7716131010127	31.6342150264068	31.8252784947957	31.9835509226786	31.7887118897235
1020	31.5925614305954	31.7186213556205	31.7637927540865	31.7244128319568	31.8028386403236	31.6413432919919	31.5840258700984	31.6247075056197	31.9572216354497	31.8389749101496
1023.75	31.6510863396885	31.7605809381568	31.8322143242266	31.6972830988049	31.8353323180847	31.7849690618415	31.7488092765137	31.7490263960709	31.9728010779086	31.7364880107393
1027.5	31.704835231206	31.815627375319	31.86366591096	31.6678668302755	31.778391013276	31.8443046777422	31.7023627344268	31.7137195218524	31.8805001306092	31.7850708719608
1031.25	31.7841721881965	31.7106785158074	31.8708595020337	31.657916564812	31.863046253581	31.8680638665765	31.6504673934224	31.7855189870359	31.8724497894058	31.7507349627061
1035	31.7152454409611	31.7222247822861	31.8760732723126	31.7117226649702	31.7363080341897	31.8589883588377	31.7674285936908	31.7717935420379	31.9147185196925	31.6608318858826
1038.75	31.6593181034241	31.7322270013783	31.8279005310944	31.6170460487194	31.9376967259603	31.815109063213	31.766702564446	31.6975906825579	31.9103632992772	31.6352105526999
1042.5	31.7031197193985	31.7469958603628	31.8149696169343	31.6297252639744	31.8674826375257	31.8351587472541	31.8382828358396	31.6830318170816	31.9574853673975	31.6441739113294
1046.25	31.6336205893153	31.6448027965173	31.7406083553224	31.7040469660121	31.8234472915205	31.7842143908413	31.7286482862165	31.6835696584712	31.8695553919344	31.6753403286717
1050	31.761796398725	31.7513036185622	31.7504439945756	31.5954898205953	31.6715384177319	31.7237157942359	31.6732683730231	31.7427146497548	31.9027019890809	31.6739814691913
1053.75	31.746395909573	31.6984514795238	31.9553900740575	31.6678301694215	31.6838128688514	31.6661385666621	31.6966875713952	31.7786788210013	31.9426522730164	31.6138790183784
1057.5	31.6724916951613	31.6359549033049	31.7309021426583	31.6614711383689	31.7477263688645	31.6682973023129	31.6970807745266	31.6319842398876	31.860603764199	31.6752542698457
1061.25	31.7492437049586	31.7096100806717	31.7833331105718	31.6495804129334	31.7403762981834	31.6778709239227	31.6072732737625	31.5740180203615	31.855183595474	31.6582047188589
1065	31.6674170626615	31.706015896731	31.8391664510624	31.63405802745	31.6767403977574	31.8367303280286	31.7044534951449	31.6629744546092	31.9675377160579	31.6355733599705
1068.75	31.7106367161361	31.7119645270444	31.8048913724909	31.6846597932784	31.6542280530104	31.7259853375857	31.5997960204392	31.5799151773895	31.9281238569748	31.6327056343405
1072.5	31.814401491591	31.6084195074209	31.8270010040613	31.6854903992738	31.7153026319422	31.7123798011491	31.5897582401509	31.6130554839972	31.8823194376598	31.6286969599489
1076.25	31.9004018624612	31.704396478723	31.7464362079563	31.6592412291469	31.7264888728806	31.768364364291	31.6390209612746	31.6394521452411	31.7817200697539	31.6883053113533
1080	31.8915532656974	31.6527905391982	31.7952677430098	31.5027828539288	31.7108644162011	31.784637702228	31.7397432383526	31.777207575662	31.9588105279706	31.7198849256988
1083.75	31.7774809353152	31.7243079791868	31.8075527163246	31.6124567961059	31.775839788252	31.6772660472147	31.7239412043731	31.6430758402129	31.8026503679226	31.7565239179214
1087.5	31.680993129929	31.6990705811546	31.6912757629398	31.7182230283965	31.6752345888382	31.5898120784288	31.622825827893	31.7284049911827	31.7229739676691	31.7145572684958
1091.25	31.691521452983	31.7461302909032	31.7841172064658	31.6691758056367	31.6528547971751	31.6376129806131	31.696432233674	31.7627541809439	31.8095924840339	31.6438209305642
1095	31.6267016465123	31.6516266620698	31.7630565600412	31.5996518774441	31.7105354266783	31.6982206301994	31.7365149018727	31.7072687033902	31.6117939098161	31.5814507155487
1098.75	31.6548244253138	31.7186515662897	31.6098637826864	31.5816284070683	31.8286533455654	31.5869930338287	31.686498112903	31.6187720775085	31.8419583228946	31.6439337002165
1102.5	31.6316354048195	31.7072151773865	31.7260222978619	31.4693589476653	31.8668128590063	31.6933621597553	31.5820550986403	31.5962652567847	31.85635414071	31.6289627412266
1106.25	31.6867833390008	31.737130522953	31.7765045776888	31.5687143209186	31.7611526818196	31.6036591090226	31.6853984433772	31.6496837737075	31.8023099673098	31.5561835693034
1110	31.6346718095044	31.7069064640266	31.7538916384435	31.6761717916586	31.7900845067447	31.5460462975193	31.8062214967997	31.6994768518392	31.783583970921	31.5706287490618
1113.75	31.5109483629591	31.616203794815	31.723038846946	31.5624338617834	31.7017980005686	31.6062478543648	31.6588217273558	31.6120559841802	31.7532106688706	31.6741273409231
1117.5	31.6048972297136	31.7049596151886	31.7274021978107	31.5764483707882	31.6874442204157	31.5494636594916	31.6401929598464	31.524790916783	31.8280511811325	31.7029439646531
1121.25	31.5789932981877	31.6866895214837	31.7204648847682	31.5483986216809	31.7707385664872	31.6985644660245	31.5666258107731	31.6098213775217	31.9503251828426	31.5834133058607
1125	31.5691120724234	31.6607149467714	31.7530798980517	31.6415091696766	31.6804289563295	31.6719886959599	31.6398753803849	31.6645031154164	31.8182325951507	31.6142864735523
1128.75	31.6102803939224	31.6500816712875	31.7137469471649	31.6822251966589	31.7284151546193	31.6685408131714	31.6754277846245	31.6218424489249	31.8493830808507	31.6398482755032
1132.5	31.5336096797783	31.6971149286912	31.6392895797688	31.5866154347486	31.768140685777	31.5722945836998	31.7527778231705	31.6771905088496	31.7731786350563	31.5492480669696
1136.25	31.6465303764509	31.5947916089903	31.6083292043407	31.6373056950206	31.7410424894976	31.5472729312574	31.7148372447184	31.6366308452121	31.8751671385427	31.5738157968773
1140	31.6408572096219	31.6354353186117	31.8167711438066	31.6283205799571	31.6984669101764	31.4830731676616	31.7071338015519	31.6622664843895	31.8378583546923	31.5378009955906
1143.75	31.4983410032556	31.560563156072	31.8191369800328	31.5583642804702	31.7205364893705	31.5467571904899	31.5830717417166	31.600690388102	31.8867274860764	31.6088783836364
1147.5	31.6240936749723	31.7521619242119	31.7509951432773	31.5573731923431	31.6556701141347	31.5567512424249	31.6391172589117	31.6445024029694	31.8908929704625	31.6221902760947
1151.25	31.7534178831097	31.7149469534398	31.7129189033905	31.5208786667502	31.6609453441605	31.5505073977688	31.5682528694905	31.660171122221	31.7559386935882	31.637766946446
1155	31.7626921693886	31.7243349109515	31.6680474265389	31.6349040512093	31.750348488192	31.6011948480123	31.5566873903995	31.5936453543547	31.7078965130303	31.5831400334691
1158.75	31.5630263936063	31.7504988798318	31.7738592444009	31.5621733658213	31.6688156619926	31.6894848482541	31.6006598995957	31.4642204554575	31.7694840868731	31.4833395551315
1162.5	31.5792494830124	31.7545249407754	31.8251376142173	31.4781275794116	31.7183635207319	31.5563875440218	31.5356329381745	31.4875707692112	31.7946002250633	31.5464031526832
1166.25	31.6448935386253	31.6693618322017	31.8304006055547	31.6499863833758	31.6143546768484	31.6985808852802	31.6147239243721	31.6093956779002	31.7754355089846	31.6061866969908
1170	31.6541525211541	31.6328129608942	31.8472633386095	31.7154366478732	31.6655216112015	31.7471184688393	31.6455624034558	31.5736252963439	31.7206612317701	31.7104562789779
1173.75	31.6998083037475	31.5705510413912	31.85032378823	31.5433676694604	31.6492262812571	31.5633692171726	31.6275178284132	31.6300847664962	31.8153265769176	31.7934500613199
1177.5	31.759907062327	31.598110917532	31.7995060808783	31.501854340743	31.7243963367737	31.5678108511526	31.6012003059595	31.6324650811	31.7989146874408	31.8256982393352
1181.25	31.6073405733889	31.6265430575746	31.797531755654	31.4991508441503	31.7738693866873	31.6413533972643	31.5982018774924	31.6500969011356	31.7781675977369	31.7540137737458
1185	31.4455354439107	31.4929618462408	31.7168763383323	31.578260008438	31.6606824077562	31.5779138716967	31.5949548780921	31.7325292808527	31.7174596519784	31.657819536656
1188.75	31.557147673568	31.7148750679361	31.7748158957979	31.5318804514425	31.6824526036476	31.6055314391241	31.4761567773555	31.7102674957247	31.7147568096073	31.6467335104146
1192.5	31.6954492214121	31.5854217340532	31.7062849314157	31.5520689865359	31.7354798380635	31.7262781635364	31.5042400058474	31.6290781596308	31.7653617951581	31.5871201621548
1196.25	31.6040698882409	31.4930387644255	31.7059601457249	31.5269374893289	31.5577593423019	31.6233140760784	31.5495019719658	31.5546181686883	31.7414203205148	31.6205331975509
1200	31.5142973609989	31.5417321529515	31.7414094013083	31.4674703280173	31.6554042242071	31.6390678879641	31.510200961781	31.614695904514	31.790615440379	31.4917104079847
1203.75	31.477693070513	31.6029539080374	31.7994482438057	31.4979779777507	31.7050379061961	31.6814984235084	31.5527971812433	31.6431594742804	31.7296138969753	31.4043742883163
1207.5	31.6192622935493	31.6342337764546	31.7399633236628	31.5535502023153	31.5981598915589	31.6314175011062	31.5433245638172	31.5848852249944	31.7938802985945	31.4596326317151
1211.25	31.5117599719508	31.7197626546565	31.7772058649696	31.3642486103112	31.5884042127668	31.5472260624401	31.5335813818754	31.5650464734788	31.8686002523339	31.4894660201044
1215	31.4205823885183	31.6963142281917	31.757951484617	31.459130974442	31.582073156096	31.7053200312017	31.5154768549963	31.5629475079527	31.8270915252198	31.4845764063505
1218.75	31.4425576797187	31.7002158551714	31.7900853112893	31.6288116408081	31.7015594444092	31.5664928955819	31.3649202329316	31.5054723506431	31.8030734491299	31.4605516863158
1222.5	31.4400570750333	31.650850738797	31.7612831074769	31.5241537314606	31.7155739255177	31.5437497174707	31.4295375842459	31.6219369963668	31.7710617192048	31.6847981701893
1226.25	31.5666998853095	31.5184195147027	31.7662545883683	31.5179724459185	31.592568257145	31.5275121228174	31.569608863309	31.5654477709765	31.7726540378303	31.5675111475617
1230	31.5443889325476	31.4648225891896	31.6606835092907	31.4694605378543	31.5971184930635	31.5559860955242	31.540770884129	31.5488026642274	31.7817113030276	31.5389774344158
1233.75	31.4545121513344	31.6252384752314	31.5826903276942	31.6898230073221	31.7609525520692	31.628897605999	31.5401426978721	31.6400585530648	31.7543984473151	31.6309452862517
1237.5	31.4632211583546	31.5922345378798	31.5605726524068	31.4983106066373	31.7005032612962	31.5568412018449	31.5926220096582	31.5779359596359	31.6095189863245	31.558773881727
1241.25	31.4843048625446	31.7112930743423	31.6206199799344	31.4916405431655	31.5807379782626	31.5807621829401	31.5355888386492	31.5112380630593	31.7857635244082	31.5591014156725
1245	31.4393087840699	31.7646688674548	31.6363866941849	31.5181534979812	31.5437924948016	31.5898695543691	31.5211102947495	31.5204766311118	31.6716968018016	31.611759030757
1248.75	31.5527521256395	31.5733766951653	31.6367359470246	31.5664914710471	31.6282890141516	31.5600086846806	31.5596660822415	31.591716650368	31.6606278973824	31.6375641698463
1252.5	31.4854400949688	31.6294602884735	31.6266268470607	31.5889150209785	31.5828575827255	31.4941782140385	31.529458597655	31.6213508354021	31.6805699815899	31.5730448856229
1256.25	31.5213163304235	31.6454649059521	31.7478729525461	31.5226820397629	31.6702015802596	31.6305493301562	31.4660954876094	31.5034040157538	31.6447149920052	31.6271476753488
1260	31.4462493013754	31.6592799154622	31.6348144480886	31.5297861696394	31.6714728654118	31.6282418640964	31.4218565141129	31.4716412369162	31.6936638847198	31.523161063449
1263.75	31.3664469463874	31.5813080901475	31.601964591287	31.5554994761889	31.6653595468159	31.6116257088747	31.4184017419667	31.5207295573659	31.6993661877625	31.5102012246972
1267.5	31.4601489213285	31.7054691711009	31.6179868439985	31.5772726029474	31.4808760025574	31.6021964750155	31.5003532581984	31.6591365959945	31.7461913457699	31.5445000975323
1271.25	31.6044435133287	31.6057328907956	31.5567351374579	31.5082724101325	31.5329682724731	31.7507844634062	31.5986037635532	31.7041204942037	31.7934090456349	31.5967807723138
1275	31.6627997000157	31.4895835330951	31.703589488547	31.562632664853	31.6917059421133	31.7037697274678	31.4640515829712	31.573080915827	31.7150340911744	31.6979513775202
1278.75	31.5867350638168	31.5699255513581	31.6595696682168	31.5644106323152	31.594185939039	31.6133988767553	31.6079507729194	31.5825270066606	31.8086992731365	31.6319442326081
1282.5	31.4744243648979	31.5321820280298	31.7143733314655	31.5152454628091	31.5993912074654	31.6174788259547	31.5677946478633	31.5787441378309	31.8222807394171	31.6030942305728
1286.25	31.6127230071038	31.5020737295963	31.6334899325904	31.5359148612531	31.6905830313313	31.6143068420369	31.5804329154393	31.6553323810571	31.7523004150996	31.5443592213858
1290	31.622243066497	31.4164721386552	31.8216452906543	31.5545055192865	31.7687384371433	31.6990314016026	31.5648206482726	31.5814579052955	31.7828064993553	31.5296231030953
1293.75	31.5772631102331	31.3588240918694	31.7706450752766	31.5219262828681	31.658001750068	31.599486095067	31.4816881455825	31.5515787695644	31.7076144850188	31.4871713928728
1297.5	31.5863463966377	31.418305082668	31.6636309993405	31.5847236898633	31.6630711842169	31.5722921018153	31.4627564279104	31.5266993926659	31.791547507814	31.3810373005687
1301.25	31.6154952905906	31.4206184363092	31.5636667123268	31.595781200315	31.6397098617738	31.6085245936171	31.5658187262644	31.6536564971259	31.7662792564813	31.3774643874264
1305	31.3082896398437	31.4212198002139	31.6690107962096	31.5342751076599	31.6960318183819	31.6910758917604	31.5870043574366	31.5789106394921	31.74125333534	31.5665413811198
1308.75	31.4219624168114	31.5746628069193	31.8185694722706	31.5758652716201	31.690272808648	31.7175169085402	31.5361559229179	31.442012814877	31.8767320152137	31.6371031764535
1312.5	31.4438115275707	31.572355354294	31.7626466622032	31.5809776250302	31.6791831374083	31.6619408919306	31.5331601896297	31.5000951641879	31.817550977076	31.594019384728
1316.25	31.4446399891817	31.502121335611	31.7409146886906	31.506094046894	31.6815611356299	31.4992452527671	31.4586917613785	31.5654597834986	31.6584558680014	31.4695248498693
1320	31.5197068201911	31.5466703368951	31.7201090592662	31.6416556773969	31.6172957720289	31.4601956301964	31.4443490753238	31.6643836233406	31.6942600705746	31.5998214688291
1323.75	31.5555573444729	31.6866809229679	31.7110598762762	31.6357011307394	31.5064416301901	31.4500812271846	31.6137004348594	31.7192014493558	31.749451825581	31.5652008723319
1327.5	31.5747461907956	31.5188446807198	31.6500835192581	31.4039982825793	31.5087718628897	31.6165678124582	31.559967796218	31.6387936241514	31.7839341494019	31.4719037931715
1331.25	31.5993747262832	31.5320751049442	31.6379663724375	31.4683471979409	31.6319639425871	31.5422943097889	31.6040447482319	31.6257450720404	31.7367537275419	31.574002299135
1335	31.5261731093726	31.4161314049865	31.8007027625499	31.5160929340257	31.566645568841	31.5828419669292	31.4197965552741	31.692526431645	31.8204656123204	31.5731192709692
1338.75	31.5594286841244	31.5072439179463	31.7216784471375	31.5518490649689	31.5940769728049	31.5626225375897	31.43845489068	31.6879913491262	31.7216929524571	31.5360892066022
1342.5	31.6279949427166	31.6325144466298	31.7686306502477	31.4447146620187	31.6085337297017	31.6457676873954	31.491323048556	31.6164153710316	31.6683748030107	31.5756947773148
1346.25	31.60742183789	31.5986430720874	31.6307004282792	31.5890255238842	31.5070664899159	31.5645086931013	31.5827712789533	31.5001737905577	31.6689802713747	31.5568407532449
1350	31.6811497911029	31.6160060441674	31.6696946636196	31.6806543405395	31.5249003673804	31.5692560244521	31.7366529786369	31.4270155282021	31.6792604212813	31.8015881502143
1353.75	31.636710901195	31.6890209260465	31.692290991095	31.6153764850871	31.6295225476009	31.5194990293757	31.6315102904712	31.4908631251179	31.7445598122232	31.5904166470593
1357.5	31.5970404990421	31.57869175851	31.6067758966489	31.5839889725256	31.6565075080853	31.4635510552303	31.5398689154942	31.3982831322644	31.7793793963283	31.5276253390037
1361.25	31.5244842438171	31.6473663840184	31.6447127342955	31.6109715611044	31.7555223718866	31.5745366434024	31.5285657809778	31.5630074936356	31.7533552215458	31.5943258721034
1365	31.5369574509549	31.5189296182844	31.6158187372445	31.692182720582	31.6734634453457	31.5610945358294	31.5465311492158	31.4921548616902	31.7213657961202	31.6439492891522
1368.75	31.6130115292383	31.492633517278	31.6627088702249	31.55956286627	31.7034581072163	31.6016893348493	31.5175310333403	31.5268305596376	31.7141629748955	31.6710351519985
1372.5	31.5160367543361	31.5112220786193	31.725546643965	31.5227472674621	31.7188212992457	31.6371810555222	31.5327303438476	31.69665243929	31.7015214293982	31.7713991187978
1376.25	31.5855829133403	31.5318037978257	31.6152767093308	31.5644217425864	31.8113427194786	31.5918877725148	31.6465988505389	31.690322973893	31.896155104774	31.7001353575678
1380	31.5832830563432	31.615361169297	31.6135546247176	31.6691321649045	31.6748959288276	31.5766633990246	31.628237767087	31.6178761069757	31.9082360900635	31.6263379576244
1383.75	31.6747064818366	31.7182645068054	31.6348704652399	31.5619582480477	31.7550797629511	31.5338402574263	31.5511946561267	31.4880884267955	31.8823949125237	31.6563692855027
1387.5	31.5200040925537	31.7211544558313	31.8291348047398	31.7252619453341	31.754422889866	31.6205334826382	31.5128185602588	31.5692265027125	31.7707342985761	31.6587475849887
1391.25	31.5833072105195	31.7680808796232	31.7722404238813	31.6534864570205	31.6031697586145	31.7331634961671	31.4614450885716	31.602533662935	31.7296557496506	31.58629834329
1395	31.5684848132831	31.67728739484	31.7829255157808	31.4706040297977	31.6560794204374	31.5217802331105	31.4559088125392	31.7163471302676	31.8659084489402	31.6019457796547
1398.75	31.6572247113156	31.5887273734153	31.7709693665596	31.5496731027158	31.5554257350524	31.6669159547439	31.3963487975901	31.6337061646231	31.8025232163767	31.4795794090072
1402.5	31.5066267077773	31.5153761140597	31.7277088881625	31.5463861471217	31.6523011502228	31.6978562023128	31.5423693214907	31.5485889938964	31.8077954001981	31.5484868626415
1406.25	31.5379549679396	31.5976433353038	31.7827706926438	31.4808390640095	31.6864503544119	31.6533230175942	31.604833049656	31.6101666057629	31.7568799615202	31.577781774414
1410	31.5761652313711	31.6278989923669	31.6588004692349	31.4600061265761	31.6107127851295	31.7520880614334	31.4737188024471	31.4807294241898	31.7301483925589	31.5794529032339
1413.75	31.5244851831169	31.611994307363	31.7531645824347	31.5997774246831	31.5271000073957	31.5844854614736	31.5254709291474	31.4950068021537	31.7677412370846	31.5487546393094
1417.5	31.5567239599149	31.5461320263898	31.6983477087073	31.6303554926742	31.5719044373877	31.474628558184	31.6447768792069	31.6367823620233	31.7264808382916	31.5932903139494
1421.25	31.5111878587901	31.5801844881195	31.7275092568474	31.5619168433204	31.6290729582008	31.6776481656475	31.5030491158326	31.6784918887439	31.7446325637267	31.4184424871276
1425	31.569233184257	31.5537257183064	31.7088888414209	31.6456590253108	31.5951911179591	31.7156349307248	31.6238381795356	31.7010945424593	31.7450526405229	31.4807337171261
1428.75	31.4652198028915	31.6832860471904	31.6781550354386	31.6028936689845	31.6003432226226	31.728662833009	31.6376914125212	31.568686805669	31.8692010550261	31.5132042405812
1432.5	31.5127819399867	31.7016742866383	31.7599879860488	31.4241458472025	31.6813971425493	31.6756332202739	31.4971344633366	31.5433250728229	31.9081108351556	31.5189028116924
1436.25	31.603788009335	31.6922316033875	31.6897695071982	31.5147835211087	31.7767109661841	31.696306352716	31.512328146061	31.5383376752497	31.8104171256461	31.4985820382591
1440	31.5767781279174	31.5307266147666	31.7663607694329	31.6014649516123	31.7360970193784	31.7349331731087	31.5831086738331	31.5250754313269	31.6727712910988	31.5870651723224
1443.75	31.6801791838511	31.5204065290108	31.8649943482102	31.4812062738471	31.8104340294023	31.4932178259146	31.5554210365995	31.5332643473084	31.7229300532276	31.6050139479889
1447.5	31.6658399028346	31.5257595931929	31.6574568521417	31.4186537263406	31.7918028380879	31.6136420172789	31.6983576367704	31.5974053748215	31.6462926047243	31.5287791535673
1451.25	31.6352974504126	31.5030609931537	31.6192283701102	31.5713059302331	31.7887760027265	31.6299333308069	31.6379207507273	31.5852875869972	31.7621791353845	31.3379963420718
1455	31.6232087545894	31.492475186759	31.727500085589	31.6213100962644	31.7053350631872	31.556625193336	31.5623921775564	31.4451718829725	31.8473040680373	31.4904409366812
1458.75	31.5711158931312	31.6616989122479	31.8396704907167	31.6700949280898	31.6729263047383	31.5427627865851	31.5684639307391	31.5848342528812	31.836382719522	31.4939962997752
1462.5	31.7053167828047	31.612226634951	31.7248968458253	31.6635579453934	31.6997196244515	31.4558588753141	31.5435852382213	31.6498824700389	31.7484310411627	31.5455358239256
1466.25	31.5880602728995	31.6430073350331	31.702107977078	31.597986169138	31.8464930631175	31.6134747600628	31.6514154774174	31.5582924467548	31.7628600028827	31.6964305675498
1470	31.5584010461533	31.689904148863	31.614666210271	31.5762189297852	31.7266012707884	31.581655014416	31.6031145007802	31.4969490907441	31.8699687512277	31.6215785920039
1473.75	31.460711793648	31.6513522379468	31.7174974125577	31.6855949841142	31.7621959868485	31.6238646376221	31.6267261206085	31.6877068253792	31.6026312300632	31.5520080202705
1477.5	31.5419685856155	31.6644114253974	31.7167663315155	31.6459404660327	31.6324953104609	31.6618389155269	31.6280070922019	31.7143591260324	31.6955506774006	31.4484022423864
1481.25	31.5169730956922	31.7845591861773	31.686147209232	31.705819112996	31.5672023158379	31.5658356606861	31.7241319166823	31.7215264123882	31.8442652803575	31.4397460585793
1485	31.5738807232896	31.6155470988041	31.6860409087425	31.5983019197111	31.4605928064612	31.4462508230181	31.6334321498963	31.5891858488044	31.7223045041545	31.6233832818904
1488.75	31.5593734132765	31.511006891271	31.6235052242059	31.5368565099681	31.6136520335925	31.4656502287006	31.5502228037142	31.6265353350721	31.6830519398372	31.6474244134286
1492.5	31.606289726684	31.5555313353957	31.5950242288712	31.6183572040166	31.6687908132199	31.5127707836949	31.4437675276816	31.5466142237215	31.7175335940024	31.5754462767037
1496.25	31.5953563244107	31.6017627170717	31.6657793431589	31.5489443560633	31.6099910088889	31.5357083132334	31.6492458728643	31.597460414395	31.7786571224662	31.5029465515827
1500	31.617884270009	31.671857469994	31.5977294462527	31.5449507808146	31.6744917730806	31.5779390344416	31.6541629263905	31.712440152361	31.9000121615094	31.568987484015
1503.75	31.683333899882	31.6233981511729	31.7952435595809	31.5861328168484	31.7401036897881	31.641323113893	31.5900236451217	31.6120936952193	31.9173728664306	31.6414132067756
1507.5	31.4829421054397	31.5452887463059	31.83964407495	31.405441506698	31.7002431913197	31.6988915966546	31.6559139427105	31.5271103600847	31.7821715409312	31.5824887848551
1511.25	31.5968072714567	31.5044874681246	31.7485386923781	31.5638433126007	31.6329112579731	31.8183670468983	31.5944385109925	31.5684821545454	31.7913366570422	31.6836034992436
1515	31.6741667259913	31.5089903908012	31.6521090128051	31.4862624422993	31.4955592563111	31.676746697218	31.6146278447436	31.6781339501816	31.6538681285052	31.724059977015
1518.75	31.5487704481558	31.5774273062275	31.5622656217294	31.5099394636031	31.5895061271608	31.5713288640815	31.5389775450985	31.7170320898035	31.7060477458307	31.643506672784
1522.5	31.5794997723518	31.6563284993356	31.6423857472745	31.5766650372065	31.6020882799518	31.6109424550517	31.4749648280477	31.5188274061194	31.7812431732195	31.7565264658523
1526.25	31.5324965320384	31.556133090075	31.7540514801513	31.5658689108726	31.7414794863126	31.5526588567808	31.5398692467185	31.6145967010205	31.8797510688888	31.6820587580359
1530	31.6045879490934	31.5668347317697	31.7150387090513	31.6095134970711	31.7177468224555	31.4134991647658	31.6594663941801	31.7029905761923	31.9481848692579	31.6858121802631
1533.75	31.5753856850611	31.5673392944774	31.7304173111981	31.527305704269	31.5725699791915	31.6103619338245	31.5934400299186	31.6752308175113	31.7218257746619	31.6874266359752
1537.5	31.6063331000111	31.6520379894703	31.8019664027173	31.5024356762025	31.7947283728665	31.6202630761678	31.6232476219011	31.6907594551775	31.6707639394019	31.6128660146464
1541.25	31.5844914746721	31.7515964518368	31.7875434263139	31.5325413280501	31.689425494821	31.5895160895702	31.7202557959251	31.7088672202301	31.7953177260615	31.6707893930956
1545	31.5818823810052	31.5865560640862	31.6827854429905	31.531786567488	31.7071743697757	31.6023331826329	31.5403588630087	31.6334392421577	31.7182684279602	31.6848863484713
1548.75	31.7186192106236	31.573711559609	31.7918344929729	31.5431704366448	31.7216352013359	31.5171730482953	31.4820441002892	31.6477051317955	31.7821192665216	31.7168833156685
1552.5	31.5986116872304	31.6499501625605	31.816814481441	31.5494471923218	31.743011745476	31.5176126550496	31.5060373102914	31.544903240981	31.7591359940272	31.7096330322674
1556.25	31.5374029566166	31.6373241942472	31.9450742605548	31.5289114731359	31.7372133807521	31.7256483247942	31.6766390576298	31.4986137856814	31.7779870112544	31.650565172828
1560	31.5902006895775	31.4891124376896	31.8708788398274	31.4869409278429	31.7562689281207	31.6146628934158	31.5504997584843	31.6295551236385	31.7902894982812	31.6127258215914
1563.75	31.6670915125693	31.516170721769	31.8639216405113	31.5302863244187	31.6764950091421	31.5424297857585	31.5648732206527	31.5620885847122	31.774838747297	31.5412659036761
1567.5	31.5960976306452	31.640596478096	31.7812626863819	31.495408645348	31.638262899129	31.4861347628251	31.5307719559846	31.4776493337081	31.831444113728	31.5889584055766
1571.25	31.5448024624847	31.7668685080805	31.6790218060909	31.4632947935542	31.6284883746498	31.4156229876038	31.5947654870167	31.50369682147	31.6744405750091	31.5800943096118
1575	31.4580673880313	31.766801908713	31.7415333372915	31.5015810096169	31.6649155679433	31.5512678734748	31.5737544439874	31.6718918924475	31.6701618600002	31.5872958388996
1578.75	31.5962510778753	31.6861262389277	31.7257977533707	31.5809969285946	31.7408933932294	31.603710602883	31.5879451236997	31.6833206621882	31.8336201257676	31.6042176560002
1582.5	31.6228135216096	31.6844231799428	31.7802104558222	31.5824264269761	31.6697320137848	31.5659799662086	31.5150805187264	31.5894451953245	31.6935669453216	31.4989022457982
1586.25	31.6140448689982	31.5832226532316	31.7601767255567	31.4696039189388	31.5996779310254	31.5828063119517	31.6283593672885	31.5297867870794	31.7237109457997	31.5057222117449
1590	31.6146257066456	31.686583929259	31.8085538233233	31.5008513681493	31.7240914695282	31.6483815614545	31.4864912804748	31.6551472145862	31.7435777385303	31.6902619119167
1593.75	31.6548507908395	31.7230643220227	31.62851549888	31.6192541645959	31.7526550912156	31.6222821632022	31.5210344340302	31.628724155353	31.8282616575787	31.6358054374634
1597.5	31.4977667966333	31.5912954568456	31.6981231229981	31.4402236695952	31.5574097371743	31.7761521009708	31.5827324982978	31.6806389419125	31.7803484584154	31.5969565331581
1601.25	31.5245017652821	31.5507879599642	31.6835672768084	31.5433841751662	31.6592685583092	31.7238888021886	31.6820098123228	31.5847586263956	31.7317016076468	31.6746769444124
1605	31.6036797779491	31.6032573014646	31.6431629003031	31.433599811407	31.677700608504	31.69100319937	31.6694432649594	31.6251405688448	31.7678178199921	31.6283024316294
1608.75	31.5858723294945	31.6408620022149	31.6217876360883	31.5548808733028	31.5550614622562	31.6331964803628	31.6808185311281	31.5819848739813	31.7352031032958	31.552684896942
1612.5	31.6037869545091	31.7153512618459	31.7063578931651	31.5644262859108	31.5658725950084	31.617949327539	31.6656405601462	31.5880617363851	31.7200356906977	31.4771288133405
1616.25	31.4433485573136	31.7438908423851	31.7185940452957	31.5593076234693	31.5690335537457	31.7247816449651	31.7385895404577	31.7255860402334	31.700709600473	31.5512716116312
1620	31.6262833685716	31.5593944122085	31.7688339098958	31.5579131605784	31.6630021810116	31.6508305351513	31.6926855655162	31.5355024232009	31.6583790714519	31.6591257755804
1623.75	31.7009765682631	31.495520949384	31.7486011292286	31.6181145521908	31.4819285494172	31.6123995959791	31.5942578633404	31.5087629116019	31.7999504258047	31.5170411306714
1627.5	31.6267537583138	31.666141938445	31.6026436523136	31.5362713950383	31.5095844823909	31.553251457614	31.41452264264	31.5539214243401	31.814160943463	31.7498125315074
1631.25	31.6677064951729	31.6642212554051	31.7177527627758	31.500894335166	31.4955286899125	31.4373998962254	31.4359129671256	31.4777988661433	31.7799567100293	31.8005342824213
1635	31.668524652875	31.6332766142155	31.7323965148323	31.6253246185037	31.5950397841087	31.461748875997	31.599417424527	31.4418349767756	31.7882017583778	31.9251558281725
1638.75	31.6953137346959	31.6391144327655	31.7167336883766	31.6042030181143	31.6443858164237	31.4894416100582	31.5567676405011	31.4716623906209	31.6718638209043	31.7752831823762
1642.5	31.6571113235076	31.6081843366706	31.7406511478168	31.5524677078961	31.6813789675018	31.4635970404153	31.5812748399064	31.5401998368524	31.6179444002872	31.6399067891398
1646.25	31.5957239091969	31.6287596207183	31.749522588308	31.5213571709917	31.7273051577072	31.5824152417566	31.6000585610631	31.7077894485744	31.673591477129	31.6181393593932
1650	31.5863360992795	31.4707980617774	31.706825113962	31.525564955403	31.731520209579	31.6104763927343	31.626890976589	31.5685451514239	31.5615631358671	31.562060400234
1653.75	31.5565140120751	31.6192853886575	31.8384654417632	31.6377229289465	31.7458402285276	31.5356044649024	31.7091003986598	31.660657408392	31.6498476112066	31.6622050100551
1657.5	31.5564073762203	31.6522807180665	31.7666680812238	31.6752496138984	31.7058595547418	31.5868295390551	31.6871916900305	31.7960528222225	31.8135668102603	31.6534250096968
1661.25	31.4929760326169	31.6868552470255	31.7447808239216	31.5183734962174	31.5894561122226	31.6810397960547	31.6346934843943	31.531265246801	31.7222633262399	31.5988363877727
1665	31.5429702592338	31.5641745700387	31.7345019654183	31.4799723509169	31.503061869443	31.6834131549032	31.7049932213467	31.5720011717741	31.6961608045285	31.4422435413943
1668.75	31.5132122599094	31.6264304524158	31.7989791489371	31.5252728868915	31.5334698804547	31.6664497073723	31.6427648110336	31.5907654239145	31.7419146878589	31.4201473120087
1672.5	31.4723400662013	31.5679114766377	31.7319508052	31.4655478387311	31.6002285814632	31.5992728784324	31.6105170143095	31.6731757667735	31.9283613600771	31.521843847084
1676.25	31.5298812529787	31.7182161839102	31.5210150109711	31.619878379189	31.483221987362	31.6094001943362	31.5310866322006	31.4179657548398	31.7727141083178	31.3932809637656
1680	31.598098933325	31.4999700600142	31.5601538309036	31.6095200752277	31.4827036870985	31.4518002810525	31.4921493186491	31.5649811412582	31.8085482918003	31.5681720747875
1683.75	31.5421355289159	31.5394212014622	31.6105024374142	31.5740455172202	31.7107818481447	31.6240050861744	31.4452987519362	31.6374125235865	31.798372925886	31.5323979951704
1687.5	31.5516501722335	31.6839635346877	31.6142917726115	31.3780289425657	31.5670033970767	31.6481976311252	31.5378527808866	31.4927994304601	31.683746457813	31.6208434207206
1691.25	31.6085466171387	31.5754209638306	31.629081951605	31.4349630908175	31.5847583507619	31.6702302800225	31.4642918398438	31.5444386507848	31.5946259247975	31.581083957586
1695	31.4535634219547	31.5697299476578	31.6383520675329	31.6205586484796	31.4719737961276	31.6969575621874	31.4544913997035	31.7616460156371	31.6974314479471	31.5665947431704
1698.75	31.6394550852132	31.5341912771353	31.6591323864143	31.3618899788841	31.6307210817934	31.5929820273811	31.4847393721397	31.5455782117414	31.8036859150515	31.6902109583195
1702.5	31.548441365213	31.5749612193003	31.7964206931838	31.409920043425	31.5710910276484	31.5322182910911	31.5656960371794	31.5208288105029	31.6233186874913	31.6650895513115
1706.25	31.5612479645132	31.5199386821127	31.7803191931866	31.5161986845022	31.5282661327638	31.4484298683675	31.4582148484788	31.5000632149362	31.7347640906104	31.6864108379083
1710	31.5813602842408	31.5364580418963	31.6758247036574	31.5419013121672	31.4920060533583	31.531108261687	31.4189834163432	31.624551838303	31.7232308403517	31.6604713145737
1713.75	31.4640100519848	31.6930979310356	31.6498358073684	31.505594810514	31.5630211899407	31.6508405444213	31.433600080719	31.6052255466424	31.7535687353431	31.5518503296024
1717.5	31.6155835774901	31.7256111643286	31.5771367840405	31.6205357274663	31.6268517933422	31.6590272947104	31.6822125059592	31.4451972060739	31.5973936840814	31.4140373634447
1721.25	31.728988758867	31.7051380393617	31.6436467414526	31.574563234032	31.6163697135281	31.4497763716549	31.5110586090682	31.4350991285893	31.6399574765769	31.5854496270675
1725	31.5899907461461	31.5917497593378	31.561630191509	31.5408526267089	31.5849548001663	31.5464678731184	31.4255347557749	31.4210233805382	31.6480820317333	31.6296783451097
1728.75	31.4674615336063	31.5177736841818	31.6418635987377	31.5194064195137	31.6782927031903	31.6773853321127	31.6117494894426	31.4908448898531	31.75760424117	31.5576974168024
1732.5	31.5056441935734	31.5073674479353	31.5869127617003	31.6314266403141	31.6337514234935	31.5673930001447	31.5844708312425	31.4210236650207	31.7114188568689	31.5988779289714
1736.25	31.594493429056	31.4824117028791	31.4811276987909	31.5116254073784	31.8054110025414	31.5040267960556	31.617220499839	31.5224670481316	31.7842955529179	31.5508910701619
1740	31.4717044894315	31.5865143418561	31.568743767358	31.4961381570648	31.6173421966814	31.4285657548097	31.5551376241953	31.6151636996193	31.6091526090501	31.4036306423329
1743.75	31.6001228559655	31.4960148553522	31.5845831624232	31.6672281180404	31.5839789149441	31.5248620164246	31.5903937023908	31.6918223423766	31.6324923013098	31.384763548447
1747.5	31.3727427864378	31.42461569557	31.609431646812	31.4683886884659	31.6328198857567	31.633892996842	31.5531918662949	31.7021419493287	31.711109028208	31.40707170496
1751.25	31.4295695401583	31.4897746770981	31.6729618430121	31.3564322840311	31.5760606853634	31.4371923338424	31.6072408133949	31.5078340167945	31.7248082103675	31.4230944926562
1755	31.6741870362708	31.5836386099688	31.7137160193312	31.4462962046463	31.6721979867551	31.5168807124788	31.504323434152	31.5448092030794	31.7423632220444	31.556605147356
1758.75	31.5454373674251	31.548507617828	31.6615937985431	31.4422520418233	31.6285202775542	31.5775524059978	31.4536247166363	31.5072612503355	31.7758316855392	31.5147774085604
1762.5	31.6037621787487	31.5630141614819	31.7107184236096	31.4118034969896	31.5111307008423	31.575817037643	31.4440231618624	31.3783941333818	31.7818078835899	31.5204004750957
1766.25	31.5157015266273	31.4268046422121	31.8189528675242	31.494783230693	31.5682186552441	31.646499300645	31.4216640241426	31.4876907310348	31.7945916248278	31.6344493395087
1770	31.495550547234	31.533166541369	31.7571231119233	31.5803507819419	31.5381997822159	31.5941149046376	31.4396264416153	31.6121145257222	31.7540041460153	31.5328298594417
1773.75	31.4740496588913	31.4106308447102	31.7630574261817	31.4897559696843	31.6649049164353	31.5602975708476	31.2890177787068	31.5240706722275	31.6577791049582	31.4595481900196
1777.5	31.6278954965413	31.6016293935648	31.7887979807899	31.5675776948363	31.7837261650937	31.5783076034967	31.3608869029471	31.4617630771259	31.608832385562	31.3693733149004
1781.25	31.5842285704008	31.5506040464295	31.7247761675003	31.6021921162389	31.61183678009	31.5683625848245	31.4571573196723	31.4932630327036	31.7906063440236	31.4556856042323
1785	31.5653118501059	31.472677106081	31.7118952374108	31.6246949352795	31.6340511953914	31.5281268978064	31.6711956396368	31.4864846070212	31.8725643807973	31.3475709616777
1788.75	31.4719235172182	31.5750254267564	31.6629901740214	31.6452659390243	31.6030535963459	31.4398156169532	31.6969579861691	31.5614549411379	31.8645027290894	31.4805541619516
1792.5	31.4422192935032	31.4460946171101	31.6352143053441	31.5689723426633	31.5338875314218	31.4452501643288	31.6508840775175	31.5953946772282	31.7901818017404	31.5335971300232
1796.25	31.3902619801644	31.5825756803669	31.5213983089583	31.4706051702997	31.4914012985352	31.5598631580822	31.6082124822238	31.5192990985141	31.7518429696446	31.4418692482162
1800	31.4366203756649	31.7620855774409	31.601804304654	31.5951486551346	31.6235125078323	31.6114111778524	31.5787028861801	31.6257154609351	31.7209805923948	31.4926303554508
1803.75	31.4892492253339	31.584747811053	31.6284253428052	31.5236038831957	31.5063207109366	31.6057048131155	31.6069204255486	31.5765763360367	31.6492946656931	31.6335534344286
1807.5	31.4501310221741	31.4540628993725	31.5497639338091	31.4353470807127	31.6597542987556	31.4775188682316	31.3822456678203	31.5933467819488	31.8271922304443	31.4982306635215
1811.25	31.4480978493291	31.4251500773149	31.4079649561639	31.499262673674	31.6800840486446	31.5240128369889	31.6167963953073	31.585255548855	31.5620973305733	31.5066165339295
1815	31.3822410483905	31.4499145989143	31.4440179823023	31.4628738075659	31.6331393811705	31.5169056524229	31.7331489445348	31.4747067270131	31.7235946204971	31.5017585348676
1818.75	31.4841943040555	31.4945385886805	31.5318338137561	31.3620386738968	31.5150225889983	31.4314798469154	31.6072476419188	31.5092374185252	31.6105310162133	31.495291426371
1822.5	31.4599276405731	31.5028787403893	31.5750720759466	31.4543769147957	31.5003059956178	31.5580147515065	31.4835692555117	31.440174133455	31.5601985109314	31.472488043908
1826.25	31.431314328519	31.4482394900659	31.672143866993	31.3980019826859	31.6348287010907	31.5792735493857	31.3809740389242	31.4607951736603	31.5577803573699	31.4440587457153
1830	31.5485493156355	31.4993830091906	31.5791759699361	31.4725120505443	31.5479443973888	31.5121592623998	31.4146633994086	31.5183133739292	31.6504825485213	31.472402382501
1833.75	31.6078503940054	31.4584972274023	31.4974268214624	31.5753554694059	31.7026848482274	31.5157193851863	31.4741192229809	31.6129130054268	31.6535970221023	31.4573604936057
1837.5	31.4255417046716	31.4616834932605	31.4114389448091	31.5042195955056	31.5289906245713	31.5028917201275	31.4663653232285	31.41268449546	31.7670477019099	31.313705403623
1841.25	31.411947187386	31.5147453564933	31.5533962060302	31.4369776502667	31.477922971281	31.529412010371	31.3133216471103	31.3996365851873	31.7126462005893	31.3424356590457
1845	31.6301169332003	31.4008573167374	31.6474338911744	31.3149710364091	31.5235472743153	31.632719343283	31.6188587489497	31.4717144087289	31.7165590201671	31.4640939906619
1848.75	31.5189860498778	31.3322277824816	31.6812073233976	31.3956813790533	31.4845112648386	31.5644689690124	31.5681316358705	31.6035884448962	31.7429318735984	31.4939791806086
1852.5	31.4367325912753	31.4580812206824	31.5960726790633	31.5540484400286	31.5432875551279	31.6923042869547	31.4625224491947	31.6580831859676	31.7243062103728	31.4582207777075
1856.25	31.3569205535724	31.4382795809828	31.6990337034292	31.410754556419	31.6104947832217	31.6202604532729	31.4395517164307	31.6118162020116	31.7508143870219	31.6106259179416
1860	31.3411108825062	31.4365339083237	31.7120758845891	31.3817857488077	31.6242364264162	31.5729229760463	31.4455223777931	31.4213969481979	31.6608947062829	31.5470362674715
1863.75	31.3377333683451	31.5968952083487	31.6347231185688	31.2978201890114	31.6993012112943	31.5636549776998	31.5551643590254	31.4714116868812	31.6233901827665	31.5661751843462
1867.5	31.2627569797543	31.5675309968821	31.6024771109053	31.3927687534947	31.6279009563131	31.6744140591447	31.4512493652667	31.3843569885886	31.8219516777018	31.621136780884
1871.25	31.3838081866346	31.4873599163935	31.6331976293316	31.4292097443509	31.7281230946529	31.3713803718625	31.3666214997924	31.3245226311695	31.7450324000294	31.4606891288327
1875	31.2912629965327	31.3935307808401	31.7096895120883	31.5860584626378	31.6493528800487	31.2027524750453	31.256969444753	31.4017731162603	31.7044703877632	31.3203342720619
1878.75	31.4585428201061	31.4272354907661	31.6775995226017	31.551545986235	31.440459919997	31.4758076521938	31.5581519497214	31.3510238723833	31.7017289444284	31.3968380662426
1882.5	31.4592233937344	31.3058558348951	31.6536384822207	31.5372363855983	31.5703458417514	31.4810299307865	31.4752010512474	31.2956025805787	31.4267649626787	31.3715674850604
1886.25	31.4052600168908	31.3495388512286	31.5665343874248	31.3710939545171	31.5748687080627	31.3906041100994	31.4171018464834	31.4505478532569	31.6677877078571	31.4275116400269
1890	31.4285927291843	31.3338205665499	31.5405325462112	31.4693013383238	31.5854718565335	31.4816246748965	31.4711967599534	31.4638726026022	31.6110580856121	31.5175291413791
1893.75	31.477650994846	31.4840082332881	31.5762811414491	31.3574488809268	31.4971631564735	31.4037303799247	31.5300352124742	31.5730103562922	31.8576529452412	31.6470989055301
1897.5	31.5527738384476	31.4797270614855	31.4730735517474	31.2806305535713	31.5342050927463	31.4291544198442	31.5802645399784	31.4710527489808	31.8390133009953	31.5457167220272
1901.25	31.4043870931119	31.5355251417597	31.4408834694313	31.4203158629428	31.4934653503806	31.4739644871674	31.4233698293885	31.517465312304	31.7728023759085	31.3766525978794
1905	31.3770577507815	31.5277862303355	31.5174828423044	31.379817052214	31.3825661625432	31.3928781162362	31.3832335278326	31.4730756957137	31.7107465644607	31.4369189130907
1908.75	31.2390346553616	31.536020938602	31.5589648288068	31.4355544295682	31.4563278286654	31.5512078271132	31.5810593186828	31.3763732716946	31.7869165589185	31.4988092711973
1912.5	31.4675512770516	31.4985455893476	31.6349075289726	31.4536520501306	31.5950781386905	31.4445538837226	31.4852460677646	31.4495764120637	31.8302770188893	31.4801048978898
1916.25	31.5513689165553	31.42879299925	31.6940088254187	31.3301117728511	31.4623860532199	31.4434649585403	31.4298948312564	31.5456830312814	31.5499655285125	31.4495360807067
1920	31.5357786275984	31.420486801993	31.5822632760422	31.371949195167	31.5899312187001	31.5046352086717	31.5166557807414	31.5420309184906	31.6840724699018	31.5058639048174
1923.75	31.4317782639914	31.4742316912657	31.6825329232772	31.4557188479493	31.5876680444977	31.4988207064943	31.4686972088336	31.5425399811674	31.676624981687	31.4533085300281
1927.5	31.3552076629425	31.4787670392202	31.6255900810246	31.4483902112278	31.489253634164	31.4908156811202	31.5173886694994	31.473700344819	31.7065906322331	31.4268051484005
1931.25	31.4225720412026	31.5964428039513	31.6094779294672	31.6522349753885	31.4574436607093	31.5480234497692	31.3617418475385	31.3429918467859	31.5519743134738	31.4425730084535
1935	31.4433050003106	31.5275080625153	31.4394899461197	31.5138446132156	31.326502345581	31.4609967209822	31.5020813660129	31.491431339414	31.6720717560795	31.5361364362707
1938.75	31.5665943960452	31.4523297538468	31.5408805610805	31.3894057414097	31.5404839141161	31.477034224064	31.6232716437005	31.6021737446698	31.5593281419363	31.4545452623718
1942.5	31.4793922303096	31.4889680221142	31.4355029877748	31.3496931271691	31.5127669565259	31.5187911902896	31.5300679473324	31.6101360029214	31.6078856491836	31.548369783386
1946.25	31.5115120597952	31.5895844740539	31.615863616469	31.3150629406107	31.4821601864766	31.6083394238153	31.4351860241927	31.4329506255532	31.5442464466048	31.6467617165488
1950	31.3862554576255	31.3950027321139	31.6451653660833	31.3239359300532	31.5305995693987	31.3905392712629	31.3772063920953	31.4224498733513	31.5874822295638	31.6577832434502
1953.75	31.3871219978113	31.3442382805305	31.6645953875745	31.4076244697509	31.6286644361039	31.4028345868382	31.4297009668088	31.51997333907	31.8855004889253	31.6804856811891
1957.5	31.2867740708104	31.3917158604583	31.5539047871026	31.4906036467678	31.6461588413423	31.4769507184976	31.4430285145884	31.4043582123765	31.7679777453811	31.5152530160114
1961.25	31.36765126043	31.2537668638667	31.6423292832644	31.4498759137167	31.5874443502215	31.4675349391958	31.3484069872901	31.3182252881968	31.7089142779495	31.53922905164
1965	31.5188296238171	31.3615268065802	31.4104620618291	31.3977318017029	31.4537350953624	31.5117774778941	31.528218653922	31.3829333502754	31.7818241961629	31.5330128846718
1968.75	31.5668100427059	31.5381787692495	31.5180921474718	31.2730910511677	31.427289153056	31.4933525691826	31.5021501524727	31.6324842020859	31.7935575990246	31.5187138527642
1972.5	31.4665710404125	31.4602272680076	31.6988812750888	31.275297850707	31.5359217831259	31.5419753162768	31.5175810954285	31.4426133303118	31.8123297094125	31.4060700785974
1976.25	31.34323684172	31.3392861069056	31.5129319567531	31.485538885161	31.5069286864542	31.7400025127054	31.4001960428341	31.4352950607999	31.741296626312	31.4389603922226
1980	31.3752079262	31.3827680204551	31.4445256657244	31.394114023035	31.3757214454233	31.6077478566803	31.4023785005145	31.5480821160217	31.6197769056393	31.4447436602757
1983.75	31.2224348164563	31.407454479387	31.5342907697218	31.4090151852826	31.4772695666649	31.4742318405702	31.3338500565702	31.3351237319332	31.6971421515339	31.4058212243411
1987.5	31.3126471980754	31.2785983924209	31.7353848791014	31.3097093930936	31.5236800491537	31.4766450731432	31.4157937957612	31.4609138831145	31.8032244065319	31.5912486030715
1991.25	31.3896198219054	31.3761222912506	31.5615403634274	31.3449727438637	31.5177904489215	31.3966768632126	31.3856334523318	31.5381160768362	31.5472584658163	31.4269325775795
1995	31.3918666070504	31.5001422875516	31.4753899665483	31.2261741029218	31.2512609919429	31.4257123641882	31.2920005166279	31.458544208543	31.5600399624778	31.2384159188938
1998.75	31.3725635748772	31.5796579896812	31.5780199082071	31.185136160274	31.3551852970688	31.5813838163587	31.2816402870633	31.5314354468483	31.6216292714744	31.5778347789651
2002.5	31.4683203870141	31.5818630860826	31.6003815041079	31.2635784610153	31.5290108916088	31.6334022420908	31.4790843342849	31.4591993833428	31.5460370188744	31.4364082359543
2006.25	31.3964728681738	31.3754216456048	31.5248890820382	31.279214088122	31.5011639066512	31.5867408104172	31.5226411394696	31.5846000747221	31.6125775971019	31.4343561359312
2010	31.3585542548642	31.2325503657617	31.6383818044957	31.2274733797021	31.6056632144194	31.576793526959	31.3417174509505	31.3292995517137	31.7153079092384	31.3742143341134
2013.75	31.2653008382876	31.2441104686874	31.5845425986955	31.3630286918879	31.6118698344127	31.3662561105329	31.4813068877266	31.3589092536768	31.5606027650305	31.3804895859283
2017.5	31.3744761385706	31.3322943561889	31.5444901032353	31.259224432708	31.5296790501875	31.3852806598318	31.3169925020963	31.5612354844962	31.462205204861	31.3713739153171
2021.25	31.4543076607464	31.4759844064867	31.5144455379211	31.2710357512931	31.5975727299174	31.3536845246025	31.254961691582	31.5439238936183	31.5442630846586	31.4260794790261
2025	31.4220096652062	31.5162950010767	31.5518602275631	31.194831626508	31.466791928876	31.4350737881925	31.4206825270692	31.4388107993695	31.6756647970839	31.5893421563195
2028.75	31.3816257487972	31.3527959252642	31.6760788573888	31.2507596968466	31.51523557027	31.5350693651313	31.4650145277052	31.5330909029327	31.7246319508588	31.6244091757122
2032.5	31.2988561558381	31.4917039808115	31.5372029290925	31.3178816596838	31.4568664380944	31.3838819163868	31.5954151834294	31.5881036570844	31.8086984819674	31.6577526665648
2036.25	31.2408656265932	31.4209385565494	31.4272056938404	31.3807114063669	31.588424305991	31.3284270623119	31.5979442508014	31.6071898120617	31.610894810837	31.5796099310711
2040	31.3088927199932	31.4727272886855	31.5209824711023	31.4066561633187	31.554850857352	31.5348274006996	31.471870451556	31.5357311767108	31.6335394460665	31.3930808492146
2043.75	31.3518671081069	31.5369833654629	31.4643999576581	31.3833023871498	31.5789935212334	31.5614030616665	31.2350670382789	31.4680131559952	31.6041438393294	31.4965712801752
2047.5	31.3660764361909	31.4168418789079	31.4003071276009	31.4156024362618	31.5580815121303	31.4243266178475	31.2843499274253	31.5439598107306	31.6304252660263	31.387540364305
2051.25	31.5192605102197	31.4130267611313	31.3840536664106	31.3212066488124	31.5701545636189	31.3348602570972	31.3882206573001	31.5256923566544	31.5831357987243	31.4811983996611
2055	31.277821125518	31.4408590501922	31.4068378070477	31.2755947549414	31.5610014919526	31.5223118943002	31.4494157263798	31.2768615638305	31.541873034754	31.448314948281
2058.75	31.4399768210425	31.6064902812011	31.5247442361462	31.2798380072615	31.5322277959592	31.4958462492874	31.5481630760999	31.3128631490112	31.5282695619282	31.4152504722255
2062.5	31.3881023094162	31.3956067179117	31.5159205358706	31.2775377782069	31.6373829763955	31.3992709191199	31.4577507415438	31.4089797217796	31.585676815817	31.3643153659255
2066.25	31.3694789779487	31.4352743835448	31.6045877862067	31.4491211500194	31.5968309369286	31.2051057984133	31.3395240327184	31.546120648134	31.6076160252198	31.4568683185574
2070	31.306440783795	31.3678497636604	31.5019620533977	31.3846915201927	31.5556731113743	31.4380173631505	31.3652814599152	31.5153923423064	31.5954894512916	31.4793666598555
2073.75	31.3965086134367	31.3074296219217	31.4870099932265	31.3211175449218	31.5886140641133	31.3829478146189	31.2912950240919	31.4311235053092	31.6338261881569	31.2806354168973
2077.5	31.4744646638869	31.1826060931115	31.4944410856138	31.1702247189823	31.6208081487127	31.3485370647233	31.4205985823012	31.4628713914084	31.6827311864387	31.3500025984735
2081.25	31.3011123130113	31.3625299966571	31.5892311271782	31.2698195707772	31.5803969534523	31.4349440618917	31.387249630509	31.3398720279159	31.5486667482133	31.4347603315606
2085	31.5151293626677	31.5518434524964	31.5996859439617	31.3193734716103	31.4635605837349	31.4413650850675	31.5115828720465	31.3283844746269	31.4789405665339	31.3096961446123
2088.75	31.428013735591	31.3133880585522	31.5895254059647	31.4056853625965	31.4191776502477	31.3335449961838	31.4697047988987	31.4236121597995	31.5095523745634	31.391335790677
2092.5	31.4063096975525	31.2351046479126	31.5431390965216	31.2544307747793	31.5745233962731	31.4788491505521	31.4314695184774	31.5159001527047	31.6850032100421	31.3251518808276
2096.25	31.6127651120508	31.3871239831149	31.6614312282186	31.1922907080457	31.5634953515368	31.3770771974318	31.5062461044776	31.4477237953796	31.6938517267462	31.3653404151508
2100	31.3509017656392	31.3827682189004	31.5576723561442	31.4292487432005	31.3893646064028	31.4273492474667	31.3468082547425	31.4000413686135	31.6637441733386	31.4153814283433
2103.75	31.3683478706276	31.4192764431366	31.5530478090512	31.2645500039206	31.3516959458627	31.3410848818932	31.3164461943011	31.2968351282229	31.7855318035387	31.4975162827187
2107.5	31.3898629421102	31.3604532816017	31.6191848708502	31.190916044607	31.3635912042057	31.3648461204646	31.2661707995344	31.4286541300511	31.5987336090933	31.6083661594489
2111.25	31.3333519419985	31.3101208049825	31.5587022478753	31.3213169979545	31.5387303171621	31.518652414921	31.3261992095026	31.4577408764484	31.6020597092689	31.4639219511715
2115	31.4382043722752	31.3206222234919	31.5982962710205	31.3698661496658	31.6086839743902	31.4101242429443	31.1896213093039	31.4703613774234	31.7274521213674	31.4186384658609
2118.75	31.341977301205	31.4351705634487	31.5007912356196	31.3444379122191	31.5165713361574	31.4233028313249	31.3549774297109	31.4810603303959	31.7181744583708	31.4842836952491
2122.5	31.3268958257249	31.3838140400724	31.3485673941384	31.3890277303895	31.523502242503	31.4884508447272	31.4096480866682	31.4117899839561	31.6252225877615	31.4086374871055
2126.25	31.4349932736495	31.4690622902596	31.4432815101983	31.4768180856525	31.4728097569837	31.4039167874267	31.5213512500515	31.2230775483042	31.4512673835349	31.4819853833973
2130	31.4775582642548	31.4280747617118	31.4760135632458	31.4830951734614	31.297352481976	31.3286357405394	31.3189176192436	31.3604337290285	31.6202573656854	31.4823990891582
2133.75	31.3069825510988	31.4550817558912	31.4420658827676	31.5688804134036	31.5899267251664	31.3543378553194	31.5385109889139	31.3852387818638	31.5338573322847	31.5300242964809
2137.5	31.356765160097	31.4431902163313	31.5117227595957	31.4959554356939	31.599112411555	31.3041303504462	31.560953418035	31.48172920246	31.4636641174764	31.5501963005271
2141.25	31.4284352390273	31.3940313279767	31.4463853120357	31.5005337025073	31.6448334601766	31.4188534419619	31.3117984546705	31.4693846516682	31.5785851626004	31.6279602932726
2145	31.4129863247902	31.4050748206148	31.5492166286875	31.4737601789686	31.5484910514134	31.2542161632513	31.3922285134236	31.486417226945	31.5133803036632	31.6269674324068
2148.75	31.4030100170433	31.4063239650089	31.6363148677923	31.5608593797031	31.5347019223912	31.3077877030625	31.4035637555074	31.5063539808913	31.5073228242842	31.6317742482682
2152.5	31.3264317522227	31.390361211548	31.6639229298329	31.4704936334296	31.4723555518899	31.4261908001158	31.4528119139213	31.4591222491537	31.5020653506184	31.5724183494399
2156.25	31.1849896597229	31.3910428092476	31.5179815095168	31.3940299087018	31.5659687836081	31.399766158242	31.4472466928814	31.3798563480212	31.5340576215954	31.581727370402
2160	31.2936769648526	31.4343099208102	31.5505525230832	31.4174518376921	31.4438914365867	31.4305572845391	31.3589661781604	31.3565038625243	31.5135293797573	31.4977569491711
2163.75	31.3104799722965	31.3904350479967	31.6212718058634	31.4420867772231	31.5321609711171	31.4195864670395	31.3835085281234	31.4829013077416	31.5116607924281	31.4466062917963
2167.5	31.2695489567534	31.3931499331298	31.4441528417366	31.4483442648958	31.6517774471518	31.4911123716759	31.4138257576883	31.4115581720733	31.4986139634685	31.3834528374273
2171.25	31.2308378716319	31.412195026226	31.4548551038461	31.3506778435127	31.5708243924714	31.4838454338916	31.3609142716003	31.355633595919	31.5389358132045	31.3393367214718
2175	31.2453845406461	31.2564048573579	31.5777848078476	31.3935929037771	31.5095907944901	31.3523960833508	31.243730449517	31.4616430585308	31.4892858228879	31.3046676478593
2178.75	31.3763946672801	31.3175276896864	31.5180883374691	31.3776020222801	31.4255964540861	31.3506393547464	31.2020906098866	31.3174192818315	31.4788110146178	31.2577902187402
2182.5	31.3680488974436	31.3866851241772	31.4996198912242	31.4014277839499	31.4994990000354	31.3375588092085	31.2970512597505	31.2016816637081	31.4504721859145	31.3676794671411
2186.25	31.4070180096882	31.4464874427109	31.6114848909167	31.3944279486254	31.4287737401543	31.4151726805274	31.3487557833266	31.2991176020104	31.4334207730776	31.3656076986369
2190	31.377072116092	31.5962583049101	31.5097150905892	31.4504991653232	31.4743338940149	31.3984733679867	31.3802000290847	31.2659924989232	31.4288740297919	31.4510915424264
2193.75	31.5247807573077	31.53953379096	31.5012582456257	31.303565396959	31.6419607571043	31.4314802789486	31.2704893654477	31.4330301391695	31.5637758898542	31.4215427131495
2197.5	31.5765795910608	31.4066099248332	31.5177608973619	31.3878439479393	31.561138685927	31.4515625076933	31.2224879324973	31.4082428116795	31.4461108580149	31.2867166530302
2201.25	31.511748331964	31.2963897434083	31.4540612617784	31.2190813203935	31.3772816883284	31.3501094175712	31.2381564616288	31.4511765895377	31.4309122947691	31.3228273341208
2205	31.3789548402302	31.3539009901173	31.582744657376	31.1645972474226	31.3306538185765	31.4465062379916	31.2619828456194	31.4117483971388	31.592263149656	31.3866898362968
2208.75	31.2691879516188	31.5084403071047	31.5416953678887	31.3574827420253	31.4233220409478	31.4927527455614	31.201729380002	31.4907903443725	31.6041257666001	31.3245516769492
2212.5	31.2275698392216	31.382284692071	31.5612110109996	31.3935108743126	31.3054980028624	31.482176766713	31.1843707400782	31.3781361330043	31.3737017362512	31.2695455167236
2216.25	31.1128022849229	31.2670040989039	31.5878350118121	31.2161874539508	31.3094284223939	31.3961294717458	31.1215206125472	31.3822796429386	31.3637225061677	31.5158343182224
2220	31.228888664995	31.230338572656	31.5989447530123	31.4898616354052	31.2208527699269	31.4531934023641	31.2973307635567	31.5674811281281	31.431994866588	31.491662524602
2223.75	31.4616978640796	31.3468695656446	31.6331661828216	31.4425729690404	31.3114075777985	31.4465466542214	31.3060072374291	31.4152248516898	31.452345198451	31.4413655463042
2227.5	31.4630326581061	31.389847819168	31.6419188432271	31.0752931921157	31.4958911224737	31.451694025688	31.2039924118868	31.2672621608943	31.6011709212131	31.4327704021596
2231.25	31.2320551064646	31.2992519547258	31.537571191969	31.4422739579151	31.5321726288542	31.4440385382859	31.2131061232079	31.294454818948	31.5634197382521	31.3479980561163
2235	31.4935407417232	31.4054050302628	31.4856626632475	31.3806420199856	31.4073606874401	31.38069408489	31.278475424326	31.244591543484	31.511529725526	31.3434101494542
2238.75	31.3392617297196	31.2526822597936	31.3957934751433	31.182591734659	31.5439558607523	31.5828628453164	31.199533529388	31.3138589716572	31.4383150707632	31.4094323296403
2242.5	31.2804294865426	31.218136947279	31.4724972487282	31.3814414889329	31.3857739907276	31.5287487791616	31.334530174624	31.3709153588366	31.3955526400229	31.3684118020408
2246.25	31.4885249516811	31.3764955695105	31.5417696620919	31.3794557101737	31.388113355544	31.5927247056635	31.3890919864853	31.5110938565138	31.4060668427545	31.2818875175658
2250	31.5663228635123	31.3356401978027	31.5746184436331	31.3314086946984	31.2947479447642	31.5745652707391	31.3554466009702	31.3840682389566	31.4893125921184	31.2729004935289
2253.75	31.3577942100493	31.2740613550475	31.4929904318472	31.3563887006055	31.2926807855664	31.4450427969517	31.3163783189563	31.2970667209706	31.4153001961048	31.2655150705925
2257.5	31.3124823559848	31.4491846872115	31.6814991895632	31.3855532343011	31.4231651709845	31.5415275937803	31.4061616475459	31.5323132525259	31.4742352885514	31.4444625447291
2261.25	31.3110671626665	31.502272129897	31.6645734917903	31.3529605530422	31.4545949088432	31.5291035260659	31.3954758669953	31.377749570687	31.4840850792907	31.3432755020185
2265	31.3941509446261	31.3443995169156	31.50956815947	31.3059741096068	31.2248689304677	31.5108515834342	31.2958497803024	31.3213567499336	31.5078658517736	31.2529919958644
2268.75	31.3833583017557	31.485151510817	31.4355612400002	31.3415565547126	31.288818271228	31.4224648109818	31.2896814374637	31.3244613713831	31.3698994496126	31.3284371647771
2272.5	31.4159712737765	31.4667771184834	31.5446237231199	31.3119211945702	31.4567419103184	31.4001898959492	31.5064750279409	31.1759652334018	31.4229831702913	31.3522724365341
2276.25	31.1895546284119	31.4386141967071	31.5380009048081	31.4133305720466	31.5388701257396	31.5572109674995	31.5065523472583	31.2752995975662	31.7895101910689	31.420666242694
2280	31.2424391110121	31.4450506042533	31.4595498400245	31.4016373397825	31.2949189656008	31.3901879931296	31.4601345275452	31.20751412162	31.5835150743182	31.3683576797698
2283.75	31.3081758473076	31.4588845282903	31.5198237916585	31.465394286745	31.2463513983924	31.1836057715718	31.3608228757497	31.2749879406145	31.5628951532837	31.4288991398828
2287.5	31.2072796334109	31.4466424968965	31.4739792761579	31.5199182577967	31.2828240436696	31.3748497834454	31.3523745014387	31.5696027362043	31.4329450989674	31.4115103142872
2291.25	31.216310824358	31.3530427171973	31.4914979417446	31.4867776687996	31.4488672640449	31.3794627014269	31.4060086402991	31.4049945825034	31.3929584159591	31.4497292453682
2295	31.1993755721372	31.4329146674998	31.4507808455901	31.3177297965902	31.5851347379425	31.3779667160678	31.3711787528395	31.3204663703973	31.4075312635319	31.5120083993184
2298.75	31.2666675527832	31.4125280236586	31.4604705448338	31.3927241421008	31.5227746170109	31.4037015881479	31.2587588265174	31.3223287199896	31.5555082639458	31.2300048081459
2302.5	31.3729430286457	31.5475668240896	31.6094556188636	31.3382268607994	31.4496100757828	31.3662437447423	31.350877748813	31.3302651709107	31.6470586174699	31.071701275341
2306.25	31.2255225302472	31.3061568520947	31.5944200269266	31.1666626830948	31.5419266980083	31.3765029783253	31.2218707275715	31.1904178084493	31.5614381593273	31.2166467297929
2310	31.2207268253665	31.1862939415403	31.4516694304307	31.1763522818461	31.5445356555853	31.4876995976029	31.1026646570121	31.213870076431	31.4923932730527	31.3506389038109
2313.75	31.2596694961989	31.2848080997398	31.5430809556611	31.2787046900405	31.5400031034873	31.5314159128579	31.2272597604271	31.4388599954116	31.5572587191248	31.2812314727335
2317.5	31.4503005212819	31.2433526289656	31.7504750320039	31.3635348850205	31.3548031184557	31.4896394576501	31.3308243418971	31.4491528993328	31.6803031950743	31.2996070227533
2321.25	31.3486230213695	31.1641760734204	31.6634348642008	31.4158930630927	31.5694038855698	31.2815951368296	31.2848096531336	31.4375293765155	31.6754158278951	31.4758884256256
2325	31.267179886706	31.187077086044	31.5272793170776	31.358776597259	31.3994817881752	31.2868525454316	31.3060040997361	31.3223151412775	31.6328455414236	31.4360668157153
2328.75	31.2818187219119	31.2599955595865	31.3549442141695	31.307588514867	31.3247241373919	31.5016167549776	31.1593184981806	31.2840840084351	31.7823051594067	31.3883509906346
2332.5	31.3644680387583	31.4020730682617	31.5325047102079	31.2966268441092	31.529789590169	31.3095420609716	31.1407133039572	31.1763890522554	31.6927147861541	31.4375344674633
2336.25	31.2462848630479	31.2983265687283	31.5902744518935	31.2955940124407	31.5508830291786	31.2566660505282	31.0893477515567	31.2918733099553	31.6095006543551	31.449387540211
2340	31.3525475746137	31.3800415408489	31.4482370010939	31.2262267389916	31.5348926988202	31.3420148114955	31.0678146530472	31.3837633656942	31.5755627651106	31.304338004121
2343.75	31.2241059095851	31.3104953342274	31.3409432674989	31.2210484063661	31.4127484081551	31.3057658840658	31.1514655115593	31.3432729352552	31.6135160526292	31.2272706591318
2347.5	31.2092487183137	31.3388720032723	31.5150581703055	31.2385247289547	31.3804643792894	31.2767448471115	31.24554756577	31.3692518137088	31.5953578759289	31.2644323708978
2351.25	31.2635854864861	31.336195946339	31.5780369573194	31.3423854335472	31.5088133602265	31.2225679481547	31.2169934907967	31.3863411010613	31.5422778215115	31.3156378768665
2355	31.2226464136352	31.3244792354028	31.5418659667599	31.2773212311702	31.6815736274927	31.2853387166753	31.126151414156	31.50176156027	31.5292869608927	31.3575932174812
2358.75	31.2927823070459	31.3555060622249	31.440125229441	31.418953883984	31.5502994450312	31.2907996094347	31.2577409290184	31.3377701103092	31.5341610267697	31.3357922804175
2362.5	31.2438662734345	31.336777529491	31.400892287157	31.3882167936606	31.3629213808231	31.1534341833589	31.3795307390637	31.3655671477449	31.5499006588977	31.4217801991011
2366.25	31.3829635621906	31.2767880295292	31.3656349182425	31.3886963963869	31.4704042509936	31.1728131572571	31.3074646714308	31.3766268048292	31.4863571920807	31.4311747978291
2370	31.3984688761248	31.1491416097877	31.6353422037865	31.4126654902793	31.4366687985255	31.3553443629386	31.294846705099	31.3241968321437	31.5174347751248	31.3911203688885
2373.75	31.3949023021834	31.2039092686303	31.5225595681121	31.2882460436453	31.4555206798671	31.3257971844249	31.1281097250983	31.4931829327669	31.5491189717013	31.2746051470619
2377.5	31.3838496312214	31.2557667274653	31.4889434380199	31.1940982205438	31.5168781476241	31.2913721351659	31.1655459465972	31.2519973709621	31.4756673392964	31.3506963286297
2381.25	31.4098634599114	31.2261627898009	31.3971723565636	31.2877544946621	31.3610054076946	31.3125022724242	31.3065014341715	31.0676181650306	31.4220814499739	31.4621568629118
2385	31.3818641494547	31.2417262279347	31.5351686720574	31.3858082974702	31.4000756845553	31.4522927489932	31.1861020285627	31.2533368941721	31.2522632379442	31.4611270010454
2388.75	31.4107528330134	31.1815490576347	31.5015601599346	31.4158246498359	31.3281018374936	31.5205781246614	31.3898702449958	31.3848524675161	31.4068531841291	31.2696672728416
2392.5	31.3177615450199	31.3673549731445	31.5594661161173	31.3609129752962	31.241800224688	31.4041573340364	31.3458698293452	31.3371833458812	31.4782705083654	31.1390725451192
2396.25	31.3168157981812	31.4133669796995	31.5411375151714	31.2771964405968	31.2137241696259	31.5363842021146	31.1916195755178	31.2138675092306	31.5227382285755	31.2474584713267
2400	31.2022138424386	31.4160785707955	31.6519739879791	31.3025044871186	31.1920824316536	31.5241005446669	31.2338117819043	31.178280129401	31.5072514505142	31.3424643993897
2403.75	31.1725028198283	31.4193269387331	31.475673097171	31.3420866315801	31.2254404482953	31.3105012653502	31.3609523376224	31.0683640185723	31.4916012797824	31.3101272122892
2407.5	31.3690481704233	31.4778686532	31.4123537044947	31.3053466168911	31.4284472824036	31.2133010143867	31.4425361877725	31.3027723678495	31.593532488118	31.4431054073372
2411.25	31.2319346272043	31.3624790849076	31.4928696091515	31.2379640090569	31.4341910662265	31.2232520776305	31.4698381397383	31.0954007663446	31.5216708811142	31.3629741294455
2415	31.362635222169	31.1598462305429	31.3738993345436	31.2086594887085	31.5083643082936	31.3983143772874	31.3515494519885	31.244543806957	31.4803360792999	31.2586576057866
2418.75	31.2179592590996	31.2861142288644	31.4574817657818	31.3173907490111	31.5599865212866	31.52849706089	31.4206565258675	31.2878698949942	31.418033821551	31.3450691598969
2422.5	31.2085313434552	31.3800659285689	31.5858023885946	31.2018745469499	31.5326272989691	31.4223530315346	31.3053993781462	31.2595864404774	31.4115190098856	31.5118468540458
2426.25	31.353803662564	31.443184305931	31.5406998241428	31.2930208958483	31.3377878229193	31.3350009419522	31.2161100182137	31.2635277098714	31.5320962027301	31.4307338505431
2430	31.3401566953561	31.3630412606285	31.5708127168605	31.3738790125093	31.3268707813854	31.3912646267165	31.3653471153879	31.239047687217	31.4964148782689	31.3632531710552
2433.75	31.3818687615205	31.174132523954	31.5939874203017	31.2995370323607	31.3117501353768	31.3331362655046	31.3167163724706	31.2928756347831	31.4307596429427	31.3013374506383
2437.5	31.3344300283004	31.2959056790891	31.6124965473748	31.3348967962986	31.2863571603062	31.2800940583823	30.9602008146419	31.3651125031892	31.4277965145321	31.3039984032616
2441.25	31.2165147253742	31.4387868639986	31.5382791492411	31.2052230726586	31.3397485370442	31.3039508676372	31.0893398788431	31.3028564345969	31.4214098843541	31.3659795292603
2445	31.3612840390547	31.277589195663	31.4498305783271	31.3336357782512	31.433077954618	31.2943580622788	31.4517418079252	31.2781158765711	31.453296003355	31.4060652389
2448.75	31.365888966768	31.2827163533862	31.5153729237846	31.3214214916198	31.4137109083187	31.3577839821661	31.5427816733058	31.3061342415363	31.3399039661523	31.3840195520491
2452.5	31.4427892483773	31.2468053194534	31.5485686017939	31.2293640730866	31.4343414678949	31.15354828205	31.3359024585424	31.274627077892	31.2642866742749	31.4393861420504
2456.25	31.4276413166727	31.3857905978984	31.3607719050414	31.137240279158	31.5089039087136	31.0890862874144	31.3220270197532	31.2110943170091	31.3570794755952	31.3425194560422
2460	31.3397987462444	31.365423342829	31.5285730552778	31.3273141695725	31.6311435013318	31.3442203599656	31.4675848175664	31.3244447034936	31.52082617955	31.2867982907344
2463.75	31.3774097373848	31.3064187106513	31.365273610804	31.3310553885168	31.4082214522895	31.1887391392298	31.3766839586499	31.4412656741271	31.5229270503707	31.2872275817221
2467.5	31.2720877091838	31.3651001926054	31.4203788513311	31.1899652391049	31.3825734941735	31.1910667677671	31.3450022485966	31.2955311109361	31.406712573806	31.3478523497052
2471.25	31.1717793876485	31.1395673722061	31.473262676805	31.2853093320655	31.3295143990193	31.2106354424156	31.3500005069846	31.304191241085	31.4333238670363	31.2859420495587
2475	31.3053847593651	31.2408930254132	31.4341060395464	31.2453974443533	31.2044819654734	31.2467469796979	31.1872412757411	31.3986471154243	31.4640509674367	31.1652324332467
2478.75	31.2510008721232	31.406123204475	31.3719119946993	31.3658119474053	31.3903032357877	31.2844914625461	31.27323967639	31.3677801715452	31.437452748272	31.3404443097085
2482.5	31.4737126190013	31.3555280555697	31.5707998709961	31.2113304593053	31.3697819673844	31.4438004634258	31.2511071667889	31.4179974544751	31.4846264891209	31.3266236881896
2486.25	31.5591744624758	31.1614787626468	31.6522599522967	31.2010332330465	31.3160348219578	31.5831428189394	31.2879803133354	31.3807805543335	31.5037572725523	31.3217336823955
2490	31.4854155703807	31.1247054907407	31.587808178013	31.2353326848034	31.369156266862	31.3505962721693	31.265159494153	31.3270016361986	31.5756821542706	31.3444935085473
2493.75	31.4018411960452	31.2314044624044	31.4061060528113	31.3096101214263	31.1663696297267	31.26034807299	31.1730704438149	31.3405845119712	31.6655780045598	31.2983520974675
2497.5	31.5841064164394	31.3195566253867	31.3588042797795	31.3393866084672	31.2065177002705	31.2476177992076	31.1611446547799	31.3444916731199	31.646780586489	31.3321812900793
2501.25	31.4607111841236	31.4171836070682	31.3850525146342	31.122882549841	31.3084506411637	31.3712733099721	31.1602548817648	31.404748510781	31.594935914331	31.3233599185626
2505	31.3665670089205	31.4507814799641	31.3785392455598	31.1207073670428	31.2677400289469	31.3035214668872	31.2927259905261	31.4130531600485	31.5181950172586	31.1382920470714
2508.75	31.261646893441	31.410243796295	31.4789104005227	31.2504722497744	31.3283435644169	31.4690344828003	31.4202760531441	31.3627403985187	31.4150908858396	31.2340780053029
2512.5	31.2980865893622	31.3535420355581	31.4820546938869	31.1532661635473	31.3506338547101	31.5404968351293	31.3626082815204	31.3893142919863	31.5580081780033	31.2383537219008
2516.25	31.3967646880024	31.3816431012065	31.4198871630273	31.1377858530966	31.3857407831388	31.4587094081262	31.2977563209973	31.4156167775057	31.4475789040624	31.2066969113256
2520	31.2098784172627	31.346474345807	31.2602945989028	31.2835670736025	31.3896858281993	31.2199058832503	31.2611286303523	31.3721758912954	31.3113050495721	31.3025727390124
2523.75	31.361050387194	31.3257207636718	31.1945579277245	31.2656242667609	31.5065863306386	31.2816835498564	31.2297289492154	31.569947222943	31.3674375052152	31.2505730959644
2527.5	31.4376596811153	31.3033373213072	31.160480624036	31.1513017562078	31.5347723283928	31.4969034857414	31.2900155384021	31.4816103118808	31.3834796885575	31.3194291880897
2531.25	31.4911134192804	31.3776084492794	31.3168210074678	31.2186322597296	31.4870613183792	31.3926119002167	31.3333697266334	31.4364248340381	31.3674216769633	31.2715833956783
2535	31.3611231271194	31.4241858224299	31.4813101252313	31.3166067017977	31.4259488475563	31.3248414536033	31.3306583745902	31.4152303134344	31.3896770053954	31.0311615777936
2538.75	31.4466646531076	31.3140767370455	31.4949966732256	31.2268175675388	31.3636567577389	31.4760088964875	31.3366236064945	31.4008047280299	31.4751061013521	31.0918599706309
2542.5	31.4261053663843	31.3577974398571	31.4493828671011	31.3534956338224	31.3180901746049	31.3487399751906	31.3629063469555	31.4053662159129	31.3775830070541	31.3498731761169
2546.25	31.2222826346041	31.3870159476918	31.4901893408782	31.2063248620341	31.4452035514203	31.3660717353736	31.4641986868979	31.196470861062	31.2700225158889	31.4431469652499
2550	31.3462984994659	31.2536729106247	31.5160720472011	31.0941193456877	31.3971341391186	31.4727380931664	31.4157870434441	31.1061738315443	31.2644675033839	31.4202605940522
2553.75	31.3149029515508	31.3431522965537	31.3465698890912	31.2449950814832	31.373536326697	31.2908025707855	31.3626494181012	31.2284478630664	31.2448192641678	31.2349287646792
2557.5	31.4291629558147	31.3895316248098	31.3303080923802	31.2043601495372	31.2602792225159	31.2051810427712	31.2763101404955	31.2499704875025	31.2328142467769	31.4016074671333
2561.25	31.2660931686659	31.3829631428564	31.4783556557862	31.2812178103751	31.4168385667796	31.3231358267522	31.2900626328779	31.2465466161542	31.5285767098349	31.3506655054083
2565	31.2615110464992	31.3009627891988	31.4146221601265	31.1961706101159	31.448209615708	31.1541410080411	31.3322370752675	31.3690542282704	31.3810498214645	31.3283157509488
2568.75	31.3616467932502	31.4289647805499	31.3533637372246	31.1747579035454	31.2766396814346	31.0983422173926	31.1867036210322	31.3377573834827	31.3434186874962	31.166170399292
2572.5	31.2586638803714	31.3887263380842	31.5225827934355	31.1765739956967	31.1832146360985	31.3093665088777	31.1901817990956	31.2548341977317	31.5107535525338	31.1825791849099
2576.25	31.1206382139234	31.3643278149066	31.5169721573571	31.2366214413593	31.308084056395	31.3657385133148	31.2938239598856	31.1205006955552	31.5608679738233	31.2354231758818
2580	31.3055868425945	31.2246728371352	31.5740871250752	31.2116818999929	31.3199217876063	31.2787530476334	31.1978975893685	31.0689537254593	31.3625107833867	31.3552263106881
2583.75	31.3960390556753	31.2112198103859	31.4936720033225	31.161369747029	31.4755357123337	31.2885207070151	31.1568120348152	31.2228034100393	31.4525090332333	31.462267686321
2587.5	31.3076864154015	31.1884534766328	31.4237412782692	31.2374732105493	31.2482041101023	31.3192911022177	31.3243798786875	31.399516460438	31.5789037761395	31.4821802700529
2591.25	31.320583016244	31.0583140762334	31.281584648011	31.1824959980572	31.2309660481586	31.2978811868115	31.3399413004064	31.4723938049757	31.4738289593539	31.4165038258411
2595	31.2563504481703	31.1995337735666	31.1965438197209	31.3202710969359	31.5017663490172	31.638291067386	31.3117006546362	31.4378357586465	31.6465377434762	31.3653306337411
2598.75	31.1742686442127	31.2617377300825	31.2920085340505	31.3866017178288	31.3368657332068	31.4024212154646	31.2523513570865	31.3584677669572	31.5738766891199	31.333945207366
2602.5	31.167580470148	31.3072450528304	31.2964302405702	31.3706963472952	31.3354810709156	31.3294970235967	31.2491070153643	31.369314202466	31.446257688479	31.1290440697989
2606.25	31.3504284450685	31.2449120116542	31.3219722482902	31.2495333725438	31.2740103964819	31.4538919055069	31.2899514564113	31.3031474064945	31.3103794068763	31.257527906152
2610	31.3632912967112	31.0929702562839	31.2659126927119	31.2938931578338	31.3271321056536	31.3353138457516	31.2600194111579	31.182117534159	31.2275385184386	31.3491050380716
2613.75	31.2545279363717	31.1287915211137	31.3138208287248	31.2469662611135	31.2332384018217	31.3976968268167	31.081583385329	31.0978990080591	31.3468076784557	31.4198916202125
2617.5	31.0839500924121	31.2192263330336	31.2660098524595	31.2180974083883	31.4148355070157	31.5139389936699	31.1551052971353	31.2529313901339	31.3719391050079	31.4451124684293
2621.25	31.0977265019504	31.1695665387505	31.3645292249811	31.2440345986192	31.4975788816734	31.4421799802997	31.100594546456	31.315727608806	31.3941055260645	31.3952297530163
2625	31.0240190594937	31.181331648429	31.3243662923738	31.2209419187729	31.3349663213062	31.4219484218275	31.1471408242601	31.2839192117169	31.3912527159049	31.2998591563592
2628.75	31.2520177877605	31.1273449356139	31.447062542625	31.2137169169909	31.3650905752817	31.3708879565765	31.4443590235918	31.2774929956779	31.2741165243054	31.3217838376601
2632.5	31.2267611746315	31.2068880244297	31.4153135396562	31.2571848999935	31.2502107084284	31.3567181076328	31.4310152812794	31.2848839394926	31.5409236141542	31.4509468649965
2636.25	31.0897999121199	31.299163792985	31.4241104997536	31.2557722609168	31.2825018742139	31.3414367103509	31.2861509929536	31.2236461502067	31.6247200684511	31.2570676458048
2640	31.2826178479936	31.3629966269159	31.4613322963516	31.3283035269405	31.391841854372	31.4664792163562	31.2685748398857	31.04938330977	31.6169113088286	31.2720998243216
2643.75	31.3004326269385	31.3707810137976	31.5531274323524	31.4239126513816	31.3331747309367	31.4906697064463	31.1584414878894	31.1031892660684	31.4723139999383	31.3093146377955
2647.5	31.3334714888746	31.103501364557	31.5592778077199	31.2669550728145	31.2923213601705	31.2705212286503	31.074649762756	31.1637726290609	31.5324087582126	31.2440215604753
2651.25	31.3307377233518	31.2216789428007	31.4646019721388	31.0951183395049	31.2717380690523	31.128560891017	31.1163746729071	31.0277259537205	31.4501448650619	31.3475835876764
2655	31.1833020418044	31.3812394874004	31.573082376398	31.1158844317817	31.5079272163024	31.3081174876084	31.191543335793	31.107585777296	31.3518140813875	31.3563785998976
2658.75	31.2560677238876	31.2076916519531	31.5771102924991	31.2761786766648	31.5000061071982	31.4315817951263	31.234821268665	31.3342096901869	31.3962880841762	31.4708977783709
2662.5	31.4114460163604	31.1636841762114	31.4569854131461	31.2406299117939	31.3208302541116	31.3387936256801	31.2158782903307	31.4944128988902	31.4476764051582	31.1211296609433
2666.25	31.4312410048235	31.3648783746083	31.3831300664236	31.2013644339833	31.4074824850648	31.3171083443739	31.110931209424	31.500535042362	31.475832475628	31.3196010313226
2670	31.2845400151444	31.3038284890354	31.3468760732332	31.1443070014272	31.4328490913726	31.1850042562672	31.2552456636792	31.2921058408853	31.3830369097691	31.4010583711656
2673.75	31.1043700292447	31.2452173080101	31.3679741379739	31.1583114811547	31.2780186614317	31.3054517911241	31.302648177445	31.349719109075	31.372604404523	31.3975663927277
2677.5	31.0688635112399	31.3795065205039	31.4507083406922	31.0808006577624	31.411481298141	31.302120694974	31.1514083427306	31.1499409382525	31.4751621970289	31.4459322800145
2681.25	31.1949161170729	31.3769846774774	31.4121264305439	31.011730838788	31.4736089897821	31.1637954178384	31.2815763843913	31.1120224726877	31.5902680716728	31.4462873538879
2685	31.1743247683262	31.3384641952224	31.4943322892824	30.9286458592785	31.2578704443786	31.3617638265742	31.2687374600158	31.0833611456632	31.4935776918955	31.5470650321652
2688.75	31.0824990792284	31.2540352450235	31.3840700092951	31.1202722432472	31.2454821166593	31.4387701646363	31.2402830632653	31.0825774084998	31.5522944048376	31.3457380294624
2692.5	31.2188103127272	31.2200895319382	31.4106131885751	31.2029511726967	31.4612229511532	31.3009560748756	31.2554690001165	31.3293821122622	31.6259794424034	31.306302556332
2696.25	31.2808714041431	31.2319823528859	31.3006688745524	31.2373493679123	31.4215209939784	31.2351626860461	31.1870878769144	31.2136597693797	31.4834595488783	31.2292021434707
2700	31.3966261357853	31.1493505872009	31.2925490945212	31.2553726649798	31.1507007735792	31.1804671449763	31.0992178660554	31.2560493480802	31.4884753650882	31.2621827718438
2703.75	31.1075978703999	31.0714473620995	31.3575415664719	31.1237067726452	31.2932479040975	31.3656604367503	31.0806630893551	31.3187881116453	31.5609464348338	31.3726654216011
2707.5	31.2451187881687	31.206166403474	31.2526230461643	31.2137722944189	31.3880810334441	31.3532683789255	31.0285221988788	31.1810207532321	31.5276146963296	31.3727248695989
2711.25	31.2773915211737	31.277054375356	31.2698114801925	31.2572299876889	31.3487403829451	31.3133061003326	31.0601794269629	31.3042653451442	31.5944844819825	31.2359188481659
2715	31.2517657759047	31.3121644509119	31.3442717536383	31.2206107302677	31.5241583504511	31.3472771895843	31.1276278726661	31.2432590705709	31.536691606514	31.2011023471591
2718.75	31.5318732741773	31.3093489560474	31.4288834707996	31.2732521235464	31.2979729876106	31.1948684001253	31.213891995967	31.2462319964803	31.4312363289017	31.1710120518194
2722.5	31.3425106487313	31.3582787432189	31.349457301388	31.4529935742594	31.1225724815072	31.1839509465809	31.2453790532884	31.2542434202307	31.4930254614523	31.2891884034568
2726.25	31.3039840506018	31.4280474149451	31.3336523564824	31.2682416164719	31.2176075682799	31.3753072699463	31.2637041838015	31.1922455157927	31.5859664610629	31.2472018232273
2730	31.1508257220105	31.3853412931675	31.2436719190135	31.1750459808448	31.3226384874892	31.3810959047831	31.2957057633409	31.2781652576985	31.4729239758123	31.2497797706861
2733.75	31.1122685939866	31.3909389618763	31.210586394363	31.1092026085427	31.5494203611597	31.1745917891664	31.2099431630374	31.0850093872049	31.5024399138467	31.1929531378284
2737.5	31.1042627839433	31.2713930392443	31.3159803821204	31.085511282125	31.5413255030173	31.2588792898811	31.2803335491762	31.1916358813329	31.3766027825474	31.1241362000202
2741.25	31.2469516337481	31.1363965088613	31.2402748971914	31.2221246886272	31.4643927911604	31.2276449047842	31.4356556362178	31.228341601357	31.3519475635188	31.2246049098375
2745	31.4509021966105	31.2264633543329	31.358715202351	31.289272123798	31.3061698676706	31.1502317650777	31.2380945495258	31.2639594913516	31.4559961920526	31.2824850565033
2748.75	31.4152613728611	31.1526087895483	31.4023825377039	31.2620403685785	31.2774305641271	31.3320791075617	31.1656535312157	31.2921211325868	31.3843546518327	31.1905267563072
2752.5	31.2478261026227	31.2140405112062	31.2881639304754	31.2113600297343	31.1571426542446	31.3260000439911	31.2638100472282	31.2803704155977	31.3599371586261	31.2578569894343
2756.25	31.1910640737395	31.3643610045028	31.3862606166199	31.194956893656	31.1946207748154	31.1880188894668	31.265782448033	31.2403793304398	31.2870364522728	31.2731438076048
2760	31.4950536955884	31.2573479172163	31.351590596159	31.1931092392712	31.2992289003996	31.3291364739197	31.2013443726736	31.2227372630812	31.2122529534323	31.2740701585627
2763.75	31.4866121162679	31.2564078180735	31.2440675165529	31.2677631141837	31.2598025164157	31.4083417661252	31.0972745478518	31.303330411461	31.4049765435482	31.350100530432
2767.5	31.1456460421737	31.3056513131751	31.3765055346373	31.3937074956107	31.296164928584	31.3630924891505	31.3109868324815	31.2194413192235	31.6349791400399	31.2292470838127
2771.25	31.2274874424682	31.4266063969654	31.4892890463935	31.2876859149091	31.2342104731894	31.2889998645744	31.360934730361	31.3700335531923	31.3977995019995	31.3196328843587
2775	31.4407069248969	31.4084469760904	31.4792465678576	31.199100964828	31.2888373993465	31.222270040217	31.2360637929107	31.3005747539648	31.2938136756362	31.3088167334071
2778.75	31.3217551839565	31.3180905853324	31.4817333715761	31.2055145437058	31.5404823119666	31.3479820618048	31.2897017418164	31.1047011950265	31.4281480537424	31.4035593464083
2782.5	31.1836387861416	31.2984827169966	31.4439329936751	31.1195862428944	31.5577272805062	31.3427853286718	31.297856517041	31.2378959602764	31.357476897099	31.2758071412902
2786.25	31.100957237115	31.1904694440661	31.5083025595948	31.2449794939683	31.3120312506758	31.2839033079718	31.2108302393961	31.2763457637588	31.3818275412281	31.2959236053808
2790	31.0933112111383	31.2142645695122	31.3612379676218	31.1679871365902	31.2193009512856	31.2825851279362	31.256658051343	31.2252053722716	31.3706518847928	31.448716555316
2793.75	31.1794161868363	31.3240683116983	31.5062601385311	31.1105639805712	31.2042538086598	31.2999912071768	31.1191774424366	31.2768258313188	31.3251875475268	31.345413352919
2797.5	31.3623021418171	31.2250098159685	31.4025201702187	31.0332108120512	31.3287574501972	31.1635189155914	31.0200830708844	31.1409689377658	31.481399882083	31.3350322211906
2801.25	31.3180217844906	31.2957842254611	31.2482690026519	30.9956981046596	31.3750805436771	31.2358358138798	31.0740406094924	31.1522114371507	31.4587129138171	31.2785433640197
2805	31.1685487250637	31.2440837072871	31.4138381901421	31.2932108577041	31.4056153513752	31.273700259417	31.1382090593632	31.33828333557	31.5106227459215	31.2008790110271
2808.75	31.1462896802808	31.2107203818775	31.397888145355	31.3633830896724	31.2902496255838	31.181825042197	31.1992905315356	31.3685504548349	31.4882797571531	31.2928739956248
2812.5	31.0335341914178	31.3394781465208	31.4494605006999	31.2045282257571	31.2467132385286	31.2610771390007	31.1008975266056	31.3528550676623	31.3736550584761	31.315848266505
2816.25	31.2378288956128	31.2069365391303	31.4177743014834	31.0573663113213	31.186956148332	31.1780077318357	31.1797719153402	31.463125301733	31.4293154532329	31.2327142058005
2820	31.4188877214988	31.2435451969585	31.5158136262069	31.0403202254462	31.1870831838461	31.3705243510724	31.3048871589263	31.3717519267496	31.492460556095	31.2752549372979
2823.75	31.246713680342	31.1803752925375	31.3198717999281	31.1498693276475	31.3054799340107	31.3687377813553	31.1538626655237	31.20369238571	31.5100797073473	31.1799744017938
2827.5	31.2950898765582	31.1945059297291	31.4005336783309	31.2851624861454	31.1565550855382	31.2794068455602	31.1109502904206	31.2873932981897	31.573901085691	31.1382180795992
2831.25	31.219036919168	31.2807407223096	31.2912701282	31.3843166459098	31.2355688801252	31.2776699514232	31.2146364548281	31.4787649810499	31.5391217011251	31.1006329645258
2835	31.2736534367406	31.2352897670839	31.3938965416209	31.2752011378798	31.2295025628368	31.2193055826935	30.9271830379401	31.5050114736442	31.2330367255575	31.1943131847788
2838.75	31.5456401167085	31.2672832025049	31.6221709855505	31.3585858160677	31.259776258408	31.2352982202187	31.1200665144358	31.2715494221881	31.1141461895733	31.2683705927246
2842.5	31.5445235023242	31.3271266258379	31.1846416534316	31.2684963253702	31.3960930866542	31.2496629155647	31.3316279587306	31.2640925610916	31.3809632934156	31.1876218897063
2846.25	31.3884460304456	31.4172252913525	31.2496389649041	31.2309506677643	31.1952244572047	31.3375351243815	30.9139460060226	31.1686204606502	31.3379953890177	31.1352427145545
2850	31.2986858695101	31.3833565575281	31.3262400409411	31.3809525255349	31.3539856551021	31.1771450722357	30.9107746071314	31.1498824171165	31.2881519790593	31.0716771691477
2853.75	31.3072283803883	31.4410945345672	31.3632695071131	31.0731479310252	31.598436710093	31.1513436832668	31.1192560360805	31.1081105800518	31.3610335603828	31.2736239862804
2857.5	31.2163858451834	31.3301246846457	31.3566120479082	31.1771154006792	31.4174373317047	31.3296778284823	31.1953057124339	31.050881722582	31.2903984307968	31.3885694337137
2861.25	31.1901630356753	31.1565958569637	31.229010173832	31.2693093769634	31.3774837053565	31.3860852554682	31.1947069881169	31.2468937814329	31.3740073017177	31.1070523419479
2865	31.1196108230263	31.1698637222329	31.2152310720438	31.1657356801887	31.2532057028773	31.31870083886	31.2583779543707	31.2735633060961	31.3038189784176	31.1653620819997
2868.75	31.2252014961605	31.1258429762003	31.3276336165782	31.2375095625881	31.1607197442795	31.3688164601242	31.1245491814961	31.3869438504014	31.439349903048	31.3905272177865
2872.5	31.3649349988321	31.3372275481477	31.2721330568263	31.1523050164816	31.2679110523255	31.3768188637732	31.0586006153871	31.5250661584732	31.5056151656671	31.2577104322495
2876.25	31.314533418048	31.3104581329734	31.3260412355919	31.1834163642878	31.2442193037515	31.3341708809325	31.2550224386713	31.4016738034618	31.258878808708	31.1739749160126
2880	31.2998286276133	31.188304476663	31.4749187310251	31.4012314482299	31.2551143735848	31.4408696742628	31.224565596599	31.2512843434706	31.1389479294795	31.1736779715652
2883.75	31.2288949516047	31.3915998061997	31.358521181203	31.3449226193013	31.342381332861	31.5440976393844	31.3503363642763	31.3763804187992	31.2322008848459	31.2411278258109
2887.5	31.1491191493515	31.3447249510022	31.4596537273127	31.2362300993021	31.2389532599358	31.5131932822027	31.2769724521849	31.4422177307497	31.339238153452	31.0769037210158
2891.25	31.0788537574216	31.3154913371588	31.5785021566193	31.1397141217486	31.3628345516707	31.3080050656737	31.181064526676	31.1803732681379	31.4564860478912	31.0661405989326
2895	31.1099339020952	31.2867108497068	31.3616627955956	31.0893239537381	31.3943621179514	31.3830456689801	31.3075200963973	31.0564278348551	31.5881825849322	31.20133066256
2898.75	31.2419252754406	31.2481851342946	31.2240497632773	31.1215290615739	31.2577691666506	31.3623349796628	31.1602272454179	31.3326221058443	31.6838233505234	31.1673195568118
2902.5	31.2737232452055	31.2602686066232	31.3515196370346	31.0915121992924	31.4164590618808	31.1513996290233	31.0974109279648	31.2749051557476	31.690956462214	31.3474163454014
2906.25	31.3236370065769	31.1647620282867	31.2963287231233	31.4034963974975	31.4911152423661	31.2004673389381	31.1163790903978	31.2384623158647	31.6854798542807	31.1795675691275
2910	31.43709664176	31.2364567257569	31.301314636373	31.3829291195762	31.5120583258811	31.0402269821202	31.0408866642254	31.2710662217916	31.6859110114107	31.2007045908887
2913.75	31.3013726129635	31.2804500790931	31.2998781876856	31.2218729141244	31.2993013631088	30.9191694021858	31.1039919351749	31.1080891992671	31.6185787861675	31.4249550463021
2917.5	31.3159685664427	31.1224910345748	31.4192655717726	31.1752128216691	31.3380772950521	31.2377107862278	31.3723115027066	31.2882148593003	31.5011516897791	31.242351785524
2921.25	31.4721262208344	31.0590230767137	31.336805138806	31.1624625032273	31.5200104985469	31.4248551710747	31.2451217777261	31.1603319603592	31.3532833822	31.1727097415737
2925	31.4428454236317	31.2155605515654	31.3079379809495	31.0490902483084	31.3369336340704	31.3362805660048	31.1797517998294	31.0557367621608	31.5532668940592	31.2864767454084
2928.75	31.2691877633818	31.4467780000603	31.5474735800221	30.9712668161132	31.2102613459792	31.2389411242685	31.3075089053086	31.0394180336773	31.4070953125045	31.2387945268695
2932.5	31.3042717942387	31.4972109553766	31.3071453962649	31.106055426238	31.2800777647392	31.3010200561117	31.3032383184321	31.0600585196125	31.4727485069857	31.2871793097628
2936.25	31.5041599317362	31.3572999127961	31.3435002287574	31.0304382803307	31.2975170624683	31.419853594909	31.2282563710164	31.2000553366897	31.5708708659974	31.5617564010362
2940	31.2850479594075	31.3681270158576	31.5395176694836	31.2098576323668	31.3279793765909	31.3117377215445	31.2052496451654	31.2186438906922	31.4833528631503	31.3616785512716
2943.75	31.1447055530044	31.2862152037295	31.5369144629222	31.3450564013043	31.2995395830214	31.2958772863906	31.321930433992	31.2035611112111	31.6831933580097	31.2302328081836
2947.5	31.2582201816169	31.2427337683275	31.4178564009	31.3347392170531	31.2676091512884	31.2303481807373	31.2452090909188	31.1510309887506	31.4745186004214	31.31781417887
2951.25	31.3472744990268	31.2826555474244	31.432172642881	31.2262241814147	31.3650242055838	31.1997411403403	31.3635077747227	31.259006234868	31.4453329111358	31.356873620253
2955	31.3757884239926	31.1568958959122	31.5758492819444	31.2653580125652	31.2180492300568	31.461656624687	31.1876130787431	31.3402029401305	31.4783470147502	31.2692776452028
2958.75	31.2587080499619	31.2309440022489	31.5450533533283	31.3593450046083	31.3658196617754	31.3062058703721	31.1155797974479	31.329557891579	31.4251217134038	31.1233379303023
2962.5	31.1514894096896	31.2701821659174	31.3166885876021	31.2478858474257	31.397221032022	31.1772237501575	31.2286068993705	31.2163541199338	31.422248222728	31.114176914153
2966.25	31.1719451655718	31.2141656701746	31.2203320587326	31.1507888449389	31.3323357387431	31.2232533169566	31.04252128303	31.2525881718621	31.4940208038679	31.2269753135736
2970	31.1384456754195	31.180713756889	31.263266927861	31.0170620032612	31.4858192537284	31.0615338842862	31.0298863446194	31.2127597283132	31.5761189912023	31.3548205996615
2973.75	31.1963217749414	31.3641241597361	31.3199728275591	31.1106637921051	31.4086221114979	31.0681001276457	31.1267400531305	31.191415860224	31.5884656049263	31.0974430184922
2977.5	31.3596604979994	31.4519006931892	31.5009834209719	31.1792283584244	31.3760760861886	31.173009716158	31.202631876967	31.1432342740417	31.5732162167743	31.2853713936257
2981.25	31.4126361069502	31.2029997819438	31.3918430958869	31.1609609205982	31.4128661639744	31.3211579169987	31.1890326173798	31.0789400429516	31.5224167760246	31.2739776002136
2985	31.3503000734505	31.2537170484574	31.4660073276504	31.2614147684788	31.4202919871931	31.3281267128856	31.3370019295853	31.33527495464	31.3785585645027	31.0202428693068
2988.75	31.1689953059924	31.452125295665	31.4184232210686	31.4168330810309	31.3390968163735	31.3946910922342	31.2392085852601	31.3400481018924	31.3129163736638	31.283570152516
2992.5	31.2024956043443	31.3874903894253	31.26268278436	31.2727973840312	31.2218030740828	31.3432320191105	31.2421568979058	31.2341460820792	31.3836126451697	31.4540418591482
2996.25	31.2003593676265	31.2729089231381	31.2783133039695	31.1450672862281	31.2390259815961	31.163617344283	31.2934435970012	31.2073946627649	31.3152319494677	31.414196796153
3000	31.1856921674729	31.3514838671407	31.3386890197732	31.2522500822385	31.3816881593359	31.2755965420673	31.1446057238401	31.2739177770217	31.5555771957135	31.258971390827
3003.75	31.3568847284607	31.2618097873485	31.5487791426664	31.3955867586977	31.3757583207027	31.2570777919484	31.0890039528358	31.2602505526104	31.5640416540584	31.3975231601493
3007.5	31.3299879509597	31.2211009030786	31.4477457024968	31.3506009661936	31.3336670645715	31.2837671566152	30.9773584587895	31.3204570183145	31.4427494117387	31.3491801195647
3011.25	31.3231167522933	31.2736681759389	31.4381686569596	31.1583280809264	31.1672595969798	31.2355586818774	31.1055681241397	31.4149442658375	31.585976517299	31.2772272786712
3015	31.2954200223588	31.1776305764513	31.5631811117168	31.2911498240323	31.2736354376705	31.2379114050719	31.0923257193044	31.3572861794286	31.3909867206552	31.2436719118447
3018.75	31.2300044099352	31.214984743414	31.5467719603157	31.2798636098259	31.2736638142492	31.3669731100678	31.0595822064671	31.3697964944703	31.2524778308939	31.0783882840303
3022.5	31.221634447862	31.2930192143509	31.4073692713426	31.2260720823093	31.0611865520207	31.3801562577511	31.1648097147219	31.3130225043679	31.3140906461025	31.1142240332474
3026.25	31.2534477246826	31.3189180757961	31.4453462910378	31.2513461160625	31.323257368659	31.5018659506632	31.2427840310959	31.3220199163507	31.2782403706768	31.1073530507022
3030	31.2907488321194	31.255858570724	31.4571745121217	31.2485873942141	31.2701554556677	31.3808299772372	31.3254286838948	31.4261874515637	31.2270455173672	31.1202775973228
3033.75	31.0735674817711	31.2373945790773	31.3717093495639	31.330869813441	31.1713723552485	31.2320322850492	31.2302345794211	31.5263796418857	31.3043075475278	31.1079637479969
3037.5	31.1698752296881	31.223415908959	31.4758723872709	31.4140662172758	31.1029381003488	31.1938389842699	31.163510314329	31.457521488104	31.4118281040823	31.1092520637525
3041.25	31.3123528323032	31.2022728699683	31.3824557189485	31.4383716830019	31.3097240510045	31.32599007943	31.1730634573068	31.3651647937002	31.4138113286964	31.1859968203529
3045	31.0966651934707	31.2732089421665	31.4994647462854	31.3158337408932	31.5260321579916	31.4214310523693	31.2209945212357	31.3397946986044	31.5157199705419	31.211278064662
3048.75	31.1136790156054	31.1367021466825	31.6167003705639	31.2204806822436	31.3461578385338	31.3500604081169	31.1044628916046	31.4012401925194	31.4280732722073	31.1701200685867
3052.5	31.2573510090642	30.9902418030409	31.3399771844032	31.089309499954	31.4650508220213	31.3828890242369	30.9563462685596	31.3339525407902	31.3580019784723	31.3965798456493
3056.25	31.2638231591528	31.2015519071554	31.2689780801078	31.1055467252103	31.4771923184786	31.1472257273549	31.1691503444147	31.1984145748902	31.4430139817434	31.4326669117644
3060	31.0273285151772	31.2955264490496	31.3157199748694	31.0550226699589	31.437991007904	31.1755079864501	31.258721766287	31.3008976317406	31.3866212574937	31.3212155528711
3063.75	31.0726461750006	31.2661030533606	31.3780247169288	31.0732133171795	31.4187240903983	31.3601766527783	31.3328691485859	31.2135386194752	31.6340542472212	31.329971405573
3067.5	31.260936622005	31.2645578780334	31.5113356863684	31.2136311296676	31.4432503399265	31.3835979690955	31.4504607308074	31.2283982762312	31.5337159178148	31.204552989873
3071.25	31.2364809364339	31.1730114288913	31.4949321232049	30.9984855237929	31.3680568170837	31.3557809498555	31.2396852847892	31.4211046033058	31.4919566543746	31.252556542358
3075	31.2840423517502	31.3093386023751	31.4387250034872	31.0108460263477	31.3133398149386	31.27022074314	31.1316925503621	31.3063132575663	31.5795064745192	31.1622128861045
3078.75	31.2296109478673	31.3250103381543	31.3178691253566	31.0755481792795	31.4549052563021	31.4075704164116	31.0692375291796	31.2139150484421	31.4306741887143	31.2130890783474
3082.5	31.228010519563	31.244218084422	31.3097171379756	31.1006513482891	31.5383867193272	31.2360744315735	31.0963447668811	31.2701196124434	31.639843779578	31.1289255986596
3086.25	31.2686111750891	31.1984350230002	31.4253746102023	31.1805281259216	31.5716408460858	31.2000528655815	31.1318375960936	31.0375094695434	31.5302412198852	30.9927908537938
3090	31.1476223574689	31.2583366337499	31.4579181914439	31.0431298082414	31.4960062318583	31.2542653184724	31.1168916290994	31.0684981445733	31.4944723769662	31.305131143418
3093.75	31.021589342554	31.4700446643081	31.3886639757408	31.0723933907137	31.4430324222435	31.1844328974521	31.2364446442875	31.3348245772261	31.4101608210191	31.3308676081009
3097.5	31.205687926858	31.3546983661884	31.4080135666765	31.1527413967246	31.3860233222117	31.3403763830985	31.2943750324014	31.0929749480429	31.2358026335324	31.3263800453516
3101.25	31.367297996403	31.2666542224147	31.5913417013975	31.3285846713673	31.4901623659703	31.2086716046191	31.311145563295	31.069003601294	31.4392490103432	31.2476535753929
3105	31.3164241983565	31.2330408593015	31.3918895606071	31.4704678001992	31.5219685170346	31.1686320604955	31.343223014785	31.3269571004662	31.4405476267343	31.1653667996312
3108.75	31.2098628385172	31.1637842233192	31.3505855483315	31.2197930175915	31.4603295742326	31.1459600824903	31.381631922266	31.3304273678336	31.4075754309253	31.4889956093547
3112.5	31.1173541611865	31.2913019715982	31.4073297186622	31.0118484902732	31.2909967435037	31.2598443165589	31.4442805057782	31.3255941944496	31.5424083208438	31.4530029439523
3116.25	31.2257075012871	31.4258828522396	31.308292261048	31.1150243309613	31.1769923621673	31.5171224568352	31.5087660152308	31.2931979190086	31.5870497790728	31.1821944389126
3120	31.2200078948307	31.4129508173563	31.5901343981917	31.2370888769297	31.3563742851855	31.4609640253082	31.2251311654862	31.1468735194788	31.5660658154279	31.264539660964
3123.75	31.2065623326092	31.212924125928	31.5955107905832	31.0841636092841	31.3481825483654	31.4438180233258	31.0384456316453	31.2439969205896	31.5204896114775	31.1895609641465
3127.5	31.1592236051295	31.1801319695773	31.3232611862902	31.0409215396503	31.282342204383	31.2652262649319	31.0819948522814	31.3436334139084	31.3536446363096	31.0438070270645
3131.25	31.116867070008	31.2850600039105	31.4853788140308	31.1283130305734	31.1106852849565	31.3517669561131	31.1698947715061	31.3204916184201	31.3675682652666	31.186973338128
3135	31.2922871643554	31.1421549384906	31.4556314546741	31.2084440230229	31.2170826517127	31.4225193729241	31.2712579103549	31.3369008397035	31.4531759602068	31.2751067861395
3138.75	31.4523344357966	31.1928429955215	31.1023641187057	31.3382087011271	31.3753946720538	31.1749761970583	31.1891402941918	31.2249065048758	31.3492960763158	31.2092553296649
3142.5	31.3421441399055	31.2376740419585	31.3094284536563	31.2322091841671	31.2343931840457	31.2529206968108	31.3035998868374	31.2454328751743	31.1771410919185	31.1289714779653
3146.25	31.2516306656647	31.0924077018849	31.4820757987012	31.0594607640064	31.1882584115931	31.2932804600965	31.2552273939653	31.206678097558	31.4336583168646	31.1053450856636
3150	31.3253423565084	31.0979494461957	31.4654360994438	31.0958963403258	31.2063408324787	31.3807730190182	31.2177285104481	31.2134305678582	31.5959504712754	31.118867205635
3153.75	31.2349423873969	31.1077299301779	31.4097530763948	31.2764929778793	31.4572121309419	31.3866942969418	31.1733403932043	31.3093494636412	31.3024299214562	31.1764351410493
3157.5	31.2297146268491	31.3240115559057	31.3817818033106	31.2547549245477	31.3568122782189	31.3314768537596	31.0311593153335	31.1763881331659	31.323672225521	31.1959919885842
3161.25	31.0137054867673	31.2898865820511	31.5368981566791	31.118625448129	31.2831219491744	31.3308663577604	31.1497743697626	31.0957006849533	31.2016604906508	31.2309005965919
3165	31.0492884456811	31.1808311735243	31.4146892701638	31.1087373179485	31.6114869268007	31.189330145453	31.2590805084666	31.125156447925	31.1828828318229	31.2809543448946
3168.75	31.2675898964276	31.3211075608624	31.550030183472	31.0963430584585	31.5763354344245	31.2520308956673	31.4230402756463	31.3094534177952	31.3690256041764	31.1888859379979
3172.5	31.1379802900655	31.2943331185688	31.5063596764863	31.1221180548655	31.2972490312937	31.2762395131486	31.3207971951401	31.2627762291647	31.5553204502441	31.2145816142718
3176.25	31.3616840026071	31.3303579645916	31.3534922717598	31.0998358054544	31.2892917305092	31.37872519003	31.2281915103438	31.2431164973239	31.5957595035094	31.2959142967439
3180	31.3762489303059	31.2812376250675	31.4017037098737	31.0585731124112	31.488234914026	31.3691685625801	31.2544894261813	31.4533540285914	31.4171199835436	31.258693057872
3183.75	31.1764580914421	31.2329588687561	31.3795710361303	31.0150194809321	31.4390450230904	31.277473923412	31.1409712601762	31.2460397328199	31.5135231497408	31.3163910197386
3187.5	31.0499830604904	31.1551197334726	31.4697467288648	30.9977745565921	31.3409086407598	31.3109835501479	31.0966280968089	31.3208838606416	31.3919605789441	31.3488333556407
3191.25	31.0437831902534	31.1392830338593	31.3843850641766	31.0641797704333	31.2026273561675	31.2255835363316	31.1036899944546	31.4656556195195	31.3631069638984	31.4252659274932
3195	31.163751472041	31.1715848957691	31.390167771282	31.0618280931985	31.1384620295154	31.3203538703134	31.1909923460212	31.3048223704577	31.4565078394983	31.4042323371387
3198.75	31.190223916215	31.1528768072919	31.3044237138549	31.0687338715876	31.3217430751251	31.0637044045877	31.1682110390096	31.4680089513171	31.3892769374921	31.1173662818906
3202.5	31.3579767109957	31.2943047671279	31.3412809358942	31.1618011947713	31.3388466868789	31.0536590831003	31.1382441078237	31.4833916963707	31.4590849087784	31.2619459274294
3206.25	31.3461738311767	31.1861235546085	31.5412359718325	31.1868743738514	31.1997557063093	31.4062823650964	31.2193303281321	31.4468437650549	31.4395453388699	31.3610708675736
3210	31.3227525654183	31.1340045481561	31.5473464899664	31.1094864744297	31.1589764661477	31.3550027085193	31.2639210977086	31.2025694283142	31.3343199892557	31.2869895936712
3213.75	31.2962299505092	31.283741187422	31.5046975199774	31.242315782353	31.1374212408394	31.3222601288174	31.1593243431296	31.070524169764	31.3294704188776	31.4629331347322
3217.5	31.2798499043096	31.2227006414265	31.4940700049502	31.3643452995365	31.1288062848015	31.2663128483451	31.1185861292748	31.4364561602876	31.4149892335991	31.2916782848213
3221.25	31.3846007995818	31.1234761866006	31.5525406667561	31.2740609423864	31.209570126406	31.34984517064	31.2399886257467	31.2491922652092	31.387414815581	31.2648425972275
3225	31.2298410005068	31.2524998123429	31.3802628143026	31.3306951936085	31.1418788517631	31.2504902363951	31.3351455965827	31.2312021591723	31.3328726284894	31.3133056914449
3228.75	31.098806521069	31.1492421532277	31.3902303005441	31.2734386234516	31.2667337796822	31.2776411854313	31.4304824179096	31.3596054545076	31.3946095170136	31.3363119129736
3232.5	31.0552736069553	31.0906800304446	31.2980944955602	31.1450674899678	31.383934358296	31.4496756624698	31.4204375085119	31.1616855679016	31.5341908553287	31.5834094551204
3236.25	31.1793385211424	31.3746555013058	31.2283159588716	31.148995523384	31.3671698721665	31.2566115443737	31.3194023600439	31.202480044963	31.4554853053633	31.5172272599794
3240	31.3859630071159	31.2207752307364	31.3678747108093	31.1438626300505	31.5298092383983	31.3248709320906	31.1894869148318	31.1988022437456	31.3976275765703	31.4182365190922
3243.75	31.2149323729465	31.1825893509488	31.2800344530432	31.2146476033024	31.3504120258863	31.3750017698392	31.1130343035327	31.2753137684679	31.4555395276173	31.2723935761666
3247.5	31.0153622221894	31.3179563409061	31.5277647505677	31.2501425163115	31.2948653330452	31.3578764047842	31.1655085349832	31.298684335005	31.365940480869	31.1860975034188
3251.25	31.1876101216582	31.2955653164815	31.5057710558135	31.3138666313309	31.3529261844621	31.3223844908133	31.2834236354964	31.3501886058363	31.4916409221588	31.3445020030707
3255	31.430442153473	31.2548396919841	31.3803316109487	31.314033405622	31.2795116522296	31.3651753019677	31.2884940276648	31.2808889660726	31.5203102560649	31.3703556342023
3258.75	31.2784661618221	31.2420603944775	31.5555654077409	31.4024432019658	31.3640707574681	31.2562305261563	31.2110994401779	31.1628707232601	31.4226627868813	31.3391868564809
3262.5	31.1173047011302	31.2752506992226	31.4126799502733	31.6201563394121	31.2512188433086	31.0089149597544	31.2709089403925	31.3440667655855	31.3964865303031	31.273309125387
3266.25	31.1902439204366	31.1246384424055	31.5386667379588	31.3563803184312	31.1748207288037	31.2475585753282	31.2833411714728	31.1613516204607	31.3120897260211	31.1587554730417
3270	31.0404070180389	31.3506510102851	31.60206750784	31.1739145962321	31.2077073640739	31.2961461230846	31.180814858191	31.0835611501561	31.3676642144142	31.1586389314066
3273.75	31.0737348596742	31.4891010661498	31.3512640204004	31.2640871547099	31.2348932178021	31.2829480005619	31.2267961812921	31.1679854280121	31.551391947342	31.2961721845706
3277.5	31.2039756628971	31.3269379203835	31.451215459125	31.3175977709244	31.4080503031254	31.2852025225648	31.2291374083163	31.2479083058271	31.5448978967809	31.3704547250943
3281.25	31.0789612087388	31.3620325281851	31.4670607397816	31.3227220351342	31.3069618924979	31.3435166806072	31.1632984683285	31.49679439463	31.3782782602625	31.3559326331444
3285	31.2345660395434	31.4033468350062	31.4102076658658	31.1240651221951	31.1721741431017	31.4899880788554	31.3351529606964	31.5070003351609	31.4441277166591	31.3663249883589
3288.75	31.26156146697	31.4544658885545	31.3689281579647	31.0107780490021	31.4255812706669	31.1424631683132	31.2821165981141	31.3935485287348	31.4838869537356	31.4237297798724
3292.5	31.1473488214114	31.313541137318	31.3450060983539	30.9950786267324	31.3419201273928	31.1682427776969	31.3151975190139	31.1816046202897	31.3412145331189	31.371705736997
3296.25	31.0892690053319	31.332928389605	31.4953287115254	31.2368278384734	31.1400326515658	31.3107051026977	31.3017499582153	31.1154443777211	31.1928153257815	31.1770741566999
3300	30.9914114871602	31.3110692506937	31.383359014258	31.3033907274387	31.2938402453251	31.1031281966968	30.9569540520439	31.2361379937464	31.3234240974532	31.1828774903757
3303.75	31.1590642617601	31.1851059165663	31.3950193803545	31.0553350586982	31.5253029416775	31.1741453158578	31.1520858508715	31.3875360926679	31.5643501712006	31.3586341163444
3307.5	31.1773275175714	31.3109475235374	31.3962187394879	31.1195513532863	31.6013217096977	31.2207226274907	31.1209473335377	31.5355350292297	31.5803955431273	31.3984903565295
3311.25	31.1742135567259	31.1640890826629	31.3605254125218	31.126362873011	31.2983864142208	31.1904630053985	30.9929111514717	31.5478800077776	31.6410046964483	31.3061303845067
3315	31.2603249710173	31.0283369858425	31.5038853405986	31.166628541042	31.2645837235331	31.1980176304899	31.0468844916062	31.3890229099083	31.5372913285441	31.2242286264569
3318.75	31.2310966229498	31.2514306049853	31.3535722950278	31.1927018682944	31.3513943859661	31.1086758385431	30.9988425526829	31.1247418039442	31.487440024492	31.1451571996054
3322.5	31.2473889545306	31.4230495719355	31.4527352880096	31.3025598144518	31.3375193991961	31.1034438667543	31.2790256790765	31.235244357192	31.5385323921699	31.2383751731466
3326.25	31.1410503012435	31.389389658634	31.4906977873196	31.4772054820179	31.4600026704397	31.0924681487136	31.1740400053817	31.3417104000217	31.4897139357914	31.3098987172256
3330	31.1104715171492	31.3684328291517	31.260868444945	31.1589937630777	31.4326023508584	31.1470041913343	31.1304896473388	31.3179920922071	31.4988494191063	31.2231819368357
3333.75	31.2092744183365	31.3104830039015	31.3206490298638	31.0147032569845	31.4737348742295	31.2932095009103	31.2779994612797	31.4858080627304	31.5622341961163	31.2909486324911
3337.5	31.2192783790756	31.2422070231363	31.4102965408507	31.0722562675953	31.4037589444279	31.2164762401592	31.2938200751953	31.4219479252104	31.6814557717639	31.2760391481888
3341.25	31.1819844974981	31.1975728907034	31.3691268450834	31.0403108318315	31.324692580593	31.2556216900877	31.3964023234076	31.2913728656236	31.5138653892855	31.3140276009463
3345	31.242250310597	31.2630234836806	31.4172442589837	31.1142010545205	31.3497001928581	31.3404416871291	31.3447022361016	31.3035636606935	31.3680526532363	31.2865340416256
3348.75	31.2433076399318	31.403968754996	31.4775467898599	31.1426350390491	31.5216076227432	31.2855881846059	31.3403197356078	31.3697427030084	31.3365060831762	31.1800179499348
3352.5	31.1022690572241	31.2702008505374	31.2889565994333	31.000199426116	31.6001792247742	31.2694875727573	31.2480378115682	31.2927258932483	31.3358781536324	31.3321821590155
3356.25	31.2503631798721	31.2688049191552	31.3779484925895	31.0218344835701	31.261981578071	31.1520789963904	31.3286080460453	31.2579011847533	31.3892609239807	31.2606715885147
3360	31.4541311330852	31.2751713528667	31.4523670278524	31.3523411915238	31.3370331392628	31.1504110920665	31.3413100167451	31.3767825910772	31.2329167155382	31.2640988412416
3363.75	31.3788529292505	31.1705610155997	31.37893111708	31.4073033625782	31.452976693937	31.2985218059613	31.1373027305278	31.3446697827963	31.4393778486785	31.3228041296042
3367.5	31.3496350983828	31.2189012613349	31.439665288341	31.2969231016043	31.2729575907761	31.4278314354473	31.1596409854289	31.3915124920407	31.644304074482	31.146097186016
3371.25	31.4347564408836	31.2846719713464	31.2670231123452	31.2849704861692	31.2284607047337	31.3997223162003	31.1877214396174	31.3805821925416	31.4571075353356	31.3058296619505
3375	31.3977027811884	31.3255899475369	31.3779388781329	31.3189415252784	31.3132396328777	31.3218065462195	31.1984301859668	31.2976886206914	31.408352909567	31.5605781158233
3378.75	31.2883574925018	31.1631567442413	31.5965590030667	31.3773560774448	31.4086303744395	31.3368683338382	31.2159277781254	31.2533370100402	31.3930641197837	31.5904885273421
3382.5	31.3285798883427	31.1856084775351	31.4758426732076	31.2529758766879	31.3601518861969	31.3634387524833	31.3942741147294	31.1953345139065	31.5050136995426	31.5668111051345
3386.25	31.2699709065577	31.1854468027182	31.2345993778727	31.1357610542973	31.3034597522572	31.4083143160644	31.3509061482608	31.2180156613802	31.5529457342832	31.4851462750687
3390	31.1207983921312	31.1268602345034	31.1434525048489	31.1395146367839	31.1745668962048	31.1901813049281	31.2233466551861	31.0832661379456	31.4049496350054	31.4433200613162
3393.75	31.18179766798	31.3115439869726	31.2234453293002	31.2279308204396	31.303583426194	30.9568926286174	31.311152634566	31.1498239942247	31.4448012195666	31.423812886886
3397.5	31.1748011988035	31.2361811167531	31.3454892897105	31.2793671384751	31.4326410701409	31.0544528285425	31.2277744660963	31.375489973015	31.6288154526871	31.4041305811065
3401.25	31.1561122394914	31.2339299085443	31.4834307444506	31.2221469951321	31.3448181477551	31.2500972788589	31.2316284997814	31.3000043324518	31.6204898042594	31.3718630655534
3405	31.3621057250424	31.3099224806055	31.3275937690697	31.2212453457021	31.3975687614375	31.3234508667647	31.3720445283738	31.3558550663097	31.446740111256	31.2962649025506
3408.75	31.4749391475131	31.2401448244649	31.25317672237	31.2747343682344	31.200025283872	31.3112689555448	31.4278262851243	31.4621736618311	31.4227094437754	31.3939981990229
3412.5	31.4884124668139	31.2376155027505	31.2696134751658	31.2996552602614	31.2259325791242	31.2889671515255	31.3446173783723	31.3782867230042	31.4049110552917	31.2875995659459
3416.25	31.4948830637777	31.3518939589512	31.2976130122166	31.2095783972116	31.4204716592113	31.2633477415109	31.4164209672709	31.2929461990706	31.3663123460142	31.081845121898
3420	31.29865311776	31.3667301393855	31.3899254715159	31.1310986789384	31.3959425279807	31.2243452200923	31.3890231756144	31.2517723302215	31.331820026391	31.2843088356585
3423.75	31.2362804660599	31.2138021459529	31.2082712003229	31.1077451766536	31.5366033601073	31.1816629290084	31.2274126359396	31.3136704795288	31.3539524260106	31.3652764199356
3427.5	31.3882304784466	31.2561584356796	31.1305313742155	31.0121702470848	31.4229005772703	31.2647403353217	31.3409026809166	31.2469933296207	31.3900979577785	31.3093868119585
3431.25	31.2560705799783	31.2248536413454	31.2733355422102	31.0803186033015	31.1727326528746	31.2511325792652	31.2721313646179	31.2153092274123	31.358504174718	31.4191175217471
3435	31.0688336592396	31.3674801356233	31.3437970959127	31.3278375411479	31.2010484778383	31.2260117173894	31.1820784745486	31.3900877730777	31.5092937916553	31.4586933836052
3438.75	31.0721019717365	31.5103578121609	31.2767106123508	31.3990491955882	31.4059747714806	31.2413635418615	31.31699729699	31.3301217962115	31.4369095698631	31.2970402426382
3442.5	31.1712736067336	31.1692702407582	31.29519310904	31.3029032623918	31.5063343825115	31.2394444250201	31.3542708007519	31.2432151729403	31.4035163638951	31.3031973820231
3446.25	31.2300053638411	31.1688848525965	31.3229993459457	31.2687912877586	31.3820664976061	31.5420116967777	31.1239529138786	31.2269630151346	31.5718538076146	31.4266462810416
3450	31.1786354043079	31.2495712860107	31.4648503725454	31.3683904773215	31.425796965799	31.6405300351899	30.9800768262203	31.1529124304838	31.6594856448341	31.217472398682
3453.75	31.1480366985735	31.1850273328665	31.6389440448154	31.2858500464454	31.4014162663125	31.358516416167	31.0610850156691	31.1625178805505	31.6610728900649	31.0239221558084
3457.5	31.1567115405263	31.3354353535191	31.3398139983525	31.138624208415	31.3132050241507	31.3098777561789	31.0126722368143	31.1477469486364	31.3360526874857	31.004355248007
3461.25	31.3371466147005	31.3686204815216	31.2943837717366	31.1871339983229	31.5217309971151	31.3261967017153	31.052452364477	31.2933737735524	31.3820818858443	31.1253370933188
3465	31.3088724006311	31.3588227697264	31.5487870380402	31.098625722948	31.6134521499224	31.2468825177772	31.1595938156537	31.459434359043	31.4253934525002	31.2685443034409
3468.75	31.2384199227687	31.3340145235367	31.3951595216737	31.1484354655799	31.3894831400717	31.3055656054193	31.1346533399739	31.3493381365672	31.2749435334886	31.1823453976782
3472.5	31.2908712054739	31.2834598501418	31.280956157822	31.209740456107	31.3419935218818	31.1926544111844	31.1330325632809	31.293240082472	31.3588181719496	31.0597237426947
3476.25	31.0674486655703	31.3431675370574	31.4735178632396	31.1040771907416	31.422110945035	31.2199373942991	31.1672960055003	31.2796689953078	31.37965922641	31.1483545679129
3480	31.1432771456925	31.5040683970938	31.4243021691633	31.3115383099414	31.2749866398394	31.3574117831485	31.2388801742609	31.3513598128242	31.6039704459358	31.2903813943332
3483.75	31.2499831291628	31.6206834546979	31.2613516914537	31.3863394680205	31.3895399418628	31.1339597920142	31.3289953226942	31.3815052480512	31.5821263647861	31.3474174433162
3487.5	31.1651945315659	31.3629347332978	31.3513821224703	31.2071539680514	31.3630178910741	31.1900941829627	31.3314858261332	31.184111096435	31.5151227231163	31.3382709110925
3491.25	31.1973345219028	31.1327940726268	31.3306147513857	31.2519351424716	31.2629994070763	31.2906530783038	31.1861360779633	31.1936062885839	31.5048656572858	31.3233439070623
3495	31.2890060660402	31.1870136765601	31.2721214865476	31.3766979734563	31.4977688563737	31.3786708744596	31.1433690981534	31.1371797729378	31.3268535341056	31.4142895539511
3498.75	31.4866248172209	31.2429259100693	31.3851191373076	31.3794271291928	31.4870976518464	31.4992303989912	31.2820749907257	31.1300107128394	31.5525095251418	31.3430167876542
3502.5	31.4340706868748	31.3892013276384	31.4198361390245	31.3632241585519	31.6072468563384	31.2952689611814	31.3394869585254	31.3206256086968	31.7187983553412	31.3086559002614
3506.25	31.3851807415877	31.5284779913833	31.3875009317201	31.2125023438273	31.4114796802811	31.2665528911706	31.412004468618	31.2346396060682	31.5901238556541	31.2682388416872
3510	31.4093430719775	31.4717199466041	31.3605373882334	31.1497612501317	31.2750081237833	31.3103470769149	31.2335748067888	31.2134919082199	31.5283714099986	31.2567665962636
3513.75	31.336308261808	31.3166935547872	31.3803968430374	31.324936032212	31.467853113928	31.2498698398948	31.0273627607635	31.1404190642902	31.5383161103326	31.3169438316255
3517.5	31.4015915792274	31.2178220774468	31.4012538812081	31.240546256983	31.2363262861304	31.3501011159525	31.2819445007329	30.9532767100021	31.4916204348495	31.2823400100245
3521.25	31.389612766196	31.2560968007438	31.2854288266413	31.1648994869877	31.3253132906466	31.4574577895093	31.3670856043349	30.9975552014209	31.4569813857181	31.4803257483199
3525	31.338973911273	31.2404194326641	31.405764190128	31.1585855622335	31.2760839415195	31.3737361931823	31.2412144993815	31.222169840675	31.5330785691241	31.2942578341514
3528.75	31.2833320730365	31.2166898355003	31.5805217845995	31.0011631055059	31.2089657947301	31.26841875429	31.1812104902928	31.2747913950935	31.5133419397686	31.1827037854004
3532.5	31.2285385091124	31.2239413444954	31.5840895768687	31.0680950432399	31.5476359761944	31.3045346309805	31.242213904477	31.1081856959105	31.4330110574604	31.4345191220975
3536.25	31.3072748757735	31.053380246428	31.4632355681693	31.1417739840692	31.5896982515954	31.5111069745694	31.3280118299888	31.1325330506634	31.4398309536494	31.3849051016732
3540	31.2235218044898	31.1355635468879	31.2853991331976	31.1476244804277	31.5681518024958	31.3391551434279	31.3461635989028	31.2287393995832	31.4261144403881	31.2420710001388
3543.75	31.2092126419555	31.2255304385117	31.3879369987452	31.3713463120493	31.45206101777	31.0278668763672	31.3269170283116	31.2179321270716	31.4885343944426	31.3131559514229
3547.5	31.3294392593677	31.0755106117443	31.3741111562441	31.3646499358587	31.3410950874624	31.2203809430449	31.1985699538065	31.1729606283688	31.5556299939879	31.5333669179832
3551.25	31.170966793286	31.2841882163099	31.4715267504752	31.1783559791942	31.3487142501953	31.2722340775023	31.2023123016876	31.2049402386517	31.4347818429564	31.3423729859017
3555	31.0884144224004	31.3418152776731	31.5944632237179	31.2024539994967	31.3812017899409	31.2207853347168	31.3006386354688	31.111382272066	31.3194247048299	31.2653406703606
3558.75	31.2436292581278	31.2981981469984	31.5241977875287	31.2369103648657	31.5621714030797	31.309040063205	31.3856952982073	31.169614654055	31.2876083088867	31.2522164828586
3562.5	31.2342504991474	31.3915205034962	31.5025683858213	31.2895487098237	31.5514719009268	31.3025015473175	31.2816005181367	31.3321426377353	31.4078343032478	31.0807821913947
3566.25	31.0374695622498	31.3322263527366	31.3706820461699	31.2901560135154	31.4306552156057	31.3273848481913	31.2880523011762	31.1030522428586	31.4768843890571	31.2169455216279
3570	31.1348626540647	31.4604838588157	31.3567352710139	31.1938613257352	31.3161949763751	31.3709261597402	31.3864798956022	31.1036561438768	31.5306355382516	31.2704828907259
3573.75	31.3006334947636	31.4124697396896	31.3089519418231	31.2445375683833	31.1825882228017	31.3527163957821	31.3351153939693	31.3153089386594	31.6345978244894	31.199758333126
3577.5	31.3120391757565	31.2882433728484	31.3458497432691	31.4094440943021	31.3415407308066	31.4167045931478	31.3190031958454	31.3947996723716	31.5268140502834	31.2596375451316
3581.25	31.380130433301	31.3950099122128	31.3646573582625	31.4116752639565	31.3797637952938	31.4599278146413	31.296783565871	31.3647050124869	31.5366395256204	31.4395611954923
3585	31.2447371114206	31.2622136028039	31.2941678471861	31.4191228860837	31.2508749352971	31.3751936764248	31.4300187018084	31.3322149808669	31.6555104299168	31.4894182651591
3588.75	31.1320719067864	31.1338279266048	31.2579378394284	31.3216025553008	31.3321795110589	31.3459735094399	31.4595130502929	31.3820158900481	31.4857852602886	31.3699924581879
3592.5	31.1692511093292	31.2377888837513	31.2461910958759	31.1527173358664	31.4058426676326	31.2666533873116	31.341204195141	31.419052104789	31.3390451521006	31.3459649943665
3596.25	31.2000687028526	31.3165715830988	31.44422406654	31.411052656667	31.4498920640638	31.2581864011101	31.1940564906204	31.4191134961633	31.4915851690018	31.4402902172802
3600	31.1764981802979	31.2763073469243	31.4923749913735	31.4243729596726	31.4620607508398	31.2183962560143	31.1175887046649	31.3381346041052	31.56500383617	31.3676496590834
3603.75	31.267213712458	31.2641785900161	31.4194567451344	31.2419282566626	31.4238195574727	31.0136905896138	31.1060965495264	31.3107775949868	31.4950688809525	31.3082609718679
3607.5	31.3829873641844	31.3687898874619	31.3924278864731	31.2880095414827	31.3080116470967	31.000823640278	31.1896341953042	31.2933290927509	31.4665535387999	31.3283877627871
3611.25	31.2171071637089	31.3589723741606	31.4055064861153	31.197131691101	31.157161326545	31.147838254063	31.3384445392761	31.2821596971806	31.5471979267558	31.3356211858207
3615	31.1519151792342	31.366371825658	31.5242452848504	31.0714915510109	31.2080988549115	31.1849949857095	31.3462459960654	31.3814588654142	31.5694087995769	31.4884373192079
3618.75	31.204758949526	31.3973701420407	31.5243237248687	31.0136736412041	31.355017716193	31.0653293950041	31.2654222572423	31.4002421627359	31.4684735667114	31.393222129215
3622.5	31.2814733135768	31.2030253057674	31.3112060782675	31.0924240556181	31.2866772109972	30.9404736984109	31.0638895654261	31.2689315112325	31.5350417962264	31.222617280205
3626.25	31.2758085856223	31.2137101720628	31.2466597932424	31.2459167389715	31.2047843237245	31.1968417587012	31.0983476122516	31.3169983586667	31.5884278992803	31.2003867536586
3630	31.124151043737	31.2931573569417	31.3836139206482	31.3022285924761	31.2995362517027	31.5582691113934	31.14100153287	31.3018872286229	31.4395828212297	31.1538254629733
3633.75	31.2052444830798	31.2268223789171	31.5185872111248	31.2365221523023	31.235288099099	31.4409031244904	31.1748018658617	31.239244345823	31.3505504094742	31.2047630544288
3637.5	31.310788565074	31.3341400690174	31.5045071549362	31.1778178080293	31.1407981035644	31.3502134149549	31.3497906491787	31.4984207812235	31.4041792117666	31.3857089371126
3641.25	31.3077511215575	31.3233335418974	31.5464803786478	31.281143657885	31.3788028769878	31.3529498718898	31.2700247565307	31.6121288179541	31.470958321563	31.3734864441403
3645	31.3515868213821	31.3558957583204	31.6704641525071	31.3738567194696	31.5167983034742	31.2764080419515	31.1148624417545	31.4777267837973	31.6455150314614	31.0942879517678
3648.75	31.3296459536008	31.391872763293	31.5558809413667	31.3047280831755	31.3987489647734	31.3273695537595	31.2273854830281	31.3702274751928	31.7544412086778	31.0373623345537
3652.5	31.4844317320585	31.260970465256	31.4578182775491	31.2043341586617	31.4315145019739	31.4311258716232	31.3187512044048	31.3648049344224	31.671083236676	31.1516654806842
3656.25	31.4341443482559	31.3294610685331	31.4798352356821	31.1000526543096	31.4218571156152	31.4571557875217	31.2804590006357	31.2896081475553	31.620775454599	31.2252788893254
3660	31.160550081614	31.2692779875716	31.5537773983774	31.1490157274901	31.4509449210062	31.4165703576228	31.4218695339332	31.2302101421328	31.5867643952691	31.2840956926329
3663.75	31.2635435580527	31.3103844510817	31.5316957183445	31.0750186085719	31.5029769347251	31.3698166562548	31.3736028876729	31.3120977906785	31.5131863741937	31.3248411749114
3667.5	31.2227492480314	31.3343832821164	31.5599387550373	30.9523839680379	31.3381996328843	31.4376163928084	31.1886649847325	31.267365753833	31.4817463042931	31.4612098769622
3671.25	31.1191741861969	31.062230611844	31.5402818722979	31.041711314668	31.2728018691489	31.4784738009784	31.1740461242427	31.2140812193017	31.491362424295	31.4663432210105
3675	31.1471983438874	31.1584622043601	31.4451432349078	31.0038578438723	31.3713926449795	31.232945403649	31.2576492742957	31.1669940480192	31.5587064080914	31.3154103647793
3678.75	31.1528364926262	31.3921378939101	31.3853496071125	31.1707700357798	31.4890097551321	31.1695053636033	31.1663030144949	31.1462082888747	31.6212932222282	31.2457885762254
3682.5	31.2269532233887	31.4171546721989	31.3288808486337	31.2034595543888	31.4742292826787	31.3050257185482	31.2324361223342	31.4208873401961	31.5661909346204	31.265030889085
3686.25	31.1880715569856	31.4011926595483	31.3691584466787	31.1381094018646	31.406323444182	31.294036937391	31.373195127974	31.4224067820497	31.5336782926568	31.2947022875635
3690	31.2141140120235	31.3269645949001	31.2985115372391	31.2859467159541	31.4344661762309	31.1150796865475	31.2488350486019	31.1604748280257	31.5203230467741	31.371803364313
3693.75	31.2525879898511	31.1406924587612	31.4895904855856	31.2598314194747	31.3665017220106	31.0787674068715	31.3082225837408	31.1638003626644	31.480255810654	31.5744486326098
3697.5	31.1282507267546	31.1386371517415	31.4577859636994	31.2692702067959	31.2763513957075	31.2329459352593	31.1271809884389	31.0896588201397	31.4943134302549	31.515867725527
3701.25	31.1926288668906	31.2608003257101	31.2164460133746	31.2490540443556	31.3899015282763	31.2343525057106	31.0039129240937	31.088345967711	31.5463940525879	31.4284122558904
3705	31.3454622241305	31.3464343474043	31.3207696624409	31.238539504763	31.3322612236312	31.2426845866373	31.0397552675792	31.251407337695	31.514561277156	31.3695854804027
3708.75	31.2914717080514	31.4974261652905	31.3308500277327	31.3578033234684	31.1668793923671	31.2290701461321	30.9545667844102	31.3341849718317	31.6439538904268	31.250091273755
3712.5	31.2892647658503	31.416360725945	31.512800790598	31.4206463692816	31.3029267202359	31.20826195185	31.1109569311147	31.2067222504196	31.7097826574815	31.3446110980871
3716.25	31.2395210198549	31.1669958167902	31.5038158131431	31.4263629235556	31.4781061220145	31.2076034389344	31.2106647238897	31.1478551752167	31.5551493632102	31.3323627352496
3720	31.2373406787564	31.1086247456812	31.2124534156289	31.4020517040309	31.4344235130025	31.2393107258646	31.2772232605128	31.1834751981736	31.4465116737459	31.2858139145396
3723.75	31.4276944420557	31.1541772587119	31.2779311046369	31.3136502940575	31.3894359764185	31.3874641426922	31.1627685054662	31.0914899296718	31.3063676300054	31.2391129796776
3727.5	31.511290972217	31.2830325214517	31.3618435102998	31.1694022260215	31.5098671999502	31.4769187804166	31.0904261439156	31.2674799603661	31.3310335386926	31.2936465513746
3731.25	31.5217548045736	31.4259731312964	31.4112695358562	31.0541110277649	31.5438612043899	31.4375163567895	31.3314644867866	31.3857600574967	31.532323843475	31.4652426195655
3735	31.5548489542202	31.3964987659597	31.4230147580361	31.0878305111877	31.4372473156424	31.3200303218889	31.2944367799204	31.3408040496606	31.6254795763856	31.4640450287348
3738.75	31.5830575288785	31.4377795245623	31.3779096946641	31.0902603716896	31.3852128879726	31.3174177661555	31.2518445668583	31.4464291024812	31.4320573636915	31.3986318573079
3742.5	31.3610803130469	31.2966643138188	31.3469619681835	31.2027227889696	31.4998727807651	31.4431375401973	31.2525735515306	31.3418341273235	31.4005062123137	31.3690091745075
3746.25	31.2525044101963	31.2691159515165	31.2594832277836	31.3321477424836	31.4783002137644	31.3988034723352	31.0956127664822	31.132761489693	31.4289766434796	31.347703748722
3750	31.3507384404593	31.3061556135113	31.4091020134587	31.2451996949137	31.4091539787541	31.258353640513	31.0628589531467	31.3088018251001	31.4580268862161	31.5015620662447
3753.75	31.2322465132426	31.2354506367629	31.4990320240117	31.2891927975392	31.4339940929141	31.2702330402935	31.0979782654675	31.4489915899645	31.5582003721847	31.4978924622776
3757.5	31.2615164086095	31.3961984932999	31.3851645212576	31.182443800309	31.2984375732449	31.266919781438	31.106911930219	31.3114346094456	31.4776456206775	31.3166305024504
3761.25	31.3500999255968	31.1971109176576	31.3895320591413	30.9885611343103	31.339743844205	31.3587917184647	31.2454603173391	31.356592971216	31.3700220924989	31.4095638882094
